24-07-12.10:11:31.945 [restartedMain   ] INFO  App                    - Starting App using Java 1.8.0_292 on LAPTOP-E3F5BO7F with PID 20920 (G:\project\springboot2\rs\target\classes started by ASUS in G:\project\springboot2\rs)
24-07-12.10:11:31.947 [restartedMain   ] INFO  App                    - The following 1 profile is active: "pro"
24-07-12.10:11:32.174 [restartedMain   ] INFO  DevToolsPropertyDefaultsPostProcessor - Devtools property defaults active! Set 'spring.devtools.add-properties' to 'false' to disable
24-07-12.10:11:32.174 [restartedMain   ] INFO  DevToolsPropertyDefaultsPostProcessor - For additional web related logging consider setting the 'logging.level.web' property to 'DEBUG'
24-07-12.10:11:34.051 [restartedMain   ] INFO  RepositoryConfigurationDelegate - Multiple Spring Data modules found, entering strict repository configuration mode
24-07-12.10:11:34.055 [restartedMain   ] INFO  RepositoryConfigurationDelegate - Bootstrapping Spring Data Redis repositories in DEFAULT mode.
24-07-12.10:11:34.121 [restartedMain   ] INFO  RepositoryConfigurationDelegate - Finished Spring Data repository scanning in 28 ms. Found 0 Redis repository interfaces.
24-07-12.10:11:35.856 [restartedMain   ] INFO  TomcatWebServer        - Tomcat initialized with port(s): 8082 (http)
24-07-12.10:11:35.873 [restartedMain   ] INFO  Http11NioProtocol      - Initializing ProtocolHandler ["http-nio-8082"]
24-07-12.10:11:35.875 [restartedMain   ] INFO  StandardService        - Starting service [Tomcat]
24-07-12.10:11:35.876 [restartedMain   ] INFO  StandardEngine         - Starting Servlet engine: [Apache Tomcat/9.0.65]
24-07-12.10:11:36.044 [restartedMain   ] INFO  [/]                    - Initializing Spring embedded WebApplicationContext
24-07-12.10:11:36.045 [restartedMain   ] INFO  ServletWebServerApplicationContext - Root WebApplicationContext: initialization completed in 3869 ms
24-07-12.10:11:39.713 [restartedMain   ] INFO  OptionalLiveReloadServer - LiveReload server is running on port 35729
24-07-12.10:11:39.753 [restartedMain   ] INFO  Http11NioProtocol      - Starting ProtocolHandler ["http-nio-8082"]
24-07-12.10:11:39.807 [restartedMain   ] INFO  TomcatWebServer        - Tomcat started on port(s): 8082 (http) with context path ''
24-07-12.10:11:39.826 [restartedMain   ] INFO  App                    - Started App in 9.625 seconds (JVM running for 12.165)
24-07-12.13:09:20.854 [restartedMain   ] INFO  App                    - Starting App using Java 1.8.0_292 on LAPTOP-E3F5BO7F with PID 23808 (G:\project\springboot2\rs\target\classes started by ASUS in G:\project\springboot2\rs)
24-07-12.13:09:20.858 [restartedMain   ] INFO  App                    - The following 1 profile is active: "pro"
24-07-12.13:09:21.228 [restartedMain   ] INFO  DevToolsPropertyDefaultsPostProcessor - Devtools property defaults active! Set 'spring.devtools.add-properties' to 'false' to disable
24-07-12.13:09:21.228 [restartedMain   ] INFO  DevToolsPropertyDefaultsPostProcessor - For additional web related logging consider setting the 'logging.level.web' property to 'DEBUG'
24-07-12.13:09:23.265 [restartedMain   ] INFO  RepositoryConfigurationDelegate - Multiple Spring Data modules found, entering strict repository configuration mode
24-07-12.13:09:23.270 [restartedMain   ] INFO  RepositoryConfigurationDelegate - Bootstrapping Spring Data Redis repositories in DEFAULT mode.
24-07-12.13:09:23.330 [restartedMain   ] INFO  RepositoryConfigurationDelegate - Finished Spring Data repository scanning in 21 ms. Found 0 Redis repository interfaces.
24-07-12.13:09:25.156 [restartedMain   ] INFO  TomcatWebServer        - Tomcat initialized with port(s): 8082 (http)
24-07-12.13:09:25.186 [restartedMain   ] INFO  Http11NioProtocol      - Initializing ProtocolHandler ["http-nio-8082"]
24-07-12.13:09:25.188 [restartedMain   ] INFO  StandardService        - Starting service [Tomcat]
24-07-12.13:09:25.189 [restartedMain   ] INFO  StandardEngine         - Starting Servlet engine: [Apache Tomcat/9.0.65]
24-07-12.13:09:25.422 [restartedMain   ] INFO  [/]                    - Initializing Spring embedded WebApplicationContext
24-07-12.13:09:25.423 [restartedMain   ] INFO  ServletWebServerApplicationContext - Root WebApplicationContext: initialization completed in 4192 ms
24-07-12.13:09:33.277 [restartedMain   ] WARN  AnnotationConfigServletWebServerApplicationContext - Exception encountered during context initialization - cancelling refresh attempt: org.springframework.beans.factory.BeanCreationException: Error creating bean with name 'requestMappingHandlerMapping' defined in class path resource [org/springframework/boot/autoconfigure/web/servlet/WebMvcAutoConfiguration$EnableWebMvcConfiguration.class]: Invocation of init method failed; nested exception is java.lang.IllegalStateException: Ambiguous mapping. Cannot map 'ywController' method 
com.dahaiwuliang.controller.YwController#login(List)
to {POST [/api/login]}: There is already 'userController' bean method
com.dahaiwuliang.controller.UserController#login(User) mapped.
24-07-12.13:09:33.413 [restartedMain   ] INFO  StandardService        - Stopping service [Tomcat]
24-07-12.13:09:33.498 [restartedMain   ] INFO  ConditionEvaluationReportLoggingListener - 

Error starting ApplicationContext. To display the conditions report re-run your application with 'debug' enabled.
24-07-12.13:09:33.768 [restartedMain   ] ERROR SpringApplication      - Application run failed
org.springframework.beans.factory.BeanCreationException: Error creating bean with name 'requestMappingHandlerMapping' defined in class path resource [org/springframework/boot/autoconfigure/web/servlet/WebMvcAutoConfiguration$EnableWebMvcConfiguration.class]: Invocation of init method failed; nested exception is java.lang.IllegalStateException: Ambiguous mapping. Cannot map 'ywController' method 
com.dahaiwuliang.controller.YwController#login(List)
to {POST [/api/login]}: There is already 'userController' bean method
com.dahaiwuliang.controller.UserController#login(User) mapped.
	at org.springframework.beans.factory.support.AbstractAutowireCapableBeanFactory.initializeBean(AbstractAutowireCapableBeanFactory.java:1804)
	at org.springframework.beans.factory.support.AbstractAutowireCapableBeanFactory.doCreateBean(AbstractAutowireCapableBeanFactory.java:620)
	at org.springframework.beans.factory.support.AbstractAutowireCapableBeanFactory.createBean(AbstractAutowireCapableBeanFactory.java:542)
	at org.springframework.beans.factory.support.AbstractBeanFactory.lambda$doGetBean$0(AbstractBeanFactory.java:335)
	at org.springframework.beans.factory.support.DefaultSingletonBeanRegistry.getSingleton(DefaultSingletonBeanRegistry.java:234)
	at org.springframework.beans.factory.support.AbstractBeanFactory.doGetBean(AbstractBeanFactory.java:333)
	at org.springframework.beans.factory.support.AbstractBeanFactory.getBean(AbstractBeanFactory.java:208)
	at org.springframework.beans.factory.support.DefaultListableBeanFactory.preInstantiateSingletons(DefaultListableBeanFactory.java:955)
	at org.springframework.context.support.AbstractApplicationContext.finishBeanFactoryInitialization(AbstractApplicationContext.java:918)
	at org.springframework.context.support.AbstractApplicationContext.refresh(AbstractApplicationContext.java:583)
	at org.springframework.boot.web.servlet.context.ServletWebServerApplicationContext.refresh(ServletWebServerApplicationContext.java:147)
	at org.springframework.boot.SpringApplication.refresh(SpringApplication.java:734)
	at org.springframework.boot.SpringApplication.refreshContext(SpringApplication.java:408)
	at org.springframework.boot.SpringApplication.run(SpringApplication.java:308)
	at org.springframework.boot.SpringApplication.run(SpringApplication.java:1306)
	at org.springframework.boot.SpringApplication.run(SpringApplication.java:1295)
	at com.dahaiwuliang.App.main(App.java:14)
	at sun.reflect.NativeMethodAccessorImpl.invoke0(Native Method)
	at sun.reflect.NativeMethodAccessorImpl.invoke(NativeMethodAccessorImpl.java:62)
	at sun.reflect.DelegatingMethodAccessorImpl.invoke(DelegatingMethodAccessorImpl.java:43)
	at java.lang.reflect.Method.invoke(Method.java:498)
	at org.springframework.boot.devtools.restart.RestartLauncher.run(RestartLauncher.java:49)
Caused by: java.lang.IllegalStateException: Ambiguous mapping. Cannot map 'ywController' method 
com.dahaiwuliang.controller.YwController#login(List)
to {POST [/api/login]}: There is already 'userController' bean method
com.dahaiwuliang.controller.UserController#login(User) mapped.
	at org.springframework.web.servlet.handler.AbstractHandlerMethodMapping$MappingRegistry.validateMethodMapping(AbstractHandlerMethodMapping.java:669)
	at org.springframework.web.servlet.handler.AbstractHandlerMethodMapping$MappingRegistry.register(AbstractHandlerMethodMapping.java:635)
	at org.springframework.web.servlet.handler.AbstractHandlerMethodMapping.registerHandlerMethod(AbstractHandlerMethodMapping.java:332)
	at org.springframework.web.servlet.mvc.method.annotation.RequestMappingHandlerMapping.registerHandlerMethod(RequestMappingHandlerMapping.java:420)
	at org.springframework.web.servlet.mvc.method.annotation.RequestMappingHandlerMapping.registerHandlerMethod(RequestMappingHandlerMapping.java:76)
	at org.springframework.web.servlet.handler.AbstractHandlerMethodMapping.lambda$detectHandlerMethods$2(AbstractHandlerMethodMapping.java:299)
	at java.util.LinkedHashMap.forEach(LinkedHashMap.java:684)
	at org.springframework.web.servlet.handler.AbstractHandlerMethodMapping.detectHandlerMethods(AbstractHandlerMethodMapping.java:297)
	at org.springframework.web.servlet.handler.AbstractHandlerMethodMapping.processCandidateBean(AbstractHandlerMethodMapping.java:266)
	at org.springframework.web.servlet.handler.AbstractHandlerMethodMapping.initHandlerMethods(AbstractHandlerMethodMapping.java:225)
	at org.springframework.web.servlet.handler.AbstractHandlerMethodMapping.afterPropertiesSet(AbstractHandlerMethodMapping.java:213)
	at org.springframework.web.servlet.mvc.method.annotation.RequestMappingHandlerMapping.afterPropertiesSet(RequestMappingHandlerMapping.java:205)
	at org.springframework.beans.factory.support.AbstractAutowireCapableBeanFactory.invokeInitMethods(AbstractAutowireCapableBeanFactory.java:1863)
	at org.springframework.beans.factory.support.AbstractAutowireCapableBeanFactory.initializeBean(AbstractAutowireCapableBeanFactory.java:1800)
	... 21 common frames omitted
24-07-12.13:10:53.089 [restartedMain   ] INFO  App                    - Starting App using Java 1.8.0_292 on LAPTOP-E3F5BO7F with PID 25096 (G:\project\springboot2\rs\target\classes started by ASUS in G:\project\springboot2\rs)
24-07-12.13:10:53.091 [restartedMain   ] INFO  App                    - The following 1 profile is active: "pro"
24-07-12.13:10:53.297 [restartedMain   ] INFO  DevToolsPropertyDefaultsPostProcessor - Devtools property defaults active! Set 'spring.devtools.add-properties' to 'false' to disable
24-07-12.13:10:53.297 [restartedMain   ] INFO  DevToolsPropertyDefaultsPostProcessor - For additional web related logging consider setting the 'logging.level.web' property to 'DEBUG'
24-07-12.13:10:54.578 [restartedMain   ] INFO  RepositoryConfigurationDelegate - Multiple Spring Data modules found, entering strict repository configuration mode
24-07-12.13:10:54.582 [restartedMain   ] INFO  RepositoryConfigurationDelegate - Bootstrapping Spring Data Redis repositories in DEFAULT mode.
24-07-12.13:10:54.618 [restartedMain   ] INFO  RepositoryConfigurationDelegate - Finished Spring Data repository scanning in 12 ms. Found 0 Redis repository interfaces.
24-07-12.13:10:55.710 [restartedMain   ] INFO  TomcatWebServer        - Tomcat initialized with port(s): 8082 (http)
24-07-12.13:10:55.727 [restartedMain   ] INFO  Http11NioProtocol      - Initializing ProtocolHandler ["http-nio-8082"]
24-07-12.13:10:55.728 [restartedMain   ] INFO  StandardService        - Starting service [Tomcat]
24-07-12.13:10:55.728 [restartedMain   ] INFO  StandardEngine         - Starting Servlet engine: [Apache Tomcat/9.0.65]
24-07-12.13:10:55.858 [restartedMain   ] INFO  [/]                    - Initializing Spring embedded WebApplicationContext
24-07-12.13:10:55.858 [restartedMain   ] INFO  ServletWebServerApplicationContext - Root WebApplicationContext: initialization completed in 2560 ms
24-07-12.13:10:59.372 [restartedMain   ] INFO  OptionalLiveReloadServer - LiveReload server is running on port 35729
24-07-12.13:10:59.424 [restartedMain   ] INFO  Http11NioProtocol      - Starting ProtocolHandler ["http-nio-8082"]
24-07-12.13:10:59.472 [restartedMain   ] INFO  TomcatWebServer        - Tomcat started on port(s): 8082 (http) with context path ''
24-07-12.13:10:59.497 [restartedMain   ] INFO  App                    - Started App in 7.877 seconds (JVM running for 10.454)
24-07-12.13:11:26.309 [http-nio-8082-exec-2] INFO  [/]                    - Initializing Spring DispatcherServlet 'dispatcherServlet'
24-07-12.13:11:26.309 [http-nio-8082-exec-2] INFO  DispatcherServlet      - Initializing Servlet 'dispatcherServlet'
24-07-12.13:11:26.312 [http-nio-8082-exec-2] INFO  DispatcherServlet      - Completed initialization in 3 ms
24-07-12.13:11:36.961 [http-nio-8082-exec-2] INFO  HikariDataSource       - HikariPool-1 - Starting...
24-07-12.13:11:37.685 [http-nio-8082-exec-2] INFO  HikariDataSource       - HikariPool-1 - Start completed.
24-07-12.13:11:49.844 [SpringApplicationShutdownHook] INFO  HikariDataSource       - HikariPool-1 - Shutdown initiated...
24-07-12.13:11:49.908 [SpringApplicationShutdownHook] INFO  HikariDataSource       - HikariPool-1 - Shutdown completed.
24-07-12.13:14:20.067 [restartedMain   ] INFO  App                    - Starting App using Java 1.8.0_292 on LAPTOP-E3F5BO7F with PID 23316 (G:\project\springboot2\rs\target\classes started by ASUS in G:\project\springboot2\rs)
24-07-12.13:14:20.070 [restartedMain   ] INFO  App                    - The following 1 profile is active: "pro"
24-07-12.13:14:20.276 [restartedMain   ] INFO  DevToolsPropertyDefaultsPostProcessor - Devtools property defaults active! Set 'spring.devtools.add-properties' to 'false' to disable
24-07-12.13:14:20.277 [restartedMain   ] INFO  DevToolsPropertyDefaultsPostProcessor - For additional web related logging consider setting the 'logging.level.web' property to 'DEBUG'
24-07-12.13:14:21.538 [restartedMain   ] INFO  RepositoryConfigurationDelegate - Multiple Spring Data modules found, entering strict repository configuration mode
24-07-12.13:14:21.541 [restartedMain   ] INFO  RepositoryConfigurationDelegate - Bootstrapping Spring Data Redis repositories in DEFAULT mode.
24-07-12.13:14:21.583 [restartedMain   ] INFO  RepositoryConfigurationDelegate - Finished Spring Data repository scanning in 18 ms. Found 0 Redis repository interfaces.
24-07-12.13:14:22.713 [restartedMain   ] INFO  TomcatWebServer        - Tomcat initialized with port(s): 8082 (http)
24-07-12.13:14:22.727 [restartedMain   ] INFO  Http11NioProtocol      - Initializing ProtocolHandler ["http-nio-8082"]
24-07-12.13:14:22.728 [restartedMain   ] INFO  StandardService        - Starting service [Tomcat]
24-07-12.13:14:22.728 [restartedMain   ] INFO  StandardEngine         - Starting Servlet engine: [Apache Tomcat/9.0.65]
24-07-12.13:14:22.857 [restartedMain   ] INFO  [/]                    - Initializing Spring embedded WebApplicationContext
24-07-12.13:14:22.857 [restartedMain   ] INFO  ServletWebServerApplicationContext - Root WebApplicationContext: initialization completed in 2579 ms
24-07-12.13:14:26.162 [restartedMain   ] INFO  OptionalLiveReloadServer - LiveReload server is running on port 35729
24-07-12.13:14:26.191 [restartedMain   ] INFO  Http11NioProtocol      - Starting ProtocolHandler ["http-nio-8082"]
24-07-12.13:14:26.229 [restartedMain   ] INFO  TomcatWebServer        - Tomcat started on port(s): 8082 (http) with context path ''
24-07-12.13:14:26.248 [restartedMain   ] INFO  App                    - Started App in 7.574 seconds (JVM running for 10.106)
24-07-12.13:14:46.244 [http-nio-8082-exec-2] INFO  [/]                    - Initializing Spring DispatcherServlet 'dispatcherServlet'
24-07-12.13:14:46.244 [http-nio-8082-exec-2] INFO  DispatcherServlet      - Initializing Servlet 'dispatcherServlet'
24-07-12.13:14:46.246 [http-nio-8082-exec-2] INFO  DispatcherServlet      - Completed initialization in 2 ms
24-07-12.13:14:46.495 [http-nio-8082-exec-2] INFO  HikariDataSource       - HikariPool-1 - Starting...
24-07-12.13:14:47.120 [http-nio-8082-exec-2] INFO  HikariDataSource       - HikariPool-1 - Start completed.
24-07-12.13:18:26.098 [SpringApplicationShutdownHook] INFO  HikariDataSource       - HikariPool-1 - Shutdown initiated...
24-07-12.13:18:26.109 [SpringApplicationShutdownHook] INFO  HikariDataSource       - HikariPool-1 - Shutdown completed.
24-07-12.13:18:39.479 [restartedMain   ] INFO  App                    - Starting App using Java 1.8.0_292 on LAPTOP-E3F5BO7F with PID 7128 (G:\project\springboot2\rs\target\classes started by ASUS in G:\project\springboot2\rs)
24-07-12.13:18:39.482 [restartedMain   ] INFO  App                    - The following 1 profile is active: "pro"
24-07-12.13:18:39.658 [restartedMain   ] INFO  DevToolsPropertyDefaultsPostProcessor - Devtools property defaults active! Set 'spring.devtools.add-properties' to 'false' to disable
24-07-12.13:18:39.658 [restartedMain   ] INFO  DevToolsPropertyDefaultsPostProcessor - For additional web related logging consider setting the 'logging.level.web' property to 'DEBUG'
24-07-12.13:18:40.858 [restartedMain   ] INFO  RepositoryConfigurationDelegate - Multiple Spring Data modules found, entering strict repository configuration mode
24-07-12.13:18:40.861 [restartedMain   ] INFO  RepositoryConfigurationDelegate - Bootstrapping Spring Data Redis repositories in DEFAULT mode.
24-07-12.13:18:40.908 [restartedMain   ] INFO  RepositoryConfigurationDelegate - Finished Spring Data repository scanning in 19 ms. Found 0 Redis repository interfaces.
24-07-12.13:18:41.971 [restartedMain   ] INFO  TomcatWebServer        - Tomcat initialized with port(s): 8082 (http)
24-07-12.13:18:41.984 [restartedMain   ] INFO  Http11NioProtocol      - Initializing ProtocolHandler ["http-nio-8082"]
24-07-12.13:18:41.985 [restartedMain   ] INFO  StandardService        - Starting service [Tomcat]
24-07-12.13:18:41.985 [restartedMain   ] INFO  StandardEngine         - Starting Servlet engine: [Apache Tomcat/9.0.65]
24-07-12.13:18:42.119 [restartedMain   ] INFO  [/]                    - Initializing Spring embedded WebApplicationContext
24-07-12.13:18:42.119 [restartedMain   ] INFO  ServletWebServerApplicationContext - Root WebApplicationContext: initialization completed in 2460 ms
24-07-12.13:18:45.233 [restartedMain   ] INFO  OptionalLiveReloadServer - LiveReload server is running on port 35729
24-07-12.13:18:45.295 [restartedMain   ] INFO  TomcatWebServer        - Tomcat started on port(s): 8082 (http) with context path ''
24-07-12.13:18:45.312 [restartedMain   ] INFO  App                    - Started App in 7.116 seconds (JVM running for 9.431)
24-07-12.13:18:57.449 [restartedMain   ] INFO  App                    - Starting App using Java 1.8.0_292 on LAPTOP-E3F5BO7F with PID 24920 (G:\project\springboot2\rs\target\classes started by ASUS in G:\project\springboot2\rs)
24-07-12.13:18:57.451 [restartedMain   ] INFO  App                    - The following 1 profile is active: "pro"
24-07-12.13:18:57.624 [restartedMain   ] INFO  DevToolsPropertyDefaultsPostProcessor - Devtools property defaults active! Set 'spring.devtools.add-properties' to 'false' to disable
24-07-12.13:18:57.624 [restartedMain   ] INFO  DevToolsPropertyDefaultsPostProcessor - For additional web related logging consider setting the 'logging.level.web' property to 'DEBUG'
24-07-12.13:18:58.756 [restartedMain   ] INFO  RepositoryConfigurationDelegate - Multiple Spring Data modules found, entering strict repository configuration mode
24-07-12.13:18:58.760 [restartedMain   ] INFO  RepositoryConfigurationDelegate - Bootstrapping Spring Data Redis repositories in DEFAULT mode.
24-07-12.13:18:58.798 [restartedMain   ] INFO  RepositoryConfigurationDelegate - Finished Spring Data repository scanning in 13 ms. Found 0 Redis repository interfaces.
24-07-12.13:18:59.861 [restartedMain   ] INFO  TomcatWebServer        - Tomcat initialized with port(s): 8082 (http)
24-07-12.13:18:59.879 [restartedMain   ] INFO  Http11NioProtocol      - Initializing ProtocolHandler ["http-nio-8082"]
24-07-12.13:18:59.880 [restartedMain   ] INFO  StandardService        - Starting service [Tomcat]
24-07-12.13:18:59.881 [restartedMain   ] INFO  StandardEngine         - Starting Servlet engine: [Apache Tomcat/9.0.65]
24-07-12.13:19:00.010 [restartedMain   ] INFO  [/]                    - Initializing Spring embedded WebApplicationContext
24-07-12.13:19:00.011 [restartedMain   ] INFO  ServletWebServerApplicationContext - Root WebApplicationContext: initialization completed in 2385 ms
24-07-12.13:19:03.695 [restartedMain   ] INFO  OptionalLiveReloadServer - LiveReload server is running on port 35729
24-07-12.13:19:03.749 [restartedMain   ] INFO  Http11NioProtocol      - Starting ProtocolHandler ["http-nio-8082"]
24-07-12.13:19:03.797 [restartedMain   ] INFO  TomcatWebServer        - Tomcat started on port(s): 8082 (http) with context path ''
24-07-12.13:19:03.820 [restartedMain   ] INFO  App                    - Started App in 7.633 seconds (JVM running for 9.866)
24-07-12.13:19:43.577 [http-nio-8082-exec-2] INFO  [/]                    - Initializing Spring DispatcherServlet 'dispatcherServlet'
24-07-12.13:19:43.577 [http-nio-8082-exec-2] INFO  DispatcherServlet      - Initializing Servlet 'dispatcherServlet'
24-07-12.13:19:43.579 [http-nio-8082-exec-2] INFO  DispatcherServlet      - Completed initialization in 2 ms
24-07-12.13:19:43.887 [http-nio-8082-exec-2] INFO  HikariDataSource       - HikariPool-1 - Starting...
24-07-12.13:19:44.490 [http-nio-8082-exec-2] INFO  HikariDataSource       - HikariPool-1 - Start completed.
24-07-12.13:28:47.125 [SpringApplicationShutdownHook] INFO  HikariDataSource       - HikariPool-1 - Shutdown initiated...
24-07-12.13:28:47.135 [SpringApplicationShutdownHook] INFO  HikariDataSource       - HikariPool-1 - Shutdown completed.
24-07-12.15:02:25.188 [restartedMain   ] INFO  App                    - Starting App using Java 1.8.0_292 on LAPTOP-E3F5BO7F with PID 20648 (G:\project\springboot2\rs\target\classes started by ASUS in G:\project\springboot2\rs)
24-07-12.15:02:25.190 [restartedMain   ] INFO  App                    - The following 1 profile is active: "pro"
24-07-12.15:02:25.453 [restartedMain   ] INFO  DevToolsPropertyDefaultsPostProcessor - Devtools property defaults active! Set 'spring.devtools.add-properties' to 'false' to disable
24-07-12.15:02:25.454 [restartedMain   ] INFO  DevToolsPropertyDefaultsPostProcessor - For additional web related logging consider setting the 'logging.level.web' property to 'DEBUG'
24-07-12.15:02:26.826 [restartedMain   ] INFO  RepositoryConfigurationDelegate - Multiple Spring Data modules found, entering strict repository configuration mode
24-07-12.15:02:26.832 [restartedMain   ] INFO  RepositoryConfigurationDelegate - Bootstrapping Spring Data Redis repositories in DEFAULT mode.
24-07-12.15:02:26.885 [restartedMain   ] INFO  RepositoryConfigurationDelegate - Finished Spring Data repository scanning in 18 ms. Found 0 Redis repository interfaces.
24-07-12.15:02:28.119 [restartedMain   ] INFO  TomcatWebServer        - Tomcat initialized with port(s): 8082 (http)
24-07-12.15:02:28.134 [restartedMain   ] INFO  Http11NioProtocol      - Initializing ProtocolHandler ["http-nio-8082"]
24-07-12.15:02:28.135 [restartedMain   ] INFO  StandardService        - Starting service [Tomcat]
24-07-12.15:02:28.135 [restartedMain   ] INFO  StandardEngine         - Starting Servlet engine: [Apache Tomcat/9.0.65]
24-07-12.15:02:28.277 [restartedMain   ] INFO  [/]                    - Initializing Spring embedded WebApplicationContext
24-07-12.15:02:28.277 [restartedMain   ] INFO  ServletWebServerApplicationContext - Root WebApplicationContext: initialization completed in 2821 ms
24-07-12.15:02:31.129 [restartedMain   ] INFO  OptionalLiveReloadServer - LiveReload server is running on port 35729
24-07-12.15:02:31.162 [restartedMain   ] INFO  Http11NioProtocol      - Starting ProtocolHandler ["http-nio-8082"]
24-07-12.15:02:31.195 [restartedMain   ] INFO  TomcatWebServer        - Tomcat started on port(s): 8082 (http) with context path ''
24-07-12.15:02:31.213 [restartedMain   ] INFO  App                    - Started App in 7.869 seconds (JVM running for 11.098)
24-07-12.15:02:59.460 [http-nio-8082-exec-1] INFO  [/]                    - Initializing Spring DispatcherServlet 'dispatcherServlet'
24-07-12.15:02:59.460 [http-nio-8082-exec-1] INFO  DispatcherServlet      - Initializing Servlet 'dispatcherServlet'
24-07-12.15:02:59.465 [http-nio-8082-exec-1] INFO  DispatcherServlet      - Completed initialization in 4 ms
24-07-12.15:03:28.465 [restartedMain   ] INFO  App                    - Starting App using Java 1.8.0_292 on LAPTOP-E3F5BO7F with PID 8184 (G:\project\springboot2\rs\target\classes started by ASUS in G:\project\springboot2\rs)
24-07-12.15:03:28.468 [restartedMain   ] INFO  App                    - The following 1 profile is active: "pro"
24-07-12.15:03:28.656 [restartedMain   ] INFO  DevToolsPropertyDefaultsPostProcessor - Devtools property defaults active! Set 'spring.devtools.add-properties' to 'false' to disable
24-07-12.15:03:28.656 [restartedMain   ] INFO  DevToolsPropertyDefaultsPostProcessor - For additional web related logging consider setting the 'logging.level.web' property to 'DEBUG'
24-07-12.15:03:29.904 [restartedMain   ] INFO  RepositoryConfigurationDelegate - Multiple Spring Data modules found, entering strict repository configuration mode
24-07-12.15:03:29.908 [restartedMain   ] INFO  RepositoryConfigurationDelegate - Bootstrapping Spring Data Redis repositories in DEFAULT mode.
24-07-12.15:03:29.961 [restartedMain   ] INFO  RepositoryConfigurationDelegate - Finished Spring Data repository scanning in 21 ms. Found 0 Redis repository interfaces.
24-07-12.15:03:31.068 [restartedMain   ] INFO  TomcatWebServer        - Tomcat initialized with port(s): 8082 (http)
24-07-12.15:03:31.089 [restartedMain   ] INFO  Http11NioProtocol      - Initializing ProtocolHandler ["http-nio-8082"]
24-07-12.15:03:31.090 [restartedMain   ] INFO  StandardService        - Starting service [Tomcat]
24-07-12.15:03:31.090 [restartedMain   ] INFO  StandardEngine         - Starting Servlet engine: [Apache Tomcat/9.0.65]
24-07-12.15:03:31.237 [restartedMain   ] INFO  [/]                    - Initializing Spring embedded WebApplicationContext
24-07-12.15:03:31.237 [restartedMain   ] INFO  ServletWebServerApplicationContext - Root WebApplicationContext: initialization completed in 2579 ms
24-07-12.15:03:34.606 [restartedMain   ] INFO  OptionalLiveReloadServer - LiveReload server is running on port 35729
24-07-12.15:03:34.653 [restartedMain   ] INFO  Http11NioProtocol      - Starting ProtocolHandler ["http-nio-8082"]
24-07-12.15:03:34.695 [restartedMain   ] INFO  TomcatWebServer        - Tomcat started on port(s): 8082 (http) with context path ''
24-07-12.15:03:34.718 [restartedMain   ] INFO  App                    - Started App in 7.878 seconds (JVM running for 10.397)
24-07-12.15:03:41.733 [http-nio-8082-exec-1] INFO  [/]                    - Initializing Spring DispatcherServlet 'dispatcherServlet'
24-07-12.15:03:41.734 [http-nio-8082-exec-1] INFO  DispatcherServlet      - Initializing Servlet 'dispatcherServlet'
24-07-12.15:03:41.735 [http-nio-8082-exec-1] INFO  DispatcherServlet      - Completed initialization in 1 ms
24-07-12.15:03:42.064 [http-nio-8082-exec-1] INFO  HikariDataSource       - HikariPool-1 - Starting...
24-07-12.15:03:42.696 [http-nio-8082-exec-1] INFO  HikariDataSource       - HikariPool-1 - Start completed.
24-07-12.15:03:43.076 [http-nio-8082-exec-1] INFO  AdminController        - 后台管理端查询客户:{"page":0,"size":2}
24-07-12.15:03:52.978 [http-nio-8082-exec-3] INFO  AdminController        - 后台管理端查询客户:{"page":0,"size":5}
24-07-12.15:12:22.085 [http-nio-8082-exec-6] INFO  AdminController        - 后台管理端查询客户:{"page":0,"size":8}
24-07-12.15:13:16.667 [http-nio-8082-exec-7] INFO  AdminController        - 后台管理端查询客户:{"page":0,"size":8}
24-07-12.15:13:27.925 [http-nio-8082-exec-8] INFO  AdminController        - 后台管理端查询客户:{"page":0,"size":8}
24-07-12.15:13:38.883 [http-nio-8082-exec-9] INFO  AdminController        - 后台管理端查询客户:{"page":0,"size":8}
24-07-12.15:14:14.136 [http-nio-8082-exec-10] INFO  AdminController        - 后台管理端查询客户:{"page":0,"size":8}
24-07-12.15:15:00.669 [http-nio-8082-exec-2] INFO  AdminController        - 后台管理端查询客户:{"page":0,"size":8}
24-07-12.15:15:11.106 [http-nio-8082-exec-1] INFO  AdminController        - 后台管理端查询客户:{"page":0,"size":8}
24-07-12.15:15:26.696 [http-nio-8082-exec-3] INFO  AdminController        - 后台管理端查询客户:{"page":0,"size":8}
24-07-12.15:15:48.959 [http-nio-8082-exec-4] INFO  AdminController        - 后台管理端查询客户:{"page":0,"size":8}
24-07-12.15:16:07.463 [http-nio-8082-exec-5] INFO  AdminController        - 后台管理端查询客户:{"page":0,"size":8}
24-07-12.15:16:16.325 [http-nio-8082-exec-6] INFO  AdminController        - 后台管理端查询客户:{"page":0,"size":8}
24-07-12.15:16:43.057 [http-nio-8082-exec-7] INFO  AdminController        - 后台管理端查询客户:{"page":0,"size":8}
24-07-12.15:16:52.678 [http-nio-8082-exec-8] INFO  AdminController        - 后台管理端查询客户:{"page":0,"size":8}
24-07-12.15:17:06.580 [http-nio-8082-exec-9] INFO  AdminController        - 后台管理端查询客户:{"page":0,"size":8}
24-07-12.15:18:47.195 [http-nio-8082-exec-2] INFO  AdminController        - 后台管理端查询客户:{"page":0,"size":8}
24-07-12.15:19:22.650 [http-nio-8082-exec-1] INFO  AdminController        - 后台管理端查询客户:{"page":0,"size":8}
24-07-12.15:20:56.384 [http-nio-8082-exec-4] INFO  AdminController        - 后台管理端查询客户:{"page":0,"size":8}
24-07-12.15:22:03.716 [http-nio-8082-exec-6] INFO  AdminController        - 后台管理端查询客户:{"page":0,"size":8}
24-07-12.15:22:35.532 [http-nio-8082-exec-7] INFO  AdminController        - 后台管理端查询客户:{"page":0,"size":8}
24-07-12.15:22:47.491 [http-nio-8082-exec-8] INFO  AdminController        - 后台管理端查询客户:{"page":0,"size":8}
24-07-12.15:22:51.025 [http-nio-8082-exec-9] INFO  AdminController        - 后台管理端查询客户:{"page":0,"size":8}
24-07-12.15:30:00.864 [SpringApplicationShutdownHook] INFO  HikariDataSource       - HikariPool-1 - Shutdown initiated...
24-07-12.15:30:00.873 [SpringApplicationShutdownHook] INFO  HikariDataSource       - HikariPool-1 - Shutdown completed.
24-07-12.15:30:25.861 [restartedMain   ] INFO  App                    - Starting App using Java 1.8.0_292 on LAPTOP-E3F5BO7F with PID 20496 (G:\project\springboot2\rs\target\classes started by ASUS in G:\project\springboot2\rs)
24-07-12.15:30:25.866 [restartedMain   ] INFO  App                    - The following 1 profile is active: "pro"
24-07-12.15:30:26.211 [restartedMain   ] INFO  DevToolsPropertyDefaultsPostProcessor - Devtools property defaults active! Set 'spring.devtools.add-properties' to 'false' to disable
24-07-12.15:30:26.211 [restartedMain   ] INFO  DevToolsPropertyDefaultsPostProcessor - For additional web related logging consider setting the 'logging.level.web' property to 'DEBUG'
24-07-12.15:30:30.521 [restartedMain   ] INFO  RepositoryConfigurationDelegate - Multiple Spring Data modules found, entering strict repository configuration mode
24-07-12.15:30:30.526 [restartedMain   ] INFO  RepositoryConfigurationDelegate - Bootstrapping Spring Data Redis repositories in DEFAULT mode.
24-07-12.15:30:30.592 [restartedMain   ] INFO  RepositoryConfigurationDelegate - Finished Spring Data repository scanning in 22 ms. Found 0 Redis repository interfaces.
24-07-12.15:30:32.217 [restartedMain   ] INFO  TomcatWebServer        - Tomcat initialized with port(s): 8082 (http)
24-07-12.15:30:32.236 [restartedMain   ] INFO  Http11NioProtocol      - Initializing ProtocolHandler ["http-nio-8082"]
24-07-12.15:30:32.238 [restartedMain   ] INFO  StandardService        - Starting service [Tomcat]
24-07-12.15:30:32.238 [restartedMain   ] INFO  StandardEngine         - Starting Servlet engine: [Apache Tomcat/9.0.65]
24-07-12.15:30:32.432 [restartedMain   ] INFO  [/]                    - Initializing Spring embedded WebApplicationContext
24-07-12.15:30:32.432 [restartedMain   ] INFO  ServletWebServerApplicationContext - Root WebApplicationContext: initialization completed in 6219 ms
24-07-12.15:30:36.415 [restartedMain   ] INFO  OptionalLiveReloadServer - LiveReload server is running on port 35729
24-07-12.15:30:36.458 [restartedMain   ] INFO  Http11NioProtocol      - Starting ProtocolHandler ["http-nio-8082"]
24-07-12.15:30:36.504 [restartedMain   ] INFO  TomcatWebServer        - Tomcat started on port(s): 8082 (http) with context path ''
24-07-12.15:30:36.532 [restartedMain   ] INFO  App                    - Started App in 13.688 seconds (JVM running for 18.22)
24-07-12.15:30:49.676 [http-nio-8082-exec-2] INFO  [/]                    - Initializing Spring DispatcherServlet 'dispatcherServlet'
24-07-12.15:30:49.677 [http-nio-8082-exec-2] INFO  DispatcherServlet      - Initializing Servlet 'dispatcherServlet'
24-07-12.15:30:49.682 [http-nio-8082-exec-2] INFO  DispatcherServlet      - Completed initialization in 5 ms
24-07-12.15:30:50.165 [http-nio-8082-exec-1] INFO  HikariDataSource       - HikariPool-1 - Starting...
24-07-12.15:30:50.884 [http-nio-8082-exec-1] INFO  HikariDataSource       - HikariPool-1 - Start completed.
24-07-12.15:30:51.264 [http-nio-8082-exec-1] INFO  AdminController        - 后台管理端查询客户:{"page":0,"size":8}
24-07-12.15:31:09.520 [http-nio-8082-exec-4] INFO  AdminController        - 后台管理端查询客户:{"page":0,"size":8}
24-07-12.15:32:42.300 [http-nio-8082-exec-6] INFO  AdminController        - 后台管理端查询客户:{"page":0,"size":8}
24-07-12.15:36:51.169 [SpringApplicationShutdownHook] INFO  HikariDataSource       - HikariPool-1 - Shutdown initiated...
24-07-12.15:36:51.178 [SpringApplicationShutdownHook] INFO  HikariDataSource       - HikariPool-1 - Shutdown completed.
24-07-12.15:37:14.252 [restartedMain   ] INFO  App                    - Starting App using Java 1.8.0_292 on LAPTOP-E3F5BO7F with PID 17708 (G:\project\springboot2\rs\target\classes started by ASUS in G:\project\springboot2\rs)
24-07-12.15:37:14.254 [restartedMain   ] INFO  App                    - The following 1 profile is active: "pro"
24-07-12.15:37:14.463 [restartedMain   ] INFO  DevToolsPropertyDefaultsPostProcessor - Devtools property defaults active! Set 'spring.devtools.add-properties' to 'false' to disable
24-07-12.15:37:14.464 [restartedMain   ] INFO  DevToolsPropertyDefaultsPostProcessor - For additional web related logging consider setting the 'logging.level.web' property to 'DEBUG'
24-07-12.15:37:16.091 [restartedMain   ] INFO  RepositoryConfigurationDelegate - Multiple Spring Data modules found, entering strict repository configuration mode
24-07-12.15:37:16.097 [restartedMain   ] INFO  RepositoryConfigurationDelegate - Bootstrapping Spring Data Redis repositories in DEFAULT mode.
24-07-12.15:37:16.160 [restartedMain   ] INFO  RepositoryConfigurationDelegate - Finished Spring Data repository scanning in 23 ms. Found 0 Redis repository interfaces.
24-07-12.15:37:17.867 [restartedMain   ] INFO  TomcatWebServer        - Tomcat initialized with port(s): 8082 (http)
24-07-12.15:37:17.894 [restartedMain   ] INFO  Http11NioProtocol      - Initializing ProtocolHandler ["http-nio-8082"]
24-07-12.15:37:17.895 [restartedMain   ] INFO  StandardService        - Starting service [Tomcat]
24-07-12.15:37:17.896 [restartedMain   ] INFO  StandardEngine         - Starting Servlet engine: [Apache Tomcat/9.0.65]
24-07-12.15:37:18.216 [restartedMain   ] INFO  [/]                    - Initializing Spring embedded WebApplicationContext
24-07-12.15:37:18.216 [restartedMain   ] INFO  ServletWebServerApplicationContext - Root WebApplicationContext: initialization completed in 3751 ms
24-07-12.15:37:28.133 [restartedMain   ] INFO  OptionalLiveReloadServer - LiveReload server is running on port 35729
24-07-12.15:37:28.177 [restartedMain   ] INFO  Http11NioProtocol      - Starting ProtocolHandler ["http-nio-8082"]
24-07-12.15:37:28.221 [restartedMain   ] INFO  TomcatWebServer        - Tomcat started on port(s): 8082 (http) with context path ''
24-07-12.15:37:28.248 [restartedMain   ] INFO  App                    - Started App in 15.692 seconds (JVM running for 18.685)
24-07-12.15:37:31.426 [http-nio-8082-exec-1] INFO  [/]                    - Initializing Spring DispatcherServlet 'dispatcherServlet'
24-07-12.15:37:31.427 [http-nio-8082-exec-1] INFO  DispatcherServlet      - Initializing Servlet 'dispatcherServlet'
24-07-12.15:37:31.430 [http-nio-8082-exec-1] INFO  DispatcherServlet      - Completed initialization in 3 ms
24-07-12.15:37:31.936 [http-nio-8082-exec-2] INFO  HikariDataSource       - HikariPool-1 - Starting...
24-07-12.15:37:32.578 [http-nio-8082-exec-2] INFO  HikariDataSource       - HikariPool-1 - Start completed.
24-07-12.15:37:32.979 [http-nio-8082-exec-2] INFO  AdminController        - 后台管理端查询客户:{"page":0,"size":8}
24-07-12.15:46:16.274 [http-nio-8082-exec-4] INFO  AdminController        - 后台管理端查询客户:{"page":0,"size":8}
24-07-12.15:46:38.370 [http-nio-8082-exec-5] INFO  AdminController        - 后台管理端查询客户:{"page":0,"size":8}
24-07-12.15:46:59.186 [http-nio-8082-exec-6] INFO  AdminController        - 后台管理端查询客户:{"page":0,"size":8}
24-07-12.15:47:11.028 [http-nio-8082-exec-7] INFO  AdminController        - 后台管理端查询客户:{"page":0,"size":8}
24-07-12.15:48:19.822 [http-nio-8082-exec-9] INFO  AdminController        - 后台管理端查询客户:{"page":0,"size":8}
24-07-12.15:51:55.500 [http-nio-8082-exec-1] INFO  AdminController        - 后台管理端查询客户:{"page":0,"size":8}
24-07-12.15:52:01.510 [http-nio-8082-exec-2] INFO  AdminController        - 后台管理端查询客户:{"page":0,"size":8}
24-07-12.15:52:31.397 [http-nio-8082-exec-3] INFO  AdminController        - 后台管理端查询客户:{"page":0,"size":8}
24-07-12.15:52:49.207 [http-nio-8082-exec-4] INFO  AdminController        - 后台管理端查询客户:{"page":0,"size":8}
24-07-12.15:53:13.788 [http-nio-8082-exec-5] INFO  AdminController        - 后台管理端查询客户:{"page":0,"size":8}
24-07-12.15:53:37.640 [http-nio-8082-exec-6] INFO  AdminController        - 后台管理端查询客户:{"page":0,"size":8}
24-07-12.15:54:16.409 [http-nio-8082-exec-7] INFO  AdminController        - 后台管理端查询客户:{"page":0,"size":8,"uuid":""}
24-07-12.15:54:28.456 [http-nio-8082-exec-8] INFO  AdminController        - 后台管理端查询客户:{"page":0,"size":8,"uuid":""}
24-07-12.15:55:06.106 [http-nio-8082-exec-9] INFO  AdminController        - 后台管理端查询客户:{"page":0,"size":8,"uuid":""}
24-07-12.15:55:23.182 [http-nio-8082-exec-1] INFO  AdminController        - 后台管理端查询客户:{"page":0,"size":8}
24-07-12.15:55:50.677 [http-nio-8082-exec-2] INFO  AdminController        - 后台管理端查询客户:{"page":0,"size":8}
24-07-12.15:55:53.983 [http-nio-8082-exec-3] INFO  AdminController        - 后台管理端查询客户:{"page":0,"size":8,"uuid":"UID_jLKtbrB1V1dRD1QHAhwevYxVnHta"}
24-07-12.15:55:58.483 [http-nio-8082-exec-4] INFO  AdminController        - 后台管理端查询客户:{"page":0,"size":8}
24-07-12.15:59:53.010 [http-nio-8082-exec-7] INFO  AdminController        - 后台管理端查询客户:{"page":0,"size":8}
24-07-12.16:00:12.220 [http-nio-8082-exec-8] INFO  AdminController        - 后台管理端查询客户:{"page":0,"size":8}
24-07-12.16:02:53.793 [http-nio-8082-exec-10] INFO  AdminController        - 后台管理端查询客户:{"page":0,"size":8}
24-07-12.16:03:02.199 [http-nio-8082-exec-1] INFO  AdminController        - 后台管理端查询客户:{"page":0,"size":8}
24-07-12.16:03:20.867 [http-nio-8082-exec-2] INFO  AdminController        - 后台管理端查询客户:{"page":0,"size":8}
24-07-12.16:03:27.508 [http-nio-8082-exec-3] INFO  AdminController        - 后台管理端查询客户:{"page":0,"size":8}
24-07-12.16:04:04.595 [http-nio-8082-exec-4] INFO  AdminController        - 后台管理端查询客户:{"page":0,"size":3}
24-07-12.16:04:25.837 [http-nio-8082-exec-5] INFO  AdminController        - 后台管理端查询客户:{"page":0,"size":3}
24-07-12.16:05:33.100 [http-nio-8082-exec-7] INFO  AdminController        - 后台管理端查询客户:{"page":0,"size":3}
24-07-12.16:06:22.543 [http-nio-8082-exec-8] INFO  AdminController        - 后台管理端查询客户:{"page":1,"size":3}
24-07-12.16:06:28.736 [http-nio-8082-exec-9] INFO  AdminController        - 后台管理端查询客户:{"page":1,"size":3}
24-07-12.16:06:55.514 [http-nio-8082-exec-10] INFO  AdminController        - 后台管理端查询客户:{"page":1,"size":3}
24-07-12.16:07:17.547 [http-nio-8082-exec-1] INFO  AdminController        - 后台管理端查询客户:{"page":1,"size":3}
24-07-12.16:08:34.475 [SpringApplicationShutdownHook] INFO  HikariDataSource       - HikariPool-1 - Shutdown initiated...
24-07-12.16:08:34.484 [SpringApplicationShutdownHook] INFO  HikariDataSource       - HikariPool-1 - Shutdown completed.
24-07-12.16:09:08.901 [restartedMain   ] INFO  App                    - Starting App using Java 1.8.0_292 on LAPTOP-E3F5BO7F with PID 24664 (G:\project\springboot2\rs\target\classes started by ASUS in G:\project\springboot2\rs)
24-07-12.16:09:08.904 [restartedMain   ] INFO  App                    - The following 1 profile is active: "pro"
24-07-12.16:09:09.182 [restartedMain   ] INFO  DevToolsPropertyDefaultsPostProcessor - Devtools property defaults active! Set 'spring.devtools.add-properties' to 'false' to disable
24-07-12.16:09:09.184 [restartedMain   ] INFO  DevToolsPropertyDefaultsPostProcessor - For additional web related logging consider setting the 'logging.level.web' property to 'DEBUG'
24-07-12.16:09:10.966 [restartedMain   ] INFO  RepositoryConfigurationDelegate - Multiple Spring Data modules found, entering strict repository configuration mode
24-07-12.16:09:10.971 [restartedMain   ] INFO  RepositoryConfigurationDelegate - Bootstrapping Spring Data Redis repositories in DEFAULT mode.
24-07-12.16:09:11.036 [restartedMain   ] INFO  RepositoryConfigurationDelegate - Finished Spring Data repository scanning in 22 ms. Found 0 Redis repository interfaces.
24-07-12.16:09:12.830 [restartedMain   ] INFO  TomcatWebServer        - Tomcat initialized with port(s): 8082 (http)
24-07-12.16:09:12.859 [restartedMain   ] INFO  Http11NioProtocol      - Initializing ProtocolHandler ["http-nio-8082"]
24-07-12.16:09:12.861 [restartedMain   ] INFO  StandardService        - Starting service [Tomcat]
24-07-12.16:09:12.862 [restartedMain   ] INFO  StandardEngine         - Starting Servlet engine: [Apache Tomcat/9.0.65]
24-07-12.16:09:13.162 [restartedMain   ] INFO  [/]                    - Initializing Spring embedded WebApplicationContext
24-07-12.16:09:13.162 [restartedMain   ] INFO  ServletWebServerApplicationContext - Root WebApplicationContext: initialization completed in 3976 ms
24-07-12.16:09:18.624 [restartedMain   ] INFO  OptionalLiveReloadServer - LiveReload server is running on port 35729
24-07-12.16:09:18.673 [restartedMain   ] INFO  Http11NioProtocol      - Starting ProtocolHandler ["http-nio-8082"]
24-07-12.16:09:18.730 [restartedMain   ] INFO  TomcatWebServer        - Tomcat started on port(s): 8082 (http) with context path ''
24-07-12.16:09:18.761 [restartedMain   ] INFO  App                    - Started App in 11.981 seconds (JVM running for 16.394)
24-07-12.16:09:29.294 [http-nio-8082-exec-1] INFO  [/]                    - Initializing Spring DispatcherServlet 'dispatcherServlet'
24-07-12.16:09:29.294 [http-nio-8082-exec-1] INFO  DispatcherServlet      - Initializing Servlet 'dispatcherServlet'
24-07-12.16:09:29.297 [http-nio-8082-exec-1] INFO  DispatcherServlet      - Completed initialization in 3 ms
24-07-12.16:09:29.763 [http-nio-8082-exec-2] INFO  HikariDataSource       - HikariPool-1 - Starting...
24-07-12.16:09:30.450 [http-nio-8082-exec-2] INFO  HikariDataSource       - HikariPool-1 - Start completed.
24-07-12.16:09:30.800 [http-nio-8082-exec-2] INFO  AdminController        - 后台管理端查询客户:{"page":1,"size":3}
24-07-12.16:21:54.470 [SpringApplicationShutdownHook] INFO  HikariDataSource       - HikariPool-1 - Shutdown initiated...
24-07-12.16:21:54.482 [SpringApplicationShutdownHook] INFO  HikariDataSource       - HikariPool-1 - Shutdown completed.
24-07-12.16:22:11.922 [restartedMain   ] INFO  App                    - Starting App using Java 1.8.0_292 on LAPTOP-E3F5BO7F with PID 3756 (G:\project\springboot2\rs\target\classes started by ASUS in G:\project\springboot2\rs)
24-07-12.16:22:11.929 [restartedMain   ] INFO  App                    - The following 1 profile is active: "pro"
24-07-12.16:22:12.161 [restartedMain   ] INFO  DevToolsPropertyDefaultsPostProcessor - Devtools property defaults active! Set 'spring.devtools.add-properties' to 'false' to disable
24-07-12.16:22:12.161 [restartedMain   ] INFO  DevToolsPropertyDefaultsPostProcessor - For additional web related logging consider setting the 'logging.level.web' property to 'DEBUG'
24-07-12.16:22:13.460 [restartedMain   ] INFO  RepositoryConfigurationDelegate - Multiple Spring Data modules found, entering strict repository configuration mode
24-07-12.16:22:13.464 [restartedMain   ] INFO  RepositoryConfigurationDelegate - Bootstrapping Spring Data Redis repositories in DEFAULT mode.
24-07-12.16:22:13.500 [restartedMain   ] INFO  RepositoryConfigurationDelegate - Finished Spring Data repository scanning in 13 ms. Found 0 Redis repository interfaces.
24-07-12.16:22:14.590 [restartedMain   ] INFO  TomcatWebServer        - Tomcat initialized with port(s): 8082 (http)
24-07-12.16:22:14.607 [restartedMain   ] INFO  Http11NioProtocol      - Initializing ProtocolHandler ["http-nio-8082"]
24-07-12.16:22:14.608 [restartedMain   ] INFO  StandardService        - Starting service [Tomcat]
24-07-12.16:22:14.608 [restartedMain   ] INFO  StandardEngine         - Starting Servlet engine: [Apache Tomcat/9.0.65]
24-07-12.16:22:14.743 [restartedMain   ] INFO  [/]                    - Initializing Spring embedded WebApplicationContext
24-07-12.16:22:14.743 [restartedMain   ] INFO  ServletWebServerApplicationContext - Root WebApplicationContext: initialization completed in 2581 ms
24-07-12.16:22:19.036 [restartedMain   ] INFO  OptionalLiveReloadServer - LiveReload server is running on port 35729
24-07-12.16:22:19.084 [restartedMain   ] INFO  Http11NioProtocol      - Starting ProtocolHandler ["http-nio-8082"]
24-07-12.16:22:19.137 [restartedMain   ] INFO  TomcatWebServer        - Tomcat started on port(s): 8082 (http) with context path ''
24-07-12.16:22:19.171 [restartedMain   ] INFO  App                    - Started App in 8.67 seconds (JVM running for 11.206)
24-07-12.16:22:20.955 [http-nio-8082-exec-2] INFO  [/]                    - Initializing Spring DispatcherServlet 'dispatcherServlet'
24-07-12.16:22:20.955 [http-nio-8082-exec-2] INFO  DispatcherServlet      - Initializing Servlet 'dispatcherServlet'
24-07-12.16:22:20.959 [http-nio-8082-exec-2] INFO  DispatcherServlet      - Completed initialization in 4 ms
24-07-12.16:22:21.346 [http-nio-8082-exec-2] INFO  HikariDataSource       - HikariPool-1 - Starting...
24-07-12.16:22:22.033 [http-nio-8082-exec-2] INFO  HikariDataSource       - HikariPool-1 - Start completed.
24-07-12.16:22:22.521 [http-nio-8082-exec-2] INFO  AdminController        - 后台管理端查询客户:{"page":1,"size":3}
24-07-12.16:23:05.118 [http-nio-8082-exec-3] INFO  AdminController        - 后台管理端查询客户:{"page":1,"size":3}
24-07-12.16:23:09.583 [http-nio-8082-exec-1] INFO  AdminController        - 后台管理端查询客户:{"page":2,"size":3}
24-07-12.16:23:10.724 [http-nio-8082-exec-4] INFO  AdminController        - 后台管理端查询客户:{"page":3,"size":3}
24-07-12.16:23:12.453 [http-nio-8082-exec-5] INFO  AdminController        - 后台管理端查询客户:{"page":1,"size":3}
24-07-12.16:23:21.440 [http-nio-8082-exec-6] INFO  AdminController        - 后台管理端查询客户:{"page":1,"size":8}
24-07-12.16:24:58.578 [http-nio-8082-exec-8] INFO  AdminController        - 后台管理端查询客户:{"page":1,"size":8}
24-07-12.16:26:47.682 [http-nio-8082-exec-10] INFO  AdminController        - 后台管理端查询客户:{"page":1,"size":8}
24-07-12.16:27:15.004 [http-nio-8082-exec-2] INFO  AdminController        - 后台管理端查询客户:{"page":1,"size":8}
24-07-12.16:27:41.936 [http-nio-8082-exec-3] INFO  AdminController        - 后台管理端查询客户:{"page":1,"size":8}
24-07-12.16:28:39.177 [http-nio-8082-exec-1] INFO  AdminController        - 后台管理端查询客户:{"page":1,"size":8}
24-07-12.16:29:11.412 [http-nio-8082-exec-4] INFO  AdminController        - 后台管理端查询客户:{"page":1,"size":8}
24-07-12.16:29:27.035 [http-nio-8082-exec-6] INFO  AdminController        - 后台管理端删除客户:1
24-07-12.16:29:52.413 [http-nio-8082-exec-7] INFO  AdminController        - 后台管理端查询客户:{"page":1,"size":8}
24-07-12.16:32:01.270 [http-nio-8082-exec-9] INFO  AdminController        - 后台管理端查询客户:{"page":1,"size":8}
24-07-12.16:32:19.309 [http-nio-8082-exec-10] INFO  AdminController        - 后台管理端查询客户:{"page":1,"size":8}
24-07-12.16:32:22.507 [http-nio-8082-exec-2] INFO  AdminController        - 后台管理端查询客户:{"page":1,"size":8}
24-07-12.16:36:37.979 [http-nio-8082-exec-1] INFO  AdminController        - 后台管理端查询客户:{"page":1,"size":8}
24-07-12.16:37:17.581 [http-nio-8082-exec-4] INFO  AdminController        - 后台管理端查询客户:{"page":1,"size":8}
24-07-12.16:38:25.735 [http-nio-8082-exec-6] INFO  AdminController        - 后台管理端查询客户:{"page":1,"size":8}
24-07-12.16:38:46.479 [http-nio-8082-exec-7] INFO  AdminController        - 后台管理端查询客户:{"page":1,"size":8}
24-07-12.16:38:55.386 [http-nio-8082-exec-8] INFO  AdminController        - 后台管理端查询客户:{"page":1,"size":8}
24-07-12.16:45:23.033 [http-nio-8082-exec-10] INFO  AdminController        - 后台管理端查询客户:{"page":1,"size":8}
24-07-12.16:46:19.390 [http-nio-8082-exec-2] INFO  AdminController        - 后台管理端查询客户:{"page":1,"size":8}
24-07-12.16:48:48.790 [http-nio-8082-exec-1] INFO  AdminController        - 后台管理端查询客户:{"page":1,"size":8}
24-07-12.16:49:38.589 [http-nio-8082-exec-4] INFO  AdminController        - 后台管理端查询客户:{"page":1,"size":8}
24-07-12.16:49:41.289 [http-nio-8082-exec-5] INFO  AdminController        - 后台管理端查询客户:{"page":1,"size":8}
24-07-12.16:51:21.425 [http-nio-8082-exec-7] INFO  AdminController        - 后台管理端查询客户:{"page":1,"size":8}
24-07-12.16:51:45.902 [http-nio-8082-exec-8] INFO  AdminController        - 后台管理端查询客户:{"page":1,"size":8}
24-07-12.16:51:53.349 [http-nio-8082-exec-9] INFO  AdminController        - 后台管理端查询客户:{"page":1,"size":8}
24-07-12.16:52:10.533 [http-nio-8082-exec-10] INFO  AdminController        - 后台管理端查询客户:{"page":1,"size":8}
24-07-12.16:52:53.589 [http-nio-8082-exec-2] INFO  AdminController        - 后台管理端查询客户:{"page":1,"size":8}
24-07-12.16:53:00.901 [http-nio-8082-exec-3] INFO  AdminController        - 后台管理端查询客户:{"page":1,"size":8}
24-07-12.16:54:32.685 [http-nio-8082-exec-4] INFO  AdminController        - 后台管理端查询客户:{"page":1,"size":8}
24-07-12.17:02:22.909 [http-nio-8082-exec-6] INFO  AdminController        - 后台管理端查询客户:{"page":1,"size":8}
24-07-12.17:02:47.241 [http-nio-8082-exec-7] INFO  AdminController        - 后台管理端查询客户:{"page":1,"size":8,"uuid":"UID_jLKtbrB1V1dRD1QHAhwevYxVnHta"}
24-07-12.17:02:50.788 [http-nio-8082-exec-8] INFO  AdminController        - 后台管理端查询客户:{"page":1,"size":8,"uuid":"UID_jLKtbrB1V1dRD1QHAhwevYxVnHta"}
24-07-12.17:03:02.614 [http-nio-8082-exec-9] INFO  AdminController        - 后台管理端查询客户:{"page":1,"size":8}
24-07-12.17:03:21.044 [http-nio-8082-exec-10] INFO  AdminController        - 后台管理端查询客户:{"page":1,"size":8,"uuid":"UID_7BEJWP7AxUUljdrjgyhwOyciCmBk"}
24-07-12.17:03:34.348 [http-nio-8082-exec-2] INFO  AdminController        - 后台管理端查询客户:{"page":1,"size":8,"uuid":"UID_7BEJWP7AxUUljdrjgyhwOyciCmBk"}
24-07-12.17:05:30.034 [HikariPool-1 housekeeper] WARN  HikariPool             - HikariPool-1 - Thread starvation or clock leap detected (housekeeper delta=1m4s275ms775µs600ns).
24-07-12.17:05:30.035 [http-nio-8082-exec-3] INFO  AdminController        - 后台管理端查询客户:{"page":1,"size":8,"uuid":"UID_7BEJWP7AxUUljdrjgyhwOyciCmBk"}
24-07-12.17:06:43.484 [SpringApplicationShutdownHook] INFO  HikariDataSource       - HikariPool-1 - Shutdown initiated...
24-07-12.17:06:43.492 [SpringApplicationShutdownHook] INFO  HikariDataSource       - HikariPool-1 - Shutdown completed.
24-07-12.17:06:50.164 [restartedMain   ] INFO  App                    - Starting App using Java 1.8.0_292 on LAPTOP-E3F5BO7F with PID 12680 (G:\project\springboot2\rs\target\classes started by ASUS in G:\project\springboot2\rs)
24-07-12.17:06:50.166 [restartedMain   ] INFO  App                    - The following 1 profile is active: "pro"
24-07-12.17:06:50.344 [restartedMain   ] INFO  DevToolsPropertyDefaultsPostProcessor - Devtools property defaults active! Set 'spring.devtools.add-properties' to 'false' to disable
24-07-12.17:06:50.345 [restartedMain   ] INFO  DevToolsPropertyDefaultsPostProcessor - For additional web related logging consider setting the 'logging.level.web' property to 'DEBUG'
24-07-12.17:06:51.740 [restartedMain   ] INFO  RepositoryConfigurationDelegate - Multiple Spring Data modules found, entering strict repository configuration mode
24-07-12.17:06:51.744 [restartedMain   ] INFO  RepositoryConfigurationDelegate - Bootstrapping Spring Data Redis repositories in DEFAULT mode.
24-07-12.17:06:51.790 [restartedMain   ] INFO  RepositoryConfigurationDelegate - Finished Spring Data repository scanning in 16 ms. Found 0 Redis repository interfaces.
24-07-12.17:06:53.137 [restartedMain   ] INFO  TomcatWebServer        - Tomcat initialized with port(s): 8082 (http)
24-07-12.17:06:53.160 [restartedMain   ] INFO  Http11NioProtocol      - Initializing ProtocolHandler ["http-nio-8082"]
24-07-12.17:06:53.162 [restartedMain   ] INFO  StandardService        - Starting service [Tomcat]
24-07-12.17:06:53.162 [restartedMain   ] INFO  StandardEngine         - Starting Servlet engine: [Apache Tomcat/9.0.65]
24-07-12.17:06:53.320 [restartedMain   ] INFO  [/]                    - Initializing Spring embedded WebApplicationContext
24-07-12.17:06:53.320 [restartedMain   ] INFO  ServletWebServerApplicationContext - Root WebApplicationContext: initialization completed in 2974 ms
24-07-12.17:06:56.758 [restartedMain   ] INFO  OptionalLiveReloadServer - LiveReload server is running on port 35729
24-07-12.17:06:56.801 [restartedMain   ] INFO  Http11NioProtocol      - Starting ProtocolHandler ["http-nio-8082"]
24-07-12.17:06:56.838 [restartedMain   ] INFO  TomcatWebServer        - Tomcat started on port(s): 8082 (http) with context path ''
24-07-12.17:06:56.859 [restartedMain   ] INFO  App                    - Started App in 7.983 seconds (JVM running for 10.109)
24-07-12.17:07:05.839 [http-nio-8082-exec-1] INFO  [/]                    - Initializing Spring DispatcherServlet 'dispatcherServlet'
24-07-12.17:07:05.839 [http-nio-8082-exec-1] INFO  DispatcherServlet      - Initializing Servlet 'dispatcherServlet'
24-07-12.17:07:05.841 [http-nio-8082-exec-1] INFO  DispatcherServlet      - Completed initialization in 1 ms
24-07-12.17:07:06.146 [http-nio-8082-exec-2] INFO  HikariDataSource       - HikariPool-1 - Starting...
24-07-12.17:07:06.707 [http-nio-8082-exec-2] INFO  HikariDataSource       - HikariPool-1 - Start completed.
24-07-12.17:07:07.129 [http-nio-8082-exec-2] ERROR AdminController        - 后台管理端查询客户操作报错:"\r\n### Error querying database.  Cause: com.mysql.jdbc.exceptions.jdbc4.MySQLSyntaxErrorException: You have an error in your SQL syntax; check the manual that corresponds to your MySQL server version for the right syntax to use near '+'UID_7BEJWP7AxUUljdrjgyhwOyciCmBk'+'%'\n         \n        limit 1, 8' at line 5\r\n### The error may exist in file [G:\\project\\springboot2\\rs\\target\\classes\\mapper\\UserMapper.xml]\r\n### The error may involve defaultParameterMap\r\n### The error occurred while setting parameters\r\n### SQL: select uuid, startdate,enddate, min, max         from user         where 1=1                       AND uuid like '%'+?+'%'                   limit ?, ?\r\n### Cause: com.mysql.jdbc.exceptions.jdbc4.MySQLSyntaxErrorException: You have an error in your SQL syntax; check the manual that corresponds to your MySQL server version for the right syntax to use near '+'UID_7BEJWP7AxUUljdrjgyhwOyciCmBk'+'%'\n         \n        limit 1, 8' at line 5\n; bad SQL grammar []; nested exception is com.mysql.jdbc.exceptions.jdbc4.MySQLSyntaxErrorException: You have an error in your SQL syntax; check the manual that corresponds to your MySQL server version for the right syntax to use near '+'UID_7BEJWP7AxUUljdrjgyhwOyciCmBk'+'%'\n         \n        limit 1, 8' at line 5"
24-07-12.17:07:09.131 [http-nio-8082-exec-3] ERROR AdminController        - 后台管理端查询客户操作报错:"\r\n### Error querying database.  Cause: com.mysql.jdbc.exceptions.jdbc4.MySQLSyntaxErrorException: You have an error in your SQL syntax; check the manual that corresponds to your MySQL server version for the right syntax to use near '+'UID_7BEJWP7AxUUljdrjgyhwOyciCmBk'+'%'\n         \n        limit 1, 8' at line 5\r\n### The error may exist in file [G:\\project\\springboot2\\rs\\target\\classes\\mapper\\UserMapper.xml]\r\n### The error may involve defaultParameterMap\r\n### The error occurred while setting parameters\r\n### SQL: select uuid, startdate,enddate, min, max         from user         where 1=1                       AND uuid like '%'+?+'%'                   limit ?, ?\r\n### Cause: com.mysql.jdbc.exceptions.jdbc4.MySQLSyntaxErrorException: You have an error in your SQL syntax; check the manual that corresponds to your MySQL server version for the right syntax to use near '+'UID_7BEJWP7AxUUljdrjgyhwOyciCmBk'+'%'\n         \n        limit 1, 8' at line 5\n; bad SQL grammar []; nested exception is com.mysql.jdbc.exceptions.jdbc4.MySQLSyntaxErrorException: You have an error in your SQL syntax; check the manual that corresponds to your MySQL server version for the right syntax to use near '+'UID_7BEJWP7AxUUljdrjgyhwOyciCmBk'+'%'\n         \n        limit 1, 8' at line 5"
24-07-12.17:07:16.095 [http-nio-8082-exec-4] ERROR AdminController        - 后台管理端查询客户操作报错:"\r\n### Error querying database.  Cause: com.mysql.jdbc.exceptions.jdbc4.MySQLSyntaxErrorException: You have an error in your SQL syntax; check the manual that corresponds to your MySQL server version for the right syntax to use near '+'UID_7BEJWP7AxUUljdr'+'%'\n         \n        limit 1, 8' at line 5\r\n### The error may exist in file [G:\\project\\springboot2\\rs\\target\\classes\\mapper\\UserMapper.xml]\r\n### The error may involve defaultParameterMap\r\n### The error occurred while setting parameters\r\n### SQL: select uuid, startdate,enddate, min, max         from user         where 1=1                       AND uuid like '%'+?+'%'                   limit ?, ?\r\n### Cause: com.mysql.jdbc.exceptions.jdbc4.MySQLSyntaxErrorException: You have an error in your SQL syntax; check the manual that corresponds to your MySQL server version for the right syntax to use near '+'UID_7BEJWP7AxUUljdr'+'%'\n         \n        limit 1, 8' at line 5\n; bad SQL grammar []; nested exception is com.mysql.jdbc.exceptions.jdbc4.MySQLSyntaxErrorException: You have an error in your SQL syntax; check the manual that corresponds to your MySQL server version for the right syntax to use near '+'UID_7BEJWP7AxUUljdr'+'%'\n         \n        limit 1, 8' at line 5"
24-07-12.17:07:40.582 [http-nio-8082-exec-5] INFO  AdminController        - 后台管理端查询客户:{"page":1,"size":8}
24-07-12.17:09:54.247 [HikariPool-1 housekeeper] WARN  HikariPool             - HikariPool-1 - Thread starvation or clock leap detected (housekeeper delta=1m17s414ms118µs900ns).
24-07-12.17:09:54.249 [http-nio-8082-exec-8] INFO  AdminController        - 后台管理端查询客户:{"page":1,"size":8}
24-07-12.17:10:47.132 [HikariPool-1 housekeeper] WARN  HikariPool             - HikariPool-1 - Thread starvation or clock leap detected (housekeeper delta=52s885ms84µs300ns).
24-07-12.17:11:00.123 [http-nio-8082-exec-10] INFO  AdminController        - 后台管理端查询客户:{"page":1,"size":8}
24-07-12.17:11:00.147 [http-nio-8082-exec-2] INFO  AdminController        - 后台管理端查询客户:{"page":2,"size":8}
24-07-12.17:11:06.626 [http-nio-8082-exec-4] INFO  AdminController        - 后台管理端查询客户:{"page":2,"size":8}
24-07-12.17:11:54.827 [http-nio-8082-exec-5] INFO  AdminController        - 后台管理端查询客户:{"page":2,"size":8}
24-07-12.17:12:04.674 [http-nio-8082-exec-8] INFO  AdminController        - 后台管理端查询客户:{"page":0,"size":8}
24-07-12.17:12:09.373 [http-nio-8082-exec-1] INFO  AdminController        - 后台管理端查询客户:{"page":0,"size":8}
24-07-12.17:12:17.650 [http-nio-8082-exec-10] ERROR AdminController        - 后台管理端查询客户操作报错:"\r\n### Error querying database.  Cause: com.mysql.jdbc.exceptions.jdbc4.MySQLSyntaxErrorException: You have an error in your SQL syntax; check the manual that corresponds to your MySQL server version for the right syntax to use near '+'UID_jLKtbrB1V1dRD1QHAhwevYxVnHta'+'%'\n         \n        limit 0, 8' at line 5\r\n### The error may exist in file [G:\\project\\springboot2\\rs\\target\\classes\\mapper\\UserMapper.xml]\r\n### The error may involve defaultParameterMap\r\n### The error occurred while setting parameters\r\n### SQL: select uuid, startdate,enddate, min, max         from user         where 1=1                       AND uuid like '%'+?+'%'                   limit ?, ?\r\n### Cause: com.mysql.jdbc.exceptions.jdbc4.MySQLSyntaxErrorException: You have an error in your SQL syntax; check the manual that corresponds to your MySQL server version for the right syntax to use near '+'UID_jLKtbrB1V1dRD1QHAhwevYxVnHta'+'%'\n         \n        limit 0, 8' at line 5\n; bad SQL grammar []; nested exception is com.mysql.jdbc.exceptions.jdbc4.MySQLSyntaxErrorException: You have an error in your SQL syntax; check the manual that corresponds to your MySQL server version for the right syntax to use near '+'UID_jLKtbrB1V1dRD1QHAhwevYxVnHta'+'%'\n         \n        limit 0, 8' at line 5"
24-07-12.17:14:41.443 [HikariPool-1 housekeeper] WARN  HikariPool             - HikariPool-1 - Thread starvation or clock leap detected (housekeeper delta=2m16s686ms987µs399ns).
24-07-12.17:14:41.536 [http-nio-8082-exec-2] INFO  AdminController        - 后台管理端查询客户:{"page":0,"size":8}
24-07-12.17:14:47.075 [http-nio-8082-exec-5] INFO  AdminController        - 后台管理端查询客户:{"page":0,"size":8}
24-07-12.17:14:53.384 [http-nio-8082-exec-7] ERROR AdminController        - 后台管理端查询客户操作报错:"\r\n### Error querying database.  Cause: com.mysql.jdbc.exceptions.jdbc4.MySQLSyntaxErrorException: You have an error in your SQL syntax; check the manual that corresponds to your MySQL server version for the right syntax to use near '+'UID_jLKtbrB1V1dRD1QHAhwevYxVnHta'+'%'\n         \n        limit 0, 8' at line 5\r\n### The error may exist in file [G:\\project\\springboot2\\rs\\target\\classes\\mapper\\UserMapper.xml]\r\n### The error may involve defaultParameterMap\r\n### The error occurred while setting parameters\r\n### SQL: select uuid, startdate,enddate, min, max         from user         where 1=1                       AND uuid like '%'+?+'%'                   limit ?, ?\r\n### Cause: com.mysql.jdbc.exceptions.jdbc4.MySQLSyntaxErrorException: You have an error in your SQL syntax; check the manual that corresponds to your MySQL server version for the right syntax to use near '+'UID_jLKtbrB1V1dRD1QHAhwevYxVnHta'+'%'\n         \n        limit 0, 8' at line 5\n; bad SQL grammar []; nested exception is com.mysql.jdbc.exceptions.jdbc4.MySQLSyntaxErrorException: You have an error in your SQL syntax; check the manual that corresponds to your MySQL server version for the right syntax to use near '+'UID_jLKtbrB1V1dRD1QHAhwevYxVnHta'+'%'\n         \n        limit 0, 8' at line 5"
24-07-12.17:15:31.370 [HikariPool-1 housekeeper] WARN  HikariPool             - HikariPool-1 - Thread starvation or clock leap detected (housekeeper delta=49s928ms384µs200ns).
24-07-12.17:15:31.462 [http-nio-8082-exec-8] ERROR AdminController        - 后台管理端查询客户操作报错:"\r\n### Error querying database.  Cause: com.mysql.jdbc.exceptions.jdbc4.MySQLSyntaxErrorException: You have an error in your SQL syntax; check the manual that corresponds to your MySQL server version for the right syntax to use near '+'UID_jLKtbrB1V1dRD1QHAhwevYxVnHta'+'%'\n         \n        limit 0, 8' at line 5\r\n### The error may exist in file [G:\\project\\springboot2\\rs\\target\\classes\\mapper\\UserMapper.xml]\r\n### The error may involve defaultParameterMap\r\n### The error occurred while setting parameters\r\n### SQL: select uuid, startdate,enddate, min, max         from user         where 1=1                       AND uuid like '%'+?+'%'                   limit ?, ?\r\n### Cause: com.mysql.jdbc.exceptions.jdbc4.MySQLSyntaxErrorException: You have an error in your SQL syntax; check the manual that corresponds to your MySQL server version for the right syntax to use near '+'UID_jLKtbrB1V1dRD1QHAhwevYxVnHta'+'%'\n         \n        limit 0, 8' at line 5\n; bad SQL grammar []; nested exception is com.mysql.jdbc.exceptions.jdbc4.MySQLSyntaxErrorException: You have an error in your SQL syntax; check the manual that corresponds to your MySQL server version for the right syntax to use near '+'UID_jLKtbrB1V1dRD1QHAhwevYxVnHta'+'%'\n         \n        limit 0, 8' at line 5"
24-07-12.17:15:56.051 [http-nio-8082-exec-1] INFO  AdminController        - 后台管理端查询客户:{"page":0,"size":8}
24-07-12.17:16:14.457 [http-nio-8082-exec-3] ERROR AdminController        - 后台管理端查询客户操作报错:"\r\n### Error querying database.  Cause: com.mysql.jdbc.exceptions.jdbc4.MySQLSyntaxErrorException: You have an error in your SQL syntax; check the manual that corresponds to your MySQL server version for the right syntax to use near '+'UID_jLKtbrB1V1dRD1QHAhwevYxVnHta'+'%'\n         \n        limit 0, 8' at line 5\r\n### The error may exist in file [G:\\project\\springboot2\\rs\\target\\classes\\mapper\\UserMapper.xml]\r\n### The error may involve defaultParameterMap\r\n### The error occurred while setting parameters\r\n### SQL: select uuid, startdate,enddate, min, max         from user         where 1=1                       AND uuid like '%'+?+'%'                   limit ?, ?\r\n### Cause: com.mysql.jdbc.exceptions.jdbc4.MySQLSyntaxErrorException: You have an error in your SQL syntax; check the manual that corresponds to your MySQL server version for the right syntax to use near '+'UID_jLKtbrB1V1dRD1QHAhwevYxVnHta'+'%'\n         \n        limit 0, 8' at line 5\n; bad SQL grammar []; nested exception is com.mysql.jdbc.exceptions.jdbc4.MySQLSyntaxErrorException: You have an error in your SQL syntax; check the manual that corresponds to your MySQL server version for the right syntax to use near '+'UID_jLKtbrB1V1dRD1QHAhwevYxVnHta'+'%'\n         \n        limit 0, 8' at line 5"
24-07-12.17:17:06.986 [http-nio-8082-exec-4] ERROR AdminController        - 后台管理端查询客户操作报错:"\r\n### Error querying database.  Cause: com.mysql.jdbc.exceptions.jdbc4.MySQLSyntaxErrorException: You have an error in your SQL syntax; check the manual that corresponds to your MySQL server version for the right syntax to use near '+'UID_jLKtbrB1V1dRD1QHAhwevYxVnHta'+'%'\n         \n        limit 0, 8' at line 5\r\n### The error may exist in file [G:\\project\\springboot2\\rs\\target\\classes\\mapper\\UserMapper.xml]\r\n### The error may involve defaultParameterMap\r\n### The error occurred while setting parameters\r\n### SQL: select uuid, startdate,enddate, min, max         from user         where 1=1                       AND uuid like '%'+?+'%'                   limit ?, ?\r\n### Cause: com.mysql.jdbc.exceptions.jdbc4.MySQLSyntaxErrorException: You have an error in your SQL syntax; check the manual that corresponds to your MySQL server version for the right syntax to use near '+'UID_jLKtbrB1V1dRD1QHAhwevYxVnHta'+'%'\n         \n        limit 0, 8' at line 5\n; bad SQL grammar []; nested exception is com.mysql.jdbc.exceptions.jdbc4.MySQLSyntaxErrorException: You have an error in your SQL syntax; check the manual that corresponds to your MySQL server version for the right syntax to use near '+'UID_jLKtbrB1V1dRD1QHAhwevYxVnHta'+'%'\n         \n        limit 0, 8' at line 5"
24-07-12.17:17:58.778 [SpringApplicationShutdownHook] INFO  HikariDataSource       - HikariPool-1 - Shutdown initiated...
24-07-12.17:17:58.789 [SpringApplicationShutdownHook] INFO  HikariDataSource       - HikariPool-1 - Shutdown completed.
24-07-12.17:18:14.636 [restartedMain   ] INFO  App                    - Starting App using Java 1.8.0_292 on LAPTOP-E3F5BO7F with PID 22508 (G:\project\springboot2\rs\target\classes started by ASUS in G:\project\springboot2\rs)
24-07-12.17:18:14.639 [restartedMain   ] INFO  App                    - The following 1 profile is active: "pro"
24-07-12.17:18:14.834 [restartedMain   ] INFO  DevToolsPropertyDefaultsPostProcessor - Devtools property defaults active! Set 'spring.devtools.add-properties' to 'false' to disable
24-07-12.17:18:14.834 [restartedMain   ] INFO  DevToolsPropertyDefaultsPostProcessor - For additional web related logging consider setting the 'logging.level.web' property to 'DEBUG'
24-07-12.17:18:16.260 [restartedMain   ] INFO  RepositoryConfigurationDelegate - Multiple Spring Data modules found, entering strict repository configuration mode
24-07-12.17:18:16.267 [restartedMain   ] INFO  RepositoryConfigurationDelegate - Bootstrapping Spring Data Redis repositories in DEFAULT mode.
24-07-12.17:18:16.328 [restartedMain   ] INFO  RepositoryConfigurationDelegate - Finished Spring Data repository scanning in 20 ms. Found 0 Redis repository interfaces.
24-07-12.17:18:17.617 [restartedMain   ] INFO  TomcatWebServer        - Tomcat initialized with port(s): 8082 (http)
24-07-12.17:18:17.635 [restartedMain   ] INFO  Http11NioProtocol      - Initializing ProtocolHandler ["http-nio-8082"]
24-07-12.17:18:17.636 [restartedMain   ] INFO  StandardService        - Starting service [Tomcat]
24-07-12.17:18:17.636 [restartedMain   ] INFO  StandardEngine         - Starting Servlet engine: [Apache Tomcat/9.0.65]
24-07-12.17:18:17.785 [restartedMain   ] INFO  [/]                    - Initializing Spring embedded WebApplicationContext
24-07-12.17:18:17.786 [restartedMain   ] INFO  ServletWebServerApplicationContext - Root WebApplicationContext: initialization completed in 2951 ms
24-07-12.17:18:21.051 [restartedMain   ] INFO  OptionalLiveReloadServer - LiveReload server is running on port 35729
24-07-12.17:18:21.085 [restartedMain   ] INFO  Http11NioProtocol      - Starting ProtocolHandler ["http-nio-8082"]
24-07-12.17:18:21.120 [restartedMain   ] INFO  TomcatWebServer        - Tomcat started on port(s): 8082 (http) with context path ''
24-07-12.17:18:21.139 [restartedMain   ] INFO  App                    - Started App in 8.079 seconds (JVM running for 10.615)
24-07-12.17:20:53.043 [http-nio-8082-exec-1] INFO  [/]                    - Initializing Spring DispatcherServlet 'dispatcherServlet'
24-07-12.17:20:53.043 [http-nio-8082-exec-1] INFO  DispatcherServlet      - Initializing Servlet 'dispatcherServlet'
24-07-12.17:20:53.046 [http-nio-8082-exec-1] INFO  DispatcherServlet      - Completed initialization in 3 ms
24-07-12.17:20:53.372 [http-nio-8082-exec-3] INFO  HikariDataSource       - HikariPool-1 - Starting...
24-07-12.17:20:53.942 [http-nio-8082-exec-3] INFO  HikariDataSource       - HikariPool-1 - Start completed.
24-07-12.17:20:54.231 [http-nio-8082-exec-3] INFO  AdminController        - 后台管理端查询客户:{"page":0,"size":8}
24-07-12.17:21:00.464 [http-nio-8082-exec-2] ERROR AdminController        - 后台管理端查询客户操作报错:"\r\n### Error querying database.  Cause: com.mysql.jdbc.exceptions.jdbc4.MySQLSyntaxErrorException: You have an error in your SQL syntax; check the manual that corresponds to your MySQL server version for the right syntax to use near '+'UID_jLKtbrB1V1dRD1QHAhwevYxVnHta'+'%'\n         \n        limit 0, 8' at line 5\r\n### The error may exist in file [G:\\project\\springboot2\\rs\\target\\classes\\mapper\\UserMapper.xml]\r\n### The error may involve defaultParameterMap\r\n### The error occurred while setting parameters\r\n### SQL: select uuid, startdate,enddate, min, max         from user         where 1=1                       AND uuid like '%'+?+'%'                   limit ?, ?\r\n### Cause: com.mysql.jdbc.exceptions.jdbc4.MySQLSyntaxErrorException: You have an error in your SQL syntax; check the manual that corresponds to your MySQL server version for the right syntax to use near '+'UID_jLKtbrB1V1dRD1QHAhwevYxVnHta'+'%'\n         \n        limit 0, 8' at line 5\n; bad SQL grammar []; nested exception is com.mysql.jdbc.exceptions.jdbc4.MySQLSyntaxErrorException: You have an error in your SQL syntax; check the manual that corresponds to your MySQL server version for the right syntax to use near '+'UID_jLKtbrB1V1dRD1QHAhwevYxVnHta'+'%'\n         \n        limit 0, 8' at line 5"
24-07-12.17:21:53.211 [SpringApplicationShutdownHook] INFO  HikariDataSource       - HikariPool-1 - Shutdown initiated...
24-07-12.17:21:53.218 [SpringApplicationShutdownHook] INFO  HikariDataSource       - HikariPool-1 - Shutdown completed.
24-07-12.17:22:00.936 [restartedMain   ] INFO  App                    - Starting App using Java 1.8.0_292 on LAPTOP-E3F5BO7F with PID 3352 (G:\project\springboot2\rs\target\classes started by ASUS in G:\project\springboot2\rs)
24-07-12.17:22:00.938 [restartedMain   ] INFO  App                    - The following 1 profile is active: "pro"
24-07-12.17:22:01.140 [restartedMain   ] INFO  DevToolsPropertyDefaultsPostProcessor - Devtools property defaults active! Set 'spring.devtools.add-properties' to 'false' to disable
24-07-12.17:22:01.140 [restartedMain   ] INFO  DevToolsPropertyDefaultsPostProcessor - For additional web related logging consider setting the 'logging.level.web' property to 'DEBUG'
24-07-12.17:22:02.600 [restartedMain   ] INFO  RepositoryConfigurationDelegate - Multiple Spring Data modules found, entering strict repository configuration mode
24-07-12.17:22:02.603 [restartedMain   ] INFO  RepositoryConfigurationDelegate - Bootstrapping Spring Data Redis repositories in DEFAULT mode.
24-07-12.17:22:02.650 [restartedMain   ] INFO  RepositoryConfigurationDelegate - Finished Spring Data repository scanning in 19 ms. Found 0 Redis repository interfaces.
24-07-12.17:22:03.957 [restartedMain   ] INFO  TomcatWebServer        - Tomcat initialized with port(s): 8082 (http)
24-07-12.17:22:03.974 [restartedMain   ] INFO  Http11NioProtocol      - Initializing ProtocolHandler ["http-nio-8082"]
24-07-12.17:22:03.976 [restartedMain   ] INFO  StandardService        - Starting service [Tomcat]
24-07-12.17:22:03.976 [restartedMain   ] INFO  StandardEngine         - Starting Servlet engine: [Apache Tomcat/9.0.65]
24-07-12.17:22:04.140 [restartedMain   ] INFO  [/]                    - Initializing Spring embedded WebApplicationContext
24-07-12.17:22:04.141 [restartedMain   ] INFO  ServletWebServerApplicationContext - Root WebApplicationContext: initialization completed in 2998 ms
24-07-12.17:22:07.991 [restartedMain   ] INFO  OptionalLiveReloadServer - LiveReload server is running on port 35729
24-07-12.17:22:08.093 [restartedMain   ] INFO  Http11NioProtocol      - Starting ProtocolHandler ["http-nio-8082"]
24-07-12.17:22:08.152 [restartedMain   ] INFO  TomcatWebServer        - Tomcat started on port(s): 8082 (http) with context path ''
24-07-12.17:22:08.177 [restartedMain   ] INFO  App                    - Started App in 8.848 seconds (JVM running for 11.376)
24-07-12.17:22:11.262 [http-nio-8082-exec-1] INFO  [/]                    - Initializing Spring DispatcherServlet 'dispatcherServlet'
24-07-12.17:22:11.263 [http-nio-8082-exec-1] INFO  DispatcherServlet      - Initializing Servlet 'dispatcherServlet'
24-07-12.17:22:11.266 [http-nio-8082-exec-1] INFO  DispatcherServlet      - Completed initialization in 2 ms
24-07-12.17:22:11.533 [http-nio-8082-exec-1] INFO  HikariDataSource       - HikariPool-1 - Starting...
24-07-12.17:22:12.152 [http-nio-8082-exec-1] INFO  HikariDataSource       - HikariPool-1 - Start completed.
24-07-12.17:22:12.537 [http-nio-8082-exec-1] INFO  AdminController        - 后台管理端查询客户:{"page":0,"size":8,"uuid":"UID_jLKtbrB1V1dRD1QHAhwevYxVnHta"}
24-07-12.17:22:18.860 [http-nio-8082-exec-2] INFO  AdminController        - 后台管理端查询客户:{"page":0,"size":8,"uuid":"UID_jLKtbrB1V1dRD1QHAhwevYxVnHta"}
24-07-12.17:22:41.597 [http-nio-8082-exec-4] WARN  DefaultHandlerExceptionResolver - Resolved [org.springframework.web.HttpRequestMethodNotSupportedException: Request method 'GET' not supported]
24-07-12.17:23:08.250 [http-nio-8082-exec-5] INFO  AdminController        - 后台管理端查询客户:{"page":0,"size":8}
24-07-12.17:23:30.815 [http-nio-8082-exec-8] INFO  AdminController        - 后台管理端查询客户:{"page":0,"size":8}
24-07-12.17:25:09.573 [HikariPool-1 housekeeper] WARN  HikariPool             - HikariPool-1 - Thread starvation or clock leap detected (housekeeper delta=1m57s284ms804µs200ns).
24-07-12.17:25:09.661 [http-nio-8082-exec-10] INFO  AdminController        - 后台管理端查询客户:{"page":0,"size":8}
24-07-12.17:25:14.913 [http-nio-8082-exec-2] INFO  AdminController        - 后台管理端查询客户:{"page":0,"size":8}
24-07-12.17:26:02.313 [HikariPool-1 housekeeper] WARN  HikariPool             - HikariPool-1 - Thread starvation or clock leap detected (housekeeper delta=52s740ms116µs100ns).
24-07-12.17:26:02.505 [http-nio-8082-exec-4] ERROR AdminController        - 后台管理端编辑客户操作报错:"\r\n### Error updating database.  Cause: com.mysql.jdbc.exceptions.jdbc4.MySQLSyntaxErrorException: You have an error in your SQL syntax; check the manual that corresponds to your MySQL server version for the right syntax to use near 'SET min = '0.6',\n            \n            \n                max = '2.5' \n        ' at line 2\r\n### The error may exist in file [G:\\project\\springboot2\\rs\\target\\classes\\mapper\\UserMapper.xml]\r\n### The error may involve defaultParameterMap\r\n### The error occurred while setting parameters\r\n### SQL: update user set          SET min = ?,                                           max = ?          where uuid=?\r\n### Cause: com.mysql.jdbc.exceptions.jdbc4.MySQLSyntaxErrorException: You have an error in your SQL syntax; check the manual that corresponds to your MySQL server version for the right syntax to use near 'SET min = '0.6',\n            \n            \n                max = '2.5' \n        ' at line 2\n; bad SQL grammar []; nested exception is com.mysql.jdbc.exceptions.jdbc4.MySQLSyntaxErrorException: You have an error in your SQL syntax; check the manual that corresponds to your MySQL server version for the right syntax to use near 'SET min = '0.6',\n            \n            \n                max = '2.5' \n        ' at line 2"
24-07-12.17:26:02.853 [SpringApplicationShutdownHook] INFO  HikariDataSource       - HikariPool-1 - Shutdown initiated...
24-07-12.17:26:02.863 [SpringApplicationShutdownHook] INFO  HikariDataSource       - HikariPool-1 - Shutdown completed.
24-07-12.17:26:15.308 [restartedMain   ] INFO  App                    - Starting App using Java 1.8.0_292 on LAPTOP-E3F5BO7F with PID 24392 (G:\project\springboot2\rs\target\classes started by ASUS in G:\project\springboot2\rs)
24-07-12.17:26:15.310 [restartedMain   ] INFO  App                    - The following 1 profile is active: "pro"
24-07-12.17:26:15.504 [restartedMain   ] INFO  DevToolsPropertyDefaultsPostProcessor - Devtools property defaults active! Set 'spring.devtools.add-properties' to 'false' to disable
24-07-12.17:26:15.505 [restartedMain   ] INFO  DevToolsPropertyDefaultsPostProcessor - For additional web related logging consider setting the 'logging.level.web' property to 'DEBUG'
24-07-12.17:26:16.883 [restartedMain   ] INFO  RepositoryConfigurationDelegate - Multiple Spring Data modules found, entering strict repository configuration mode
24-07-12.17:26:16.886 [restartedMain   ] INFO  RepositoryConfigurationDelegate - Bootstrapping Spring Data Redis repositories in DEFAULT mode.
24-07-12.17:26:16.939 [restartedMain   ] INFO  RepositoryConfigurationDelegate - Finished Spring Data repository scanning in 21 ms. Found 0 Redis repository interfaces.
24-07-12.17:26:18.193 [restartedMain   ] INFO  TomcatWebServer        - Tomcat initialized with port(s): 8082 (http)
24-07-12.17:26:18.213 [restartedMain   ] INFO  Http11NioProtocol      - Initializing ProtocolHandler ["http-nio-8082"]
24-07-12.17:26:18.214 [restartedMain   ] INFO  StandardService        - Starting service [Tomcat]
24-07-12.17:26:18.215 [restartedMain   ] INFO  StandardEngine         - Starting Servlet engine: [Apache Tomcat/9.0.65]
24-07-12.17:26:18.370 [restartedMain   ] INFO  [/]                    - Initializing Spring embedded WebApplicationContext
24-07-12.17:26:18.370 [restartedMain   ] INFO  ServletWebServerApplicationContext - Root WebApplicationContext: initialization completed in 2864 ms
24-07-12.17:26:21.912 [restartedMain   ] INFO  OptionalLiveReloadServer - LiveReload server is running on port 35729
24-07-12.17:26:21.964 [restartedMain   ] INFO  Http11NioProtocol      - Starting ProtocolHandler ["http-nio-8082"]
24-07-12.17:26:22.015 [restartedMain   ] INFO  TomcatWebServer        - Tomcat started on port(s): 8082 (http) with context path ''
24-07-12.17:26:22.045 [restartedMain   ] INFO  App                    - Started App in 8.029 seconds (JVM running for 10.411)
24-07-12.17:26:28.275 [http-nio-8082-exec-1] INFO  [/]                    - Initializing Spring DispatcherServlet 'dispatcherServlet'
24-07-12.17:26:28.275 [http-nio-8082-exec-1] INFO  DispatcherServlet      - Initializing Servlet 'dispatcherServlet'
24-07-12.17:26:28.277 [http-nio-8082-exec-1] INFO  DispatcherServlet      - Completed initialization in 2 ms
24-07-12.17:26:28.649 [http-nio-8082-exec-1] INFO  HikariDataSource       - HikariPool-1 - Starting...
24-07-12.17:26:29.307 [http-nio-8082-exec-1] INFO  HikariDataSource       - HikariPool-1 - Start completed.
24-07-12.17:26:29.727 [http-nio-8082-exec-1] INFO  AdminController        - 后台管理端查询客户:{"page":0,"size":8}
24-07-12.17:28:21.688 [HikariPool-1 housekeeper] WARN  HikariPool             - HikariPool-1 - Thread starvation or clock leap detected (housekeeper delta=1m52s266ms440µs600ns).
24-07-12.17:28:21.913 [http-nio-8082-exec-2] ERROR AdminController        - 后台管理端编辑客户操作报错:"\r\n### Error updating database.  Cause: com.mysql.jdbc.exceptions.jdbc4.MySQLSyntaxErrorException: You have an error in your SQL syntax; check the manual that corresponds to your MySQL server version for the right syntax to use near 'SET min = '0.6',\n            \n            \n                max = '2.5' \n        ' at line 2\r\n### The error may exist in file [G:\\project\\springboot2\\rs\\target\\classes\\mapper\\UserMapper.xml]\r\n### The error may involve defaultParameterMap\r\n### The error occurred while setting parameters\r\n### SQL: update user set          SET min = ?,                                           max = ?          where uuid=?\r\n### Cause: com.mysql.jdbc.exceptions.jdbc4.MySQLSyntaxErrorException: You have an error in your SQL syntax; check the manual that corresponds to your MySQL server version for the right syntax to use near 'SET min = '0.6',\n            \n            \n                max = '2.5' \n        ' at line 2\n; bad SQL grammar []; nested exception is com.mysql.jdbc.exceptions.jdbc4.MySQLSyntaxErrorException: You have an error in your SQL syntax; check the manual that corresponds to your MySQL server version for the right syntax to use near 'SET min = '0.6',\n            \n            \n                max = '2.5' \n        ' at line 2"
24-07-12.17:28:22.472 [SpringApplicationShutdownHook] INFO  HikariDataSource       - HikariPool-1 - Shutdown initiated...
24-07-12.17:28:22.480 [SpringApplicationShutdownHook] INFO  HikariDataSource       - HikariPool-1 - Shutdown completed.
24-07-12.17:28:37.396 [restartedMain   ] INFO  App                    - Starting App using Java 1.8.0_292 on LAPTOP-E3F5BO7F with PID 24736 (G:\project\springboot2\rs\target\classes started by ASUS in G:\project\springboot2\rs)
24-07-12.17:28:37.398 [restartedMain   ] INFO  App                    - The following 1 profile is active: "pro"
24-07-12.17:28:37.601 [restartedMain   ] INFO  DevToolsPropertyDefaultsPostProcessor - Devtools property defaults active! Set 'spring.devtools.add-properties' to 'false' to disable
24-07-12.17:28:37.601 [restartedMain   ] INFO  DevToolsPropertyDefaultsPostProcessor - For additional web related logging consider setting the 'logging.level.web' property to 'DEBUG'
24-07-12.17:28:39.041 [restartedMain   ] INFO  RepositoryConfigurationDelegate - Multiple Spring Data modules found, entering strict repository configuration mode
24-07-12.17:28:39.046 [restartedMain   ] INFO  RepositoryConfigurationDelegate - Bootstrapping Spring Data Redis repositories in DEFAULT mode.
24-07-12.17:28:39.089 [restartedMain   ] INFO  RepositoryConfigurationDelegate - Finished Spring Data repository scanning in 15 ms. Found 0 Redis repository interfaces.
24-07-12.17:28:40.427 [restartedMain   ] INFO  TomcatWebServer        - Tomcat initialized with port(s): 8082 (http)
24-07-12.17:28:40.453 [restartedMain   ] INFO  Http11NioProtocol      - Initializing ProtocolHandler ["http-nio-8082"]
24-07-12.17:28:40.454 [restartedMain   ] INFO  StandardService        - Starting service [Tomcat]
24-07-12.17:28:40.455 [restartedMain   ] INFO  StandardEngine         - Starting Servlet engine: [Apache Tomcat/9.0.65]
24-07-12.17:28:40.622 [restartedMain   ] INFO  [/]                    - Initializing Spring embedded WebApplicationContext
24-07-12.17:28:40.622 [restartedMain   ] INFO  ServletWebServerApplicationContext - Root WebApplicationContext: initialization completed in 3020 ms
24-07-12.17:28:44.517 [restartedMain   ] INFO  OptionalLiveReloadServer - LiveReload server is running on port 35729
24-07-12.17:28:44.556 [restartedMain   ] INFO  Http11NioProtocol      - Starting ProtocolHandler ["http-nio-8082"]
24-07-12.17:28:44.588 [restartedMain   ] INFO  TomcatWebServer        - Tomcat started on port(s): 8082 (http) with context path ''
24-07-12.17:28:44.616 [restartedMain   ] INFO  App                    - Started App in 8.597 seconds (JVM running for 11.038)
24-07-12.17:28:56.509 [http-nio-8082-exec-2] INFO  [/]                    - Initializing Spring DispatcherServlet 'dispatcherServlet'
24-07-12.17:28:56.510 [http-nio-8082-exec-2] INFO  DispatcherServlet      - Initializing Servlet 'dispatcherServlet'
24-07-12.17:28:56.512 [http-nio-8082-exec-2] INFO  DispatcherServlet      - Completed initialization in 2 ms
24-07-12.17:28:56.913 [http-nio-8082-exec-2] INFO  HikariDataSource       - HikariPool-1 - Starting...
24-07-12.17:28:57.557 [http-nio-8082-exec-2] INFO  HikariDataSource       - HikariPool-1 - Start completed.
24-07-12.17:28:57.942 [http-nio-8082-exec-2] INFO  AdminController        - 后台管理端查询客户:{"page":0,"size":8}
24-07-12.17:29:43.180 [http-nio-8082-exec-3] INFO  UserServiceImpl        - 登录入参:UID_jLKtbrB1V1dRD1QHAhwevYxVnHta
24-07-12.17:29:43.360 [http-nio-8082-exec-3] INFO  UserServiceImpl        - 登录返参:{"enddate":"2024-08-15","max":"2.5","min":"0.6","startdate":"2024-07-11","uuid":"UID_jLKtbrB1V1dRD1QHAhwevYxVnHta"}
24-07-12.17:29:43.368 [http-nio-8082-exec-3] INFO  AdminController        - 后台管理端编辑客户:{"max":"2.5","min":"0.6","uuid":"UID_jLKtbrB1V1dRD1QHAhwevYxVnHta"}
24-07-12.17:29:43.440 [SpringApplicationShutdownHook] INFO  HikariDataSource       - HikariPool-1 - Shutdown initiated...
24-07-12.17:29:43.454 [SpringApplicationShutdownHook] INFO  HikariDataSource       - HikariPool-1 - Shutdown completed.
24-07-12.17:29:56.489 [restartedMain   ] INFO  App                    - Starting App using Java 1.8.0_292 on LAPTOP-E3F5BO7F with PID 24152 (G:\project\springboot2\rs\target\classes started by ASUS in G:\project\springboot2\rs)
24-07-12.17:29:56.491 [restartedMain   ] INFO  App                    - The following 1 profile is active: "pro"
24-07-12.17:29:56.690 [restartedMain   ] INFO  DevToolsPropertyDefaultsPostProcessor - Devtools property defaults active! Set 'spring.devtools.add-properties' to 'false' to disable
24-07-12.17:29:56.691 [restartedMain   ] INFO  DevToolsPropertyDefaultsPostProcessor - For additional web related logging consider setting the 'logging.level.web' property to 'DEBUG'
24-07-12.17:29:57.938 [restartedMain   ] INFO  RepositoryConfigurationDelegate - Multiple Spring Data modules found, entering strict repository configuration mode
24-07-12.17:29:57.941 [restartedMain   ] INFO  RepositoryConfigurationDelegate - Bootstrapping Spring Data Redis repositories in DEFAULT mode.
24-07-12.17:29:57.977 [restartedMain   ] INFO  RepositoryConfigurationDelegate - Finished Spring Data repository scanning in 16 ms. Found 0 Redis repository interfaces.
24-07-12.17:29:58.904 [restartedMain   ] INFO  TomcatWebServer        - Tomcat initialized with port(s): 8082 (http)
24-07-12.17:29:58.917 [restartedMain   ] INFO  Http11NioProtocol      - Initializing ProtocolHandler ["http-nio-8082"]
24-07-12.17:29:58.917 [restartedMain   ] INFO  StandardService        - Starting service [Tomcat]
24-07-12.17:29:58.918 [restartedMain   ] INFO  StandardEngine         - Starting Servlet engine: [Apache Tomcat/9.0.65]
24-07-12.17:29:59.050 [restartedMain   ] INFO  [/]                    - Initializing Spring embedded WebApplicationContext
24-07-12.17:29:59.051 [restartedMain   ] INFO  ServletWebServerApplicationContext - Root WebApplicationContext: initialization completed in 2359 ms
24-07-12.17:30:02.434 [restartedMain   ] INFO  OptionalLiveReloadServer - LiveReload server is running on port 35729
24-07-12.17:30:02.475 [restartedMain   ] INFO  Http11NioProtocol      - Starting ProtocolHandler ["http-nio-8082"]
24-07-12.17:30:02.521 [restartedMain   ] INFO  TomcatWebServer        - Tomcat started on port(s): 8082 (http) with context path ''
24-07-12.17:30:02.557 [restartedMain   ] INFO  App                    - Started App in 7.564 seconds (JVM running for 9.782)
24-07-12.17:30:06.700 [http-nio-8082-exec-1] INFO  [/]                    - Initializing Spring DispatcherServlet 'dispatcherServlet'
24-07-12.17:30:06.700 [http-nio-8082-exec-1] INFO  DispatcherServlet      - Initializing Servlet 'dispatcherServlet'
24-07-12.17:30:06.702 [http-nio-8082-exec-1] INFO  DispatcherServlet      - Completed initialization in 2 ms
24-07-12.17:30:07.005 [http-nio-8082-exec-1] INFO  HikariDataSource       - HikariPool-1 - Starting...
24-07-12.17:30:07.569 [http-nio-8082-exec-1] INFO  HikariDataSource       - HikariPool-1 - Start completed.
24-07-12.17:30:07.897 [http-nio-8082-exec-1] INFO  AdminController        - 后台管理端查询客户:{"page":0,"size":8}
24-07-12.17:30:44.893 [http-nio-8082-exec-4] INFO  AdminController        - 后台管理端查询客户:{"page":0,"size":8}
24-07-12.17:30:47.012 [http-nio-8082-exec-5] INFO  UserServiceImpl        - 登录入参:UID_jLKtbrB1V1dRD1QHAhwevYxVnHta
24-07-12.17:30:47.207 [http-nio-8082-exec-5] INFO  UserServiceImpl        - 登录返参:{"enddate":"2024-08-15","max":"2.5","min":"0.6","startdate":"2024-07-11","uuid":"UID_jLKtbrB1V1dRD1QHAhwevYxVnHta"}
24-07-12.17:30:47.216 [http-nio-8082-exec-5] INFO  AdminController        - 后台管理端编辑客户:{"max":"2.5","min":"0.6","uuid":"UID_jLKtbrB1V1dRD1QHAhwevYxVnHta"}
24-07-12.17:30:47.271 [SpringApplicationShutdownHook] INFO  HikariDataSource       - HikariPool-1 - Shutdown initiated...
24-07-12.17:30:47.287 [SpringApplicationShutdownHook] INFO  HikariDataSource       - HikariPool-1 - Shutdown completed.
24-07-12.17:31:01.649 [restartedMain   ] INFO  App                    - Starting App using Java 1.8.0_292 on LAPTOP-E3F5BO7F with PID 25124 (G:\project\springboot2\rs\target\classes started by ASUS in G:\project\springboot2\rs)
24-07-12.17:31:01.651 [restartedMain   ] INFO  App                    - The following 1 profile is active: "pro"
24-07-12.17:31:01.826 [restartedMain   ] INFO  DevToolsPropertyDefaultsPostProcessor - Devtools property defaults active! Set 'spring.devtools.add-properties' to 'false' to disable
24-07-12.17:31:01.827 [restartedMain   ] INFO  DevToolsPropertyDefaultsPostProcessor - For additional web related logging consider setting the 'logging.level.web' property to 'DEBUG'
24-07-12.17:31:03.421 [restartedMain   ] INFO  RepositoryConfigurationDelegate - Multiple Spring Data modules found, entering strict repository configuration mode
24-07-12.17:31:03.426 [restartedMain   ] INFO  RepositoryConfigurationDelegate - Bootstrapping Spring Data Redis repositories in DEFAULT mode.
24-07-12.17:31:03.483 [restartedMain   ] INFO  RepositoryConfigurationDelegate - Finished Spring Data repository scanning in 22 ms. Found 0 Redis repository interfaces.
24-07-12.17:31:04.869 [restartedMain   ] INFO  TomcatWebServer        - Tomcat initialized with port(s): 8082 (http)
24-07-12.17:31:04.890 [restartedMain   ] INFO  Http11NioProtocol      - Initializing ProtocolHandler ["http-nio-8082"]
24-07-12.17:31:04.891 [restartedMain   ] INFO  StandardService        - Starting service [Tomcat]
24-07-12.17:31:04.892 [restartedMain   ] INFO  StandardEngine         - Starting Servlet engine: [Apache Tomcat/9.0.65]
24-07-12.17:31:05.058 [restartedMain   ] INFO  [/]                    - Initializing Spring embedded WebApplicationContext
24-07-12.17:31:05.058 [restartedMain   ] INFO  ServletWebServerApplicationContext - Root WebApplicationContext: initialization completed in 3230 ms
24-07-12.17:31:08.867 [restartedMain   ] INFO  OptionalLiveReloadServer - LiveReload server is running on port 35729
24-07-12.17:31:08.910 [restartedMain   ] INFO  Http11NioProtocol      - Starting ProtocolHandler ["http-nio-8082"]
24-07-12.17:31:08.951 [restartedMain   ] INFO  TomcatWebServer        - Tomcat started on port(s): 8082 (http) with context path ''
24-07-12.17:31:08.972 [restartedMain   ] INFO  App                    - Started App in 8.847 seconds (JVM running for 11.345)
24-07-12.17:31:23.533 [http-nio-8082-exec-1] INFO  [/]                    - Initializing Spring DispatcherServlet 'dispatcherServlet'
24-07-12.17:31:23.533 [http-nio-8082-exec-1] INFO  DispatcherServlet      - Initializing Servlet 'dispatcherServlet'
24-07-12.17:31:23.537 [http-nio-8082-exec-1] INFO  DispatcherServlet      - Completed initialization in 4 ms
24-07-12.17:31:23.944 [http-nio-8082-exec-3] INFO  HikariDataSource       - HikariPool-1 - Starting...
24-07-12.17:31:24.612 [http-nio-8082-exec-3] INFO  HikariDataSource       - HikariPool-1 - Start completed.
24-07-12.17:31:24.981 [http-nio-8082-exec-3] INFO  AdminController        - 后台管理端查询客户:{"page":0,"size":8}
24-07-12.17:34:11.279 [HikariPool-1 housekeeper] WARN  HikariPool             - HikariPool-1 - Thread starvation or clock leap detected (housekeeper delta=2m46s556ms379µs100ns).
24-07-12.17:34:13.381 [http-nio-8082-exec-4] INFO  UserServiceImpl        - 登录入参:UID_jLKtbrB1V1dRD1QHAhwevYxVnHta
24-07-12.17:34:13.556 [http-nio-8082-exec-4] INFO  UserServiceImpl        - 登录返参:{"enddate":"2024-08-15","max":"2.5","min":"0.6","startdate":"2024-07-11","uuid":"UID_jLKtbrB1V1dRD1QHAhwevYxVnHta"}
24-07-12.17:34:13.557 [http-nio-8082-exec-4] INFO  AdminController        - 后台管理端编辑客户:{"enddate":"2024-08-21","max":"2.5","min":"0.6","startdate":"2024-07-11","uuid":"UID_jLKtbrB1V1dRD1QHAhwevYxVnHta"}
24-07-12.17:34:13.655 [SpringApplicationShutdownHook] INFO  HikariDataSource       - HikariPool-1 - Shutdown initiated...
24-07-12.17:34:13.667 [SpringApplicationShutdownHook] INFO  HikariDataSource       - HikariPool-1 - Shutdown completed.
24-07-12.17:34:25.701 [restartedMain   ] INFO  App                    - Starting App using Java 1.8.0_292 on LAPTOP-E3F5BO7F with PID 22356 (G:\project\springboot2\rs\target\classes started by ASUS in G:\project\springboot2\rs)
24-07-12.17:34:25.703 [restartedMain   ] INFO  App                    - The following 1 profile is active: "pro"
24-07-12.17:34:25.855 [restartedMain   ] INFO  DevToolsPropertyDefaultsPostProcessor - Devtools property defaults active! Set 'spring.devtools.add-properties' to 'false' to disable
24-07-12.17:34:25.855 [restartedMain   ] INFO  DevToolsPropertyDefaultsPostProcessor - For additional web related logging consider setting the 'logging.level.web' property to 'DEBUG'
24-07-12.17:34:26.992 [restartedMain   ] INFO  RepositoryConfigurationDelegate - Multiple Spring Data modules found, entering strict repository configuration mode
24-07-12.17:34:26.995 [restartedMain   ] INFO  RepositoryConfigurationDelegate - Bootstrapping Spring Data Redis repositories in DEFAULT mode.
24-07-12.17:34:27.036 [restartedMain   ] INFO  RepositoryConfigurationDelegate - Finished Spring Data repository scanning in 16 ms. Found 0 Redis repository interfaces.
24-07-12.17:34:28.043 [restartedMain   ] INFO  TomcatWebServer        - Tomcat initialized with port(s): 8082 (http)
24-07-12.17:34:28.062 [restartedMain   ] INFO  Http11NioProtocol      - Initializing ProtocolHandler ["http-nio-8082"]
24-07-12.17:34:28.063 [restartedMain   ] INFO  StandardService        - Starting service [Tomcat]
24-07-12.17:34:28.064 [restartedMain   ] INFO  StandardEngine         - Starting Servlet engine: [Apache Tomcat/9.0.65]
24-07-12.17:34:28.187 [restartedMain   ] INFO  [/]                    - Initializing Spring embedded WebApplicationContext
24-07-12.17:34:28.188 [restartedMain   ] INFO  ServletWebServerApplicationContext - Root WebApplicationContext: initialization completed in 2332 ms
24-07-12.17:34:31.126 [restartedMain   ] INFO  OptionalLiveReloadServer - LiveReload server is running on port 35729
24-07-12.17:34:31.155 [restartedMain   ] INFO  Http11NioProtocol      - Starting ProtocolHandler ["http-nio-8082"]
24-07-12.17:34:31.192 [restartedMain   ] INFO  TomcatWebServer        - Tomcat started on port(s): 8082 (http) with context path ''
24-07-12.17:34:31.210 [restartedMain   ] INFO  App                    - Started App in 6.803 seconds (JVM running for 8.984)
24-07-12.17:34:39.161 [http-nio-8082-exec-1] INFO  [/]                    - Initializing Spring DispatcherServlet 'dispatcherServlet'
24-07-12.17:34:39.163 [http-nio-8082-exec-1] INFO  DispatcherServlet      - Initializing Servlet 'dispatcherServlet'
24-07-12.17:34:39.167 [http-nio-8082-exec-1] INFO  DispatcherServlet      - Completed initialization in 4 ms
24-07-12.17:34:39.458 [http-nio-8082-exec-1] INFO  HikariDataSource       - HikariPool-1 - Starting...
24-07-12.17:34:40.053 [http-nio-8082-exec-1] INFO  HikariDataSource       - HikariPool-1 - Start completed.
24-07-12.17:34:40.380 [http-nio-8082-exec-1] INFO  AdminController        - 后台管理端查询客户:{"page":0,"size":8}
24-07-12.17:34:47.407 [http-nio-8082-exec-4] ERROR AdminController        - 后台管理端编辑客户操作报错:"\r\n### Error updating database.  Cause: com.mysql.jdbc.exceptions.jdbc4.MySQLSyntaxErrorException: You have an error in your SQL syntax; check the manual that corresponds to your MySQL server version for the right syntax to use near 'SET startdate = '2024-07-11 08:00:00',\n            \n            \n               ' at line 2\r\n### The error may exist in file [G:\\project\\springboot2\\rs\\target\\classes\\mapper\\UserMapper.xml]\r\n### The error may involve defaultParameterMap\r\n### The error occurred while setting parameters\r\n### SQL: update user set          SET startdate = ?,                                           enddate = ?,                                           min = ?,                                           max = ?          where uuid=?\r\n### Cause: com.mysql.jdbc.exceptions.jdbc4.MySQLSyntaxErrorException: You have an error in your SQL syntax; check the manual that corresponds to your MySQL server version for the right syntax to use near 'SET startdate = '2024-07-11 08:00:00',\n            \n            \n               ' at line 2\n; bad SQL grammar []; nested exception is com.mysql.jdbc.exceptions.jdbc4.MySQLSyntaxErrorException: You have an error in your SQL syntax; check the manual that corresponds to your MySQL server version for the right syntax to use near 'SET startdate = '2024-07-11 08:00:00',\n            \n            \n               ' at line 2"
24-07-12.17:35:14.379 [http-nio-8082-exec-3] ERROR AdminController        - 后台管理端编辑客户操作报错:"\r\n### Error updating database.  Cause: com.mysql.jdbc.exceptions.jdbc4.MySQLSyntaxErrorException: You have an error in your SQL syntax; check the manual that corresponds to your MySQL server version for the right syntax to use near 'SET startdate = '2024-07-11 08:00:00',\n            \n            \n               ' at line 2\r\n### The error may exist in file [G:\\project\\springboot2\\rs\\target\\classes\\mapper\\UserMapper.xml]\r\n### The error may involve defaultParameterMap\r\n### The error occurred while setting parameters\r\n### SQL: update user set          SET startdate = ?,                                           enddate = ?,                                           min = ?,                                           max = ?          where uuid=?\r\n### Cause: com.mysql.jdbc.exceptions.jdbc4.MySQLSyntaxErrorException: You have an error in your SQL syntax; check the manual that corresponds to your MySQL server version for the right syntax to use near 'SET startdate = '2024-07-11 08:00:00',\n            \n            \n               ' at line 2\n; bad SQL grammar []; nested exception is com.mysql.jdbc.exceptions.jdbc4.MySQLSyntaxErrorException: You have an error in your SQL syntax; check the manual that corresponds to your MySQL server version for the right syntax to use near 'SET startdate = '2024-07-11 08:00:00',\n            \n            \n               ' at line 2"
24-07-12.17:35:20.403 [http-nio-8082-exec-5] INFO  AdminController        - 后台管理端查询客户:{"page":0,"size":8}
24-07-12.17:42:15.024 [SpringApplicationShutdownHook] INFO  HikariDataSource       - HikariPool-1 - Shutdown initiated...
24-07-12.17:42:15.033 [SpringApplicationShutdownHook] INFO  HikariDataSource       - HikariPool-1 - Shutdown completed.
24-07-12.17:42:29.534 [restartedMain   ] INFO  App                    - Starting App using Java 1.8.0_292 on LAPTOP-E3F5BO7F with PID 4020 (G:\project\springboot2\rs\target\classes started by ASUS in G:\project\springboot2\rs)
24-07-12.17:42:29.537 [restartedMain   ] INFO  App                    - The following 1 profile is active: "pro"
24-07-12.17:42:29.851 [restartedMain   ] INFO  DevToolsPropertyDefaultsPostProcessor - Devtools property defaults active! Set 'spring.devtools.add-properties' to 'false' to disable
24-07-12.17:42:29.851 [restartedMain   ] INFO  DevToolsPropertyDefaultsPostProcessor - For additional web related logging consider setting the 'logging.level.web' property to 'DEBUG'
24-07-12.17:42:31.201 [restartedMain   ] INFO  RepositoryConfigurationDelegate - Multiple Spring Data modules found, entering strict repository configuration mode
24-07-12.17:42:31.207 [restartedMain   ] INFO  RepositoryConfigurationDelegate - Bootstrapping Spring Data Redis repositories in DEFAULT mode.
24-07-12.17:42:31.248 [restartedMain   ] INFO  RepositoryConfigurationDelegate - Finished Spring Data repository scanning in 13 ms. Found 0 Redis repository interfaces.
24-07-12.17:42:32.681 [restartedMain   ] INFO  TomcatWebServer        - Tomcat initialized with port(s): 8082 (http)
24-07-12.17:42:32.709 [restartedMain   ] INFO  Http11NioProtocol      - Initializing ProtocolHandler ["http-nio-8082"]
24-07-12.17:42:32.710 [restartedMain   ] INFO  StandardService        - Starting service [Tomcat]
24-07-12.17:42:32.710 [restartedMain   ] INFO  StandardEngine         - Starting Servlet engine: [Apache Tomcat/9.0.65]
24-07-12.17:42:32.866 [restartedMain   ] INFO  [/]                    - Initializing Spring embedded WebApplicationContext
24-07-12.17:42:32.867 [restartedMain   ] INFO  ServletWebServerApplicationContext - Root WebApplicationContext: initialization completed in 3014 ms
24-07-12.17:42:36.934 [restartedMain   ] INFO  OptionalLiveReloadServer - LiveReload server is running on port 35729
24-07-12.17:42:36.960 [restartedMain   ] INFO  Http11NioProtocol      - Starting ProtocolHandler ["http-nio-8082"]
24-07-12.17:42:36.986 [restartedMain   ] INFO  TomcatWebServer        - Tomcat started on port(s): 8082 (http) with context path ''
24-07-12.17:42:37.005 [restartedMain   ] INFO  App                    - Started App in 9.179 seconds (JVM running for 11.611)
24-07-12.17:43:46.727 [restartedMain   ] INFO  App                    - Starting App using Java 1.8.0_292 on LAPTOP-E3F5BO7F with PID 12012 (G:\project\springboot2\rs\target\classes started by ASUS in G:\project\springboot2\rs)
24-07-12.17:43:46.732 [restartedMain   ] INFO  App                    - The following 1 profile is active: "pro"
24-07-12.17:43:46.908 [restartedMain   ] INFO  DevToolsPropertyDefaultsPostProcessor - Devtools property defaults active! Set 'spring.devtools.add-properties' to 'false' to disable
24-07-12.17:43:46.909 [restartedMain   ] INFO  DevToolsPropertyDefaultsPostProcessor - For additional web related logging consider setting the 'logging.level.web' property to 'DEBUG'
24-07-12.17:43:48.277 [restartedMain   ] INFO  RepositoryConfigurationDelegate - Multiple Spring Data modules found, entering strict repository configuration mode
24-07-12.17:43:48.282 [restartedMain   ] INFO  RepositoryConfigurationDelegate - Bootstrapping Spring Data Redis repositories in DEFAULT mode.
24-07-12.17:43:48.341 [restartedMain   ] INFO  RepositoryConfigurationDelegate - Finished Spring Data repository scanning in 22 ms. Found 0 Redis repository interfaces.
24-07-12.17:43:49.562 [restartedMain   ] INFO  TomcatWebServer        - Tomcat initialized with port(s): 8082 (http)
24-07-12.17:43:49.583 [restartedMain   ] INFO  Http11NioProtocol      - Initializing ProtocolHandler ["http-nio-8082"]
24-07-12.17:43:49.585 [restartedMain   ] INFO  StandardService        - Starting service [Tomcat]
24-07-12.17:43:49.585 [restartedMain   ] INFO  StandardEngine         - Starting Servlet engine: [Apache Tomcat/9.0.65]
24-07-12.17:43:49.743 [restartedMain   ] INFO  [/]                    - Initializing Spring embedded WebApplicationContext
24-07-12.17:43:49.744 [restartedMain   ] INFO  ServletWebServerApplicationContext - Root WebApplicationContext: initialization completed in 2834 ms
24-07-12.17:43:53.495 [restartedMain   ] INFO  OptionalLiveReloadServer - LiveReload server is running on port 35729
24-07-12.17:43:53.571 [restartedMain   ] INFO  Http11NioProtocol      - Starting ProtocolHandler ["http-nio-8082"]
24-07-12.17:43:53.650 [restartedMain   ] INFO  TomcatWebServer        - Tomcat started on port(s): 8082 (http) with context path ''
24-07-12.17:43:53.685 [restartedMain   ] INFO  App                    - Started App in 8.578 seconds (JVM running for 11.937)
24-07-12.17:43:56.899 [http-nio-8082-exec-1] INFO  [/]                    - Initializing Spring DispatcherServlet 'dispatcherServlet'
24-07-12.17:43:56.900 [http-nio-8082-exec-1] INFO  DispatcherServlet      - Initializing Servlet 'dispatcherServlet'
24-07-12.17:43:56.905 [http-nio-8082-exec-1] INFO  DispatcherServlet      - Completed initialization in 5 ms
24-07-12.17:43:57.330 [http-nio-8082-exec-1] INFO  HikariDataSource       - HikariPool-1 - Starting...
24-07-12.17:43:57.995 [http-nio-8082-exec-1] INFO  HikariDataSource       - HikariPool-1 - Start completed.
24-07-12.17:43:58.406 [http-nio-8082-exec-1] INFO  AdminController        - 后台管理端查询客户:{"page":0,"size":8}
24-07-12.17:44:12.105 [http-nio-8082-exec-4] ERROR AdminController        - 后台管理端编辑客户操作报错:null
24-07-12.17:44:43.714 [HikariPool-1 housekeeper] WARN  HikariPool             - HikariPool-1 - Thread starvation or clock leap detected (housekeeper delta=45s613ms787µs).
24-07-12.17:44:46.804 [http-nio-8082-exec-8] ERROR AdminController        - 后台管理端编辑客户操作报错:null
24-07-12.17:55:19.325 [http-nio-8082-exec-2] INFO  AdminController        - 后台管理端查询客户:{"page":0,"size":8}
24-07-12.17:55:42.171 [http-nio-8082-exec-9] INFO  AdminController        - 后台管理端查询客户:{"page":0,"size":8}
24-07-12.17:59:19.297 [HikariPool-1 housekeeper] WARN  HikariPool             - HikariPool-1 - Thread starvation or clock leap detected (housekeeper delta=3m35s425ms398µs900ns).
24-07-12.17:59:19.298 [http-nio-8082-exec-6] ERROR AdminController        - 后台管理端编辑客户操作报错:null
24-07-12.17:59:19.384 [http-nio-8082-exec-7] INFO  AdminController        - 后台管理端查询客户:{"page":0,"size":8}
24-07-12.17:59:28.048 [http-nio-8082-exec-1] INFO  AdminController        - 后台管理端查询客户:{"page":0,"size":8}
24-07-12.18:00:38.126 [HikariPool-1 housekeeper] WARN  HikariPool             - HikariPool-1 - Thread starvation or clock leap detected (housekeeper delta=1m18s829ms154µs900ns).
24-07-12.18:00:38.220 [http-nio-8082-exec-8] INFO  AdminController        - 后台管理端查询客户:{"page":0,"size":8}
24-07-12.18:00:41.952 [http-nio-8082-exec-9] INFO  AdminController        - 后台管理端查询客户:{"page":0,"size":8}
24-07-12.18:01:10.655 [http-nio-8082-exec-7] INFO  AdminController        - 后台管理端查询客户:{"page":0,"size":8}
24-07-12.18:01:44.938 [http-nio-8082-exec-1] ERROR AdminController        - 后台管理端编辑客户操作报错:null
24-07-12.18:01:45.026 [http-nio-8082-exec-4] INFO  AdminController        - 后台管理端查询客户:{"page":0,"size":8}
24-07-12.18:02:54.027 [HikariPool-1 housekeeper] WARN  HikariPool             - HikariPool-1 - Thread starvation or clock leap detected (housekeeper delta=1m9s88ms227µs300ns).
24-07-12.18:03:21.788 [SpringApplicationShutdownHook] INFO  HikariDataSource       - HikariPool-1 - Shutdown initiated...
24-07-12.18:03:21.800 [SpringApplicationShutdownHook] INFO  HikariDataSource       - HikariPool-1 - Shutdown completed.
24-07-12.18:03:37.764 [restartedMain   ] INFO  App                    - Starting App using Java 1.8.0_292 on LAPTOP-E3F5BO7F with PID 26032 (G:\project\springboot2\rs\target\classes started by ASUS in G:\project\springboot2\rs)
24-07-12.18:03:37.766 [restartedMain   ] INFO  App                    - The following 1 profile is active: "pro"
24-07-12.18:03:38.133 [restartedMain   ] INFO  DevToolsPropertyDefaultsPostProcessor - Devtools property defaults active! Set 'spring.devtools.add-properties' to 'false' to disable
24-07-12.18:03:38.134 [restartedMain   ] INFO  DevToolsPropertyDefaultsPostProcessor - For additional web related logging consider setting the 'logging.level.web' property to 'DEBUG'
24-07-12.18:03:39.453 [restartedMain   ] INFO  RepositoryConfigurationDelegate - Multiple Spring Data modules found, entering strict repository configuration mode
24-07-12.18:03:39.456 [restartedMain   ] INFO  RepositoryConfigurationDelegate - Bootstrapping Spring Data Redis repositories in DEFAULT mode.
24-07-12.18:03:39.503 [restartedMain   ] INFO  RepositoryConfigurationDelegate - Finished Spring Data repository scanning in 19 ms. Found 0 Redis repository interfaces.
24-07-12.18:03:40.700 [restartedMain   ] INFO  TomcatWebServer        - Tomcat initialized with port(s): 8082 (http)
24-07-12.18:03:40.715 [restartedMain   ] INFO  Http11NioProtocol      - Initializing ProtocolHandler ["http-nio-8082"]
24-07-12.18:03:40.716 [restartedMain   ] INFO  StandardService        - Starting service [Tomcat]
24-07-12.18:03:40.716 [restartedMain   ] INFO  StandardEngine         - Starting Servlet engine: [Apache Tomcat/9.0.65]
24-07-12.18:03:40.864 [restartedMain   ] INFO  [/]                    - Initializing Spring embedded WebApplicationContext
24-07-12.18:03:40.865 [restartedMain   ] INFO  ServletWebServerApplicationContext - Root WebApplicationContext: initialization completed in 2729 ms
24-07-12.18:03:44.547 [restartedMain   ] INFO  OptionalLiveReloadServer - LiveReload server is running on port 35729
24-07-12.18:03:44.593 [restartedMain   ] INFO  Http11NioProtocol      - Starting ProtocolHandler ["http-nio-8082"]
24-07-12.18:03:44.637 [restartedMain   ] INFO  TomcatWebServer        - Tomcat started on port(s): 8082 (http) with context path ''
24-07-12.18:03:44.663 [restartedMain   ] INFO  App                    - Started App in 8.456 seconds (JVM running for 11.247)
24-07-12.18:03:46.686 [http-nio-8082-exec-1] INFO  [/]                    - Initializing Spring DispatcherServlet 'dispatcherServlet'
24-07-12.18:03:46.686 [http-nio-8082-exec-1] INFO  DispatcherServlet      - Initializing Servlet 'dispatcherServlet'
24-07-12.18:03:46.689 [http-nio-8082-exec-1] INFO  DispatcherServlet      - Completed initialization in 3 ms
24-07-12.18:03:47.166 [http-nio-8082-exec-1] INFO  HikariDataSource       - HikariPool-1 - Starting...
24-07-12.18:03:47.774 [http-nio-8082-exec-1] INFO  HikariDataSource       - HikariPool-1 - Start completed.
24-07-12.18:03:48.117 [http-nio-8082-exec-1] INFO  AdminController        - 后台管理端查询客户:{"page":0,"size":8}
24-07-12.18:04:47.459 [SpringApplicationShutdownHook] INFO  HikariDataSource       - HikariPool-1 - Shutdown initiated...
24-07-12.18:04:47.474 [SpringApplicationShutdownHook] INFO  HikariDataSource       - HikariPool-1 - Shutdown completed.
24-07-12.18:05:00.692 [restartedMain   ] INFO  App                    - Starting App using Java 1.8.0_292 on LAPTOP-E3F5BO7F with PID 11992 (G:\project\springboot2\rs\target\classes started by ASUS in G:\project\springboot2\rs)
24-07-12.18:05:00.695 [restartedMain   ] INFO  App                    - The following 1 profile is active: "pro"
24-07-12.18:05:00.881 [restartedMain   ] INFO  DevToolsPropertyDefaultsPostProcessor - Devtools property defaults active! Set 'spring.devtools.add-properties' to 'false' to disable
24-07-12.18:05:00.881 [restartedMain   ] INFO  DevToolsPropertyDefaultsPostProcessor - For additional web related logging consider setting the 'logging.level.web' property to 'DEBUG'
24-07-12.18:05:02.258 [restartedMain   ] INFO  RepositoryConfigurationDelegate - Multiple Spring Data modules found, entering strict repository configuration mode
24-07-12.18:05:02.262 [restartedMain   ] INFO  RepositoryConfigurationDelegate - Bootstrapping Spring Data Redis repositories in DEFAULT mode.
24-07-12.18:05:02.315 [restartedMain   ] INFO  RepositoryConfigurationDelegate - Finished Spring Data repository scanning in 21 ms. Found 0 Redis repository interfaces.
24-07-12.18:05:03.774 [restartedMain   ] INFO  TomcatWebServer        - Tomcat initialized with port(s): 8082 (http)
24-07-12.18:05:03.788 [restartedMain   ] INFO  Http11NioProtocol      - Initializing ProtocolHandler ["http-nio-8082"]
24-07-12.18:05:03.789 [restartedMain   ] INFO  StandardService        - Starting service [Tomcat]
24-07-12.18:05:03.789 [restartedMain   ] INFO  StandardEngine         - Starting Servlet engine: [Apache Tomcat/9.0.65]
24-07-12.18:05:03.954 [restartedMain   ] INFO  [/]                    - Initializing Spring embedded WebApplicationContext
24-07-12.18:05:03.955 [restartedMain   ] INFO  ServletWebServerApplicationContext - Root WebApplicationContext: initialization completed in 3073 ms
24-07-12.18:05:07.594 [restartedMain   ] INFO  OptionalLiveReloadServer - LiveReload server is running on port 35729
24-07-12.18:05:07.636 [restartedMain   ] INFO  Http11NioProtocol      - Starting ProtocolHandler ["http-nio-8082"]
24-07-12.18:05:07.674 [restartedMain   ] INFO  TomcatWebServer        - Tomcat started on port(s): 8082 (http) with context path ''
24-07-12.18:05:07.697 [restartedMain   ] INFO  App                    - Started App in 8.378 seconds (JVM running for 10.684)
24-07-12.18:05:10.517 [http-nio-8082-exec-2] INFO  [/]                    - Initializing Spring DispatcherServlet 'dispatcherServlet'
24-07-12.18:05:10.517 [http-nio-8082-exec-2] INFO  DispatcherServlet      - Initializing Servlet 'dispatcherServlet'
24-07-12.18:05:10.519 [http-nio-8082-exec-2] INFO  DispatcherServlet      - Completed initialization in 2 ms
24-07-12.18:05:10.890 [http-nio-8082-exec-2] INFO  HikariDataSource       - HikariPool-1 - Starting...
24-07-12.18:05:11.529 [http-nio-8082-exec-2] INFO  HikariDataSource       - HikariPool-1 - Start completed.
24-07-12.18:05:11.938 [http-nio-8082-exec-2] INFO  AdminController        - 后台管理端查询客户:{"page":0,"size":8}
24-07-12.18:05:46.945 [http-nio-8082-exec-3] ERROR AdminController        - 后台管理端编辑客户操作报错:"\r\n### Error updating database.  Cause: com.mysql.jdbc.exceptions.jdbc4.MySQLSyntaxErrorException: You have an error in your SQL syntax; check the manual that corresponds to your MySQL server version for the right syntax to use near 'SET startdate = '2024-07-11 00:00:00',\n            \n            \n               ' at line 2\r\n### The error may exist in file [G:\\project\\springboot2\\rs\\target\\classes\\mapper\\UserMapper.xml]\r\n### The error may involve defaultParameterMap\r\n### The error occurred while setting parameters\r\n### SQL: update user set          SET startdate = ?,                                           enddate = ?,                                           min = ?,                                           max = ?          where uuid=?\r\n### Cause: com.mysql.jdbc.exceptions.jdbc4.MySQLSyntaxErrorException: You have an error in your SQL syntax; check the manual that corresponds to your MySQL server version for the right syntax to use near 'SET startdate = '2024-07-11 00:00:00',\n            \n            \n               ' at line 2\n; bad SQL grammar []; nested exception is com.mysql.jdbc.exceptions.jdbc4.MySQLSyntaxErrorException: You have an error in your SQL syntax; check the manual that corresponds to your MySQL server version for the right syntax to use near 'SET startdate = '2024-07-11 00:00:00',\n            \n            \n               ' at line 2"
24-07-12.18:07:31.062 [SpringApplicationShutdownHook] INFO  HikariDataSource       - HikariPool-1 - Shutdown initiated...
24-07-12.18:07:31.076 [SpringApplicationShutdownHook] INFO  HikariDataSource       - HikariPool-1 - Shutdown completed.
24-07-12.18:07:50.623 [restartedMain   ] INFO  App                    - Starting App using Java 1.8.0_292 on LAPTOP-E3F5BO7F with PID 10236 (G:\project\springboot2\rs\target\classes started by ASUS in G:\project\springboot2\rs)
24-07-12.18:07:50.626 [restartedMain   ] INFO  App                    - The following 1 profile is active: "pro"
24-07-12.18:07:50.844 [restartedMain   ] INFO  DevToolsPropertyDefaultsPostProcessor - Devtools property defaults active! Set 'spring.devtools.add-properties' to 'false' to disable
24-07-12.18:07:50.844 [restartedMain   ] INFO  DevToolsPropertyDefaultsPostProcessor - For additional web related logging consider setting the 'logging.level.web' property to 'DEBUG'
24-07-12.18:07:52.643 [restartedMain   ] INFO  RepositoryConfigurationDelegate - Multiple Spring Data modules found, entering strict repository configuration mode
24-07-12.18:07:52.647 [restartedMain   ] INFO  RepositoryConfigurationDelegate - Bootstrapping Spring Data Redis repositories in DEFAULT mode.
24-07-12.18:07:52.701 [restartedMain   ] INFO  RepositoryConfigurationDelegate - Finished Spring Data repository scanning in 23 ms. Found 0 Redis repository interfaces.
24-07-12.18:07:54.470 [restartedMain   ] INFO  TomcatWebServer        - Tomcat initialized with port(s): 8082 (http)
24-07-12.18:07:54.493 [restartedMain   ] INFO  Http11NioProtocol      - Initializing ProtocolHandler ["http-nio-8082"]
24-07-12.18:07:54.495 [restartedMain   ] INFO  StandardService        - Starting service [Tomcat]
24-07-12.18:07:54.495 [restartedMain   ] INFO  StandardEngine         - Starting Servlet engine: [Apache Tomcat/9.0.65]
24-07-12.18:07:54.784 [restartedMain   ] INFO  [/]                    - Initializing Spring embedded WebApplicationContext
24-07-12.18:07:54.786 [restartedMain   ] INFO  ServletWebServerApplicationContext - Root WebApplicationContext: initialization completed in 3940 ms
24-07-12.18:07:59.127 [restartedMain   ] INFO  OptionalLiveReloadServer - LiveReload server is running on port 35729
24-07-12.18:07:59.202 [restartedMain   ] INFO  Http11NioProtocol      - Starting ProtocolHandler ["http-nio-8082"]
24-07-12.18:07:59.301 [restartedMain   ] INFO  TomcatWebServer        - Tomcat started on port(s): 8082 (http) with context path ''
24-07-12.18:07:59.357 [restartedMain   ] INFO  App                    - Started App in 10.493 seconds (JVM running for 14.017)
24-07-12.18:08:02.601 [http-nio-8082-exec-2] INFO  [/]                    - Initializing Spring DispatcherServlet 'dispatcherServlet'
24-07-12.18:08:02.601 [http-nio-8082-exec-2] INFO  DispatcherServlet      - Initializing Servlet 'dispatcherServlet'
24-07-12.18:08:02.603 [http-nio-8082-exec-2] INFO  DispatcherServlet      - Completed initialization in 2 ms
24-07-12.18:08:03.077 [http-nio-8082-exec-2] INFO  HikariDataSource       - HikariPool-1 - Starting...
24-07-12.18:08:03.841 [http-nio-8082-exec-2] INFO  HikariDataSource       - HikariPool-1 - Start completed.
24-07-12.18:08:04.372 [http-nio-8082-exec-2] INFO  AdminController        - 后台管理端查询客户:{"page":0,"size":8}
24-07-12.18:08:04.809 [http-nio-8082-exec-4] INFO  AdminController        - 后台管理端查询客户:{"page":0,"size":8}
24-07-12.18:08:16.083 [http-nio-8082-exec-8] ERROR AdminController        - 后台管理端编辑客户操作报错:"\r\n### Error updating database.  Cause: com.mysql.jdbc.exceptions.jdbc4.MySQLSyntaxErrorException: You have an error in your SQL syntax; check the manual that corresponds to your MySQL server version for the right syntax to use near 'SET min = '3',\n            \n            \n                max = '2.5' \n        wh' at line 2\r\n### The error may exist in file [G:\\project\\springboot2\\rs\\target\\classes\\mapper\\UserMapper.xml]\r\n### The error may involve defaultParameterMap\r\n### The error occurred while setting parameters\r\n### SQL: update user set          SET min = ?,                                           max = ?          where uuid=?\r\n### Cause: com.mysql.jdbc.exceptions.jdbc4.MySQLSyntaxErrorException: You have an error in your SQL syntax; check the manual that corresponds to your MySQL server version for the right syntax to use near 'SET min = '3',\n            \n            \n                max = '2.5' \n        wh' at line 2\n; bad SQL grammar []; nested exception is com.mysql.jdbc.exceptions.jdbc4.MySQLSyntaxErrorException: You have an error in your SQL syntax; check the manual that corresponds to your MySQL server version for the right syntax to use near 'SET min = '3',\n            \n            \n                max = '2.5' \n        wh' at line 2"
24-07-12.18:08:21.757 [http-nio-8082-exec-9] INFO  AdminController        - 后台管理端查询客户:{"page":0,"size":8}
24-07-12.18:09:33.087 [SpringApplicationShutdownHook] INFO  HikariDataSource       - HikariPool-1 - Shutdown initiated...
24-07-12.18:09:33.100 [SpringApplicationShutdownHook] INFO  HikariDataSource       - HikariPool-1 - Shutdown completed.
24-07-12.18:09:40.965 [restartedMain   ] INFO  App                    - Starting App using Java 1.8.0_292 on LAPTOP-E3F5BO7F with PID 264 (G:\project\springboot2\rs\target\classes started by ASUS in G:\project\springboot2\rs)
24-07-12.18:09:40.968 [restartedMain   ] INFO  App                    - The following 1 profile is active: "pro"
24-07-12.18:09:41.168 [restartedMain   ] INFO  DevToolsPropertyDefaultsPostProcessor - Devtools property defaults active! Set 'spring.devtools.add-properties' to 'false' to disable
24-07-12.18:09:41.169 [restartedMain   ] INFO  DevToolsPropertyDefaultsPostProcessor - For additional web related logging consider setting the 'logging.level.web' property to 'DEBUG'
24-07-12.18:09:42.694 [restartedMain   ] INFO  RepositoryConfigurationDelegate - Multiple Spring Data modules found, entering strict repository configuration mode
24-07-12.18:09:42.698 [restartedMain   ] INFO  RepositoryConfigurationDelegate - Bootstrapping Spring Data Redis repositories in DEFAULT mode.
24-07-12.18:09:42.748 [restartedMain   ] INFO  RepositoryConfigurationDelegate - Finished Spring Data repository scanning in 22 ms. Found 0 Redis repository interfaces.
24-07-12.18:09:44.212 [restartedMain   ] INFO  TomcatWebServer        - Tomcat initialized with port(s): 8082 (http)
24-07-12.18:09:44.236 [restartedMain   ] INFO  Http11NioProtocol      - Initializing ProtocolHandler ["http-nio-8082"]
24-07-12.18:09:44.237 [restartedMain   ] INFO  StandardService        - Starting service [Tomcat]
24-07-12.18:09:44.238 [restartedMain   ] INFO  StandardEngine         - Starting Servlet engine: [Apache Tomcat/9.0.65]
24-07-12.18:09:44.482 [restartedMain   ] INFO  [/]                    - Initializing Spring embedded WebApplicationContext
24-07-12.18:09:44.483 [restartedMain   ] INFO  ServletWebServerApplicationContext - Root WebApplicationContext: initialization completed in 3313 ms
24-07-12.18:09:48.423 [restartedMain   ] INFO  OptionalLiveReloadServer - LiveReload server is running on port 35729
24-07-12.18:09:48.467 [restartedMain   ] INFO  Http11NioProtocol      - Starting ProtocolHandler ["http-nio-8082"]
24-07-12.18:09:48.510 [restartedMain   ] INFO  TomcatWebServer        - Tomcat started on port(s): 8082 (http) with context path ''
24-07-12.18:09:48.532 [restartedMain   ] INFO  App                    - Started App in 9.3 seconds (JVM running for 12.047)
24-07-12.18:10:16.209 [http-nio-8082-exec-1] INFO  [/]                    - Initializing Spring DispatcherServlet 'dispatcherServlet'
24-07-12.18:10:16.210 [http-nio-8082-exec-1] INFO  DispatcherServlet      - Initializing Servlet 'dispatcherServlet'
24-07-12.18:10:16.215 [http-nio-8082-exec-1] INFO  DispatcherServlet      - Completed initialization in 4 ms
24-07-12.18:10:16.721 [http-nio-8082-exec-1] INFO  HikariDataSource       - HikariPool-1 - Starting...
24-07-12.18:10:17.354 [http-nio-8082-exec-1] INFO  HikariDataSource       - HikariPool-1 - Start completed.
24-07-12.18:10:17.760 [http-nio-8082-exec-1] INFO  AdminController        - 后台管理端查询客户:{"page":0,"size":8}
24-07-12.18:10:19.946 [http-nio-8082-exec-2] INFO  AdminController        - 后台管理端查询客户:{"page":0,"size":8}
24-07-12.18:10:27.005 [http-nio-8082-exec-3] ERROR AdminController        - 后台管理端编辑客户操作报错:"\r\n### Error updating database.  Cause: com.mysql.jdbc.exceptions.jdbc4.MySQLSyntaxErrorException: You have an error in your SQL syntax; check the manual that corresponds to your MySQL server version for the right syntax to use near 'SET min = '3',\n            \n            \n                max = '2.5' \n        wh' at line 2\r\n### The error may exist in file [G:\\project\\springboot2\\rs\\target\\classes\\mapper\\UserMapper.xml]\r\n### The error may involve defaultParameterMap\r\n### The error occurred while setting parameters\r\n### SQL: update user set          SET min = ?,                                           max = ?          where uuid=?\r\n### Cause: com.mysql.jdbc.exceptions.jdbc4.MySQLSyntaxErrorException: You have an error in your SQL syntax; check the manual that corresponds to your MySQL server version for the right syntax to use near 'SET min = '3',\n            \n            \n                max = '2.5' \n        wh' at line 2\n; bad SQL grammar []; nested exception is com.mysql.jdbc.exceptions.jdbc4.MySQLSyntaxErrorException: You have an error in your SQL syntax; check the manual that corresponds to your MySQL server version for the right syntax to use near 'SET min = '3',\n            \n            \n                max = '2.5' \n        wh' at line 2"
24-07-12.18:10:43.912 [SpringApplicationShutdownHook] INFO  HikariDataSource       - HikariPool-1 - Shutdown initiated...
24-07-12.18:10:43.922 [SpringApplicationShutdownHook] INFO  HikariDataSource       - HikariPool-1 - Shutdown completed.
24-07-12.18:10:52.314 [restartedMain   ] INFO  App                    - Starting App using Java 1.8.0_292 on LAPTOP-E3F5BO7F with PID 21384 (G:\project\springboot2\rs\target\classes started by ASUS in G:\project\springboot2\rs)
24-07-12.18:10:52.316 [restartedMain   ] INFO  App                    - The following 1 profile is active: "pro"
24-07-12.18:10:52.526 [restartedMain   ] INFO  DevToolsPropertyDefaultsPostProcessor - Devtools property defaults active! Set 'spring.devtools.add-properties' to 'false' to disable
24-07-12.18:10:52.526 [restartedMain   ] INFO  DevToolsPropertyDefaultsPostProcessor - For additional web related logging consider setting the 'logging.level.web' property to 'DEBUG'
24-07-12.18:10:54.156 [restartedMain   ] INFO  RepositoryConfigurationDelegate - Multiple Spring Data modules found, entering strict repository configuration mode
24-07-12.18:10:54.160 [restartedMain   ] INFO  RepositoryConfigurationDelegate - Bootstrapping Spring Data Redis repositories in DEFAULT mode.
24-07-12.18:10:54.208 [restartedMain   ] INFO  RepositoryConfigurationDelegate - Finished Spring Data repository scanning in 18 ms. Found 0 Redis repository interfaces.
24-07-12.18:10:55.403 [restartedMain   ] INFO  TomcatWebServer        - Tomcat initialized with port(s): 8082 (http)
24-07-12.18:10:55.418 [restartedMain   ] INFO  Http11NioProtocol      - Initializing ProtocolHandler ["http-nio-8082"]
24-07-12.18:10:55.419 [restartedMain   ] INFO  StandardService        - Starting service [Tomcat]
24-07-12.18:10:55.420 [restartedMain   ] INFO  StandardEngine         - Starting Servlet engine: [Apache Tomcat/9.0.65]
24-07-12.18:10:55.545 [restartedMain   ] INFO  [/]                    - Initializing Spring embedded WebApplicationContext
24-07-12.18:10:55.546 [restartedMain   ] INFO  ServletWebServerApplicationContext - Root WebApplicationContext: initialization completed in 3019 ms
24-07-12.18:10:59.236 [restartedMain   ] INFO  OptionalLiveReloadServer - LiveReload server is running on port 35729
24-07-12.18:10:59.267 [restartedMain   ] INFO  Http11NioProtocol      - Starting ProtocolHandler ["http-nio-8082"]
24-07-12.18:10:59.307 [restartedMain   ] INFO  TomcatWebServer        - Tomcat started on port(s): 8082 (http) with context path ''
24-07-12.18:10:59.328 [restartedMain   ] INFO  App                    - Started App in 8.698 seconds (JVM running for 11.885)
24-07-12.18:11:09.436 [http-nio-8082-exec-2] INFO  [/]                    - Initializing Spring DispatcherServlet 'dispatcherServlet'
24-07-12.18:11:09.437 [http-nio-8082-exec-2] INFO  DispatcherServlet      - Initializing Servlet 'dispatcherServlet'
24-07-12.18:11:09.439 [http-nio-8082-exec-2] INFO  DispatcherServlet      - Completed initialization in 2 ms
24-07-12.18:11:09.781 [http-nio-8082-exec-2] INFO  HikariDataSource       - HikariPool-1 - Starting...
24-07-12.18:11:10.438 [http-nio-8082-exec-2] INFO  HikariDataSource       - HikariPool-1 - Start completed.
24-07-12.18:11:10.829 [http-nio-8082-exec-2] INFO  AdminController        - 后台管理端查询客户:{"page":0,"size":8}
24-07-12.18:11:18.913 [http-nio-8082-exec-1] INFO  UserServiceImpl        - 登录入参:UID_jLKtbrB1V1dRD1QHAhwevYxVnHta
24-07-12.18:11:19.085 [http-nio-8082-exec-1] INFO  UserServiceImpl        - 登录返参:{"enddate":"2024-08-15","max":"2.5","min":"3","startdate":"2024-07-11","uuid":"UID_jLKtbrB1V1dRD1QHAhwevYxVnHta"}
24-07-12.18:11:19.086 [http-nio-8082-exec-1] INFO  AdminController        - 后台管理端编辑客户:{"max":"2.5","min":"3","uuid":"UID_jLKtbrB1V1dRD1QHAhwevYxVnHta"}
24-07-12.18:11:31.884 [http-nio-8082-exec-3] INFO  AdminController        - 后台管理端查询客户:{"page":0,"size":8}
24-07-12.18:12:38.335 [http-nio-8082-exec-5] INFO  AdminController        - 后台管理端查询客户:{"page":0,"size":8}
24-07-12.18:12:47.329 [http-nio-8082-exec-6] INFO  AdminController        - 后台管理端查询客户:{"page":0,"size":8}
24-07-12.18:12:54.960 [http-nio-8082-exec-7] INFO  UserServiceImpl        - 登录入参:UID_jLKtbrB1V1dRD1QHAhwevYxVnHta
24-07-12.18:12:55.083 [http-nio-8082-exec-7] INFO  UserServiceImpl        - 登录返参:{"enddate":"2024-08-15","max":"1","min":"3","startdate":"2024-07-11","uuid":"UID_jLKtbrB1V1dRD1QHAhwevYxVnHta"}
24-07-12.18:12:55.083 [http-nio-8082-exec-7] INFO  AdminController        - 后台管理端编辑客户:{"max":"1","min":"3","uuid":"UID_jLKtbrB1V1dRD1QHAhwevYxVnHta"}
24-07-12.18:12:59.812 [http-nio-8082-exec-9] INFO  AdminController        - 后台管理端查询客户:{"page":0,"size":8}
24-07-12.18:13:21.322 [http-nio-8082-exec-10] INFO  AdminController        - 后台管理端查询客户:{"page":0,"size":8}
24-07-12.18:14:18.514 [http-nio-8082-exec-2] INFO  AdminController        - 后台管理端查询客户:{"page":0,"size":8}
24-07-12.18:14:26.657 [http-nio-8082-exec-1] INFO  UserServiceImpl        - 登录入参:UID_jLKtbrB1V1dRD1QHAhwevYxVnHta
24-07-12.18:14:26.763 [http-nio-8082-exec-1] INFO  UserServiceImpl        - 登录返参:{"enddate":"2024-08-15","max":"0.6","min":"3","startdate":"2024-07-11","uuid":"UID_jLKtbrB1V1dRD1QHAhwevYxVnHta"}
24-07-12.18:14:26.764 [http-nio-8082-exec-1] INFO  AdminController        - 后台管理端编辑客户:{"max":"0.6","min":"3","uuid":"UID_jLKtbrB1V1dRD1QHAhwevYxVnHta"}
24-07-12.18:14:26.858 [http-nio-8082-exec-3] INFO  AdminController        - 后台管理端查询客户:{"page":0,"size":8,"uuid":"UID_jLKtbrB1V1dRD1QHAhwevYxVnHta"}
24-07-12.18:14:49.247 [http-nio-8082-exec-4] INFO  AdminController        - 后台管理端查询客户:{"page":0,"size":8}
24-07-12.18:14:58.220 [http-nio-8082-exec-5] INFO  UserServiceImpl        - 登录入参:UID_jLKtbrB1V1dRD1QHAhwevYxVnHta
24-07-12.18:14:58.329 [http-nio-8082-exec-5] INFO  UserServiceImpl        - 登录返参:{"enddate":"2024-08-15","max":"0.7","min":"3","startdate":"2024-07-11","uuid":"UID_jLKtbrB1V1dRD1QHAhwevYxVnHta"}
24-07-12.18:14:58.330 [http-nio-8082-exec-5] INFO  AdminController        - 后台管理端编辑客户:{"max":"0.7","min":"3","uuid":"UID_jLKtbrB1V1dRD1QHAhwevYxVnHta"}
24-07-12.18:14:58.411 [http-nio-8082-exec-6] INFO  AdminController        - 后台管理端查询客户:{"page":0,"size":8}
24-07-12.18:20:33.205 [SpringApplicationShutdownHook] INFO  HikariDataSource       - HikariPool-1 - Shutdown initiated...
24-07-12.18:20:33.216 [SpringApplicationShutdownHook] INFO  HikariDataSource       - HikariPool-1 - Shutdown completed.
24-07-12.18:20:48.426 [restartedMain   ] INFO  App                    - Starting App using Java 1.8.0_292 on LAPTOP-E3F5BO7F with PID 1452 (G:\project\springboot2\rs\target\classes started by ASUS in G:\project\springboot2\rs)
24-07-12.18:20:48.428 [restartedMain   ] INFO  App                    - The following 1 profile is active: "pro"
24-07-12.18:20:48.637 [restartedMain   ] INFO  DevToolsPropertyDefaultsPostProcessor - Devtools property defaults active! Set 'spring.devtools.add-properties' to 'false' to disable
24-07-12.18:20:48.637 [restartedMain   ] INFO  DevToolsPropertyDefaultsPostProcessor - For additional web related logging consider setting the 'logging.level.web' property to 'DEBUG'
24-07-12.18:20:50.187 [restartedMain   ] INFO  RepositoryConfigurationDelegate - Multiple Spring Data modules found, entering strict repository configuration mode
24-07-12.18:20:50.192 [restartedMain   ] INFO  RepositoryConfigurationDelegate - Bootstrapping Spring Data Redis repositories in DEFAULT mode.
24-07-12.18:20:50.253 [restartedMain   ] INFO  RepositoryConfigurationDelegate - Finished Spring Data repository scanning in 23 ms. Found 0 Redis repository interfaces.
24-07-12.18:20:51.781 [restartedMain   ] INFO  TomcatWebServer        - Tomcat initialized with port(s): 8082 (http)
24-07-12.18:20:51.804 [restartedMain   ] INFO  Http11NioProtocol      - Initializing ProtocolHandler ["http-nio-8082"]
24-07-12.18:20:51.805 [restartedMain   ] INFO  StandardService        - Starting service [Tomcat]
24-07-12.18:20:51.806 [restartedMain   ] INFO  StandardEngine         - Starting Servlet engine: [Apache Tomcat/9.0.65]
24-07-12.18:20:51.977 [restartedMain   ] INFO  [/]                    - Initializing Spring embedded WebApplicationContext
24-07-12.18:20:51.977 [restartedMain   ] INFO  ServletWebServerApplicationContext - Root WebApplicationContext: initialization completed in 3338 ms
24-07-12.18:20:55.892 [restartedMain   ] INFO  OptionalLiveReloadServer - LiveReload server is running on port 35729
24-07-12.18:20:55.931 [restartedMain   ] INFO  Http11NioProtocol      - Starting ProtocolHandler ["http-nio-8082"]
24-07-12.18:20:55.970 [restartedMain   ] INFO  TomcatWebServer        - Tomcat started on port(s): 8082 (http) with context path ''
24-07-12.18:20:56.007 [restartedMain   ] INFO  App                    - Started App in 9.114 seconds (JVM running for 11.683)
24-07-12.18:22:25.969 [scheduling-1    ] INFO  GetNewData             - 网站数据:0.79,已经达到用户设置的阈值上限:0.7,向 UID_jLKtbrB1V1dRD1QHAhwevYxVnHta 发送一次邮件
24-07-12.18:22:32.000 [scheduling-1    ] INFO  GetNewData             - 网站数据:0.79,已经达到用户设置的阈值下限:3,向 UID_jLKtbrB1V1dRD1QHAhwevYxVnHta 发送一次邮件
24-07-12.18:27:07.120 [restartedMain   ] INFO  App                    - Starting App using Java 1.8.0_292 on LAPTOP-E3F5BO7F with PID 26556 (G:\project\springboot2\rs\target\classes started by ASUS in G:\project\springboot2\rs)
24-07-12.18:27:07.123 [restartedMain   ] INFO  App                    - The following 1 profile is active: "pro"
24-07-12.18:27:07.318 [restartedMain   ] INFO  DevToolsPropertyDefaultsPostProcessor - Devtools property defaults active! Set 'spring.devtools.add-properties' to 'false' to disable
24-07-12.18:27:07.318 [restartedMain   ] INFO  DevToolsPropertyDefaultsPostProcessor - For additional web related logging consider setting the 'logging.level.web' property to 'DEBUG'
24-07-12.18:27:08.787 [restartedMain   ] INFO  RepositoryConfigurationDelegate - Multiple Spring Data modules found, entering strict repository configuration mode
24-07-12.18:27:08.791 [restartedMain   ] INFO  RepositoryConfigurationDelegate - Bootstrapping Spring Data Redis repositories in DEFAULT mode.
24-07-12.18:27:08.839 [restartedMain   ] INFO  RepositoryConfigurationDelegate - Finished Spring Data repository scanning in 18 ms. Found 0 Redis repository interfaces.
24-07-12.18:27:09.991 [restartedMain   ] INFO  TomcatWebServer        - Tomcat initialized with port(s): 8082 (http)
24-07-12.18:27:10.012 [restartedMain   ] INFO  Http11NioProtocol      - Initializing ProtocolHandler ["http-nio-8082"]
24-07-12.18:27:10.014 [restartedMain   ] INFO  StandardService        - Starting service [Tomcat]
24-07-12.18:27:10.014 [restartedMain   ] INFO  StandardEngine         - Starting Servlet engine: [Apache Tomcat/9.0.65]
24-07-12.18:27:10.167 [restartedMain   ] INFO  [/]                    - Initializing Spring embedded WebApplicationContext
24-07-12.18:27:10.167 [restartedMain   ] INFO  ServletWebServerApplicationContext - Root WebApplicationContext: initialization completed in 2847 ms
24-07-12.18:27:13.542 [restartedMain   ] INFO  OptionalLiveReloadServer - LiveReload server is running on port 35729
24-07-12.18:27:13.574 [restartedMain   ] INFO  Http11NioProtocol      - Starting ProtocolHandler ["http-nio-8082"]
24-07-12.18:27:13.612 [restartedMain   ] INFO  TomcatWebServer        - Tomcat started on port(s): 8082 (http) with context path ''
24-07-12.18:27:13.645 [restartedMain   ] INFO  App                    - Started App in 7.94 seconds (JVM running for 10.22)
24-07-12.18:27:16.780 [scheduling-1    ] INFO  GetNewData             - 网站数据:0.77,已经达到用户设置的阈值上限:0.7,向 UID_jLKtbrB1V1dRD1QHAhwevYxVnHta 发送一次邮件
24-07-12.18:27:17.617 [scheduling-1    ] INFO  GetNewData             - 网站数据:0.77,已经达到用户设置的阈值下限:3,向 UID_jLKtbrB1V1dRD1QHAhwevYxVnHta 发送一次邮件
24-07-12.18:27:57.485 [restartedMain   ] INFO  App                    - Starting App using Java 1.8.0_292 on LAPTOP-E3F5BO7F with PID 22820 (G:\project\springboot2\rs\target\classes started by ASUS in G:\project\springboot2\rs)
24-07-12.18:27:57.487 [restartedMain   ] INFO  App                    - The following 1 profile is active: "pro"
24-07-12.18:27:57.668 [restartedMain   ] INFO  DevToolsPropertyDefaultsPostProcessor - Devtools property defaults active! Set 'spring.devtools.add-properties' to 'false' to disable
24-07-12.18:27:57.668 [restartedMain   ] INFO  DevToolsPropertyDefaultsPostProcessor - For additional web related logging consider setting the 'logging.level.web' property to 'DEBUG'
24-07-12.18:27:58.781 [restartedMain   ] INFO  RepositoryConfigurationDelegate - Multiple Spring Data modules found, entering strict repository configuration mode
24-07-12.18:27:58.786 [restartedMain   ] INFO  RepositoryConfigurationDelegate - Bootstrapping Spring Data Redis repositories in DEFAULT mode.
24-07-12.18:27:58.833 [restartedMain   ] INFO  RepositoryConfigurationDelegate - Finished Spring Data repository scanning in 16 ms. Found 0 Redis repository interfaces.
24-07-12.18:28:00.013 [restartedMain   ] INFO  TomcatWebServer        - Tomcat initialized with port(s): 8082 (http)
24-07-12.18:28:00.032 [restartedMain   ] INFO  Http11NioProtocol      - Initializing ProtocolHandler ["http-nio-8082"]
24-07-12.18:28:00.033 [restartedMain   ] INFO  StandardService        - Starting service [Tomcat]
24-07-12.18:28:00.034 [restartedMain   ] INFO  StandardEngine         - Starting Servlet engine: [Apache Tomcat/9.0.65]
24-07-12.18:28:00.183 [restartedMain   ] INFO  [/]                    - Initializing Spring embedded WebApplicationContext
24-07-12.18:28:00.183 [restartedMain   ] INFO  ServletWebServerApplicationContext - Root WebApplicationContext: initialization completed in 2514 ms
24-07-12.18:28:03.013 [restartedMain   ] INFO  OptionalLiveReloadServer - LiveReload server is running on port 35729
24-07-12.18:28:03.046 [restartedMain   ] INFO  Http11NioProtocol      - Starting ProtocolHandler ["http-nio-8082"]
24-07-12.18:28:03.080 [restartedMain   ] INFO  TomcatWebServer        - Tomcat started on port(s): 8082 (http) with context path ''
24-07-12.18:28:03.106 [restartedMain   ] INFO  App                    - Started App in 7.219 seconds (JVM running for 9.637)
24-07-12.18:28:24.555 [http-nio-8082-exec-1] INFO  [/]                    - Initializing Spring DispatcherServlet 'dispatcherServlet'
24-07-12.18:28:24.557 [http-nio-8082-exec-1] INFO  DispatcherServlet      - Initializing Servlet 'dispatcherServlet'
24-07-12.18:28:24.562 [http-nio-8082-exec-1] INFO  DispatcherServlet      - Completed initialization in 5 ms
24-07-12.18:28:24.767 [http-nio-8082-exec-1] INFO  HikariDataSource       - HikariPool-1 - Starting...
24-07-12.18:28:25.532 [http-nio-8082-exec-1] INFO  HikariDataSource       - HikariPool-1 - Start completed.
24-07-12.18:28:25.724 [http-nio-8082-exec-1] INFO  UserServiceImpl        - 登录入参:UID_jLKtbrB1V1dRD1QHAhwevYxVnHta
24-07-12.18:28:26.037 [http-nio-8082-exec-1] INFO  UserServiceImpl        - 登录返参:{"enddate":"2024-08-15","max":"0.1","min":"3","startdate":"2024-07-11","uuid":"UID_jLKtbrB1V1dRD1QHAhwevYxVnHta"}
24-07-12.18:28:26.038 [http-nio-8082-exec-1] INFO  AdminController        - 后台管理端编辑客户:{"max":"0.1","min":"3","uuid":"UID_jLKtbrB1V1dRD1QHAhwevYxVnHta"}
24-07-12.18:28:26.263 [http-nio-8082-exec-2] INFO  AdminController        - 后台管理端查询客户:{"page":0,"size":8}
24-07-12.18:28:27.338 [scheduling-1    ] INFO  GetNewData             - 网站数据:0.78,已经达到用户设置的阈值上限:0.1,向 UID_jLKtbrB1V1dRD1QHAhwevYxVnHta 发送一次邮件
24-07-12.18:28:27.702 [scheduling-1    ] INFO  GetNewData             - 网站数据:0.78,已经达到用户设置的阈值下限:3,向 UID_jLKtbrB1V1dRD1QHAhwevYxVnHta 发送一次邮件
24-07-12.18:52:39.309 [http-nio-8082-exec-4] INFO  UserServiceImpl        - 登录入参:UID_jLKtbrB1V1dRD1QHAhwevYxVnHta
24-07-12.18:52:39.415 [http-nio-8082-exec-4] INFO  UserServiceImpl        - 登录返参:{"enddate":"2024-08-15","max":"0.2","min":"3","startdate":"2024-07-11","uuid":"UID_jLKtbrB1V1dRD1QHAhwevYxVnHta"}
24-07-12.18:52:39.415 [http-nio-8082-exec-4] INFO  AdminController        - 后台管理端编辑客户:{"max":"0.2","min":"3","uuid":"UID_jLKtbrB1V1dRD1QHAhwevYxVnHta"}
24-07-12.18:52:39.496 [http-nio-8082-exec-5] INFO  AdminController        - 后台管理端查询客户:{"page":0,"size":8}
24-07-12.18:52:42.323 [scheduling-1    ] INFO  GetNewData             - 网站数据:0.78,已经达到用户设置的阈值上限:0.2,向 UID_jLKtbrB1V1dRD1QHAhwevYxVnHta 发送一次邮件
24-07-12.18:52:42.551 [scheduling-1    ] INFO  GetNewData             - 网站数据:0.78,已经达到用户设置的阈值下限:3,向 UID_jLKtbrB1V1dRD1QHAhwevYxVnHta 发送一次邮件
24-07-12.18:54:29.306 [SpringApplicationShutdownHook] INFO  HikariDataSource       - HikariPool-1 - Shutdown initiated...
24-07-12.18:54:29.312 [SpringApplicationShutdownHook] INFO  HikariDataSource       - HikariPool-1 - Shutdown completed.
24-07-12.18:54:37.871 [restartedMain   ] INFO  App                    - Starting App using Java 1.8.0_292 on LAPTOP-E3F5BO7F with PID 28396 (G:\project\springboot2\rs\target\classes started by ASUS in G:\project\springboot2\rs)
24-07-12.18:54:37.873 [restartedMain   ] INFO  App                    - The following 1 profile is active: "pro"
24-07-12.18:54:37.991 [restartedMain   ] INFO  DevToolsPropertyDefaultsPostProcessor - Devtools property defaults active! Set 'spring.devtools.add-properties' to 'false' to disable
24-07-12.18:54:37.992 [restartedMain   ] INFO  DevToolsPropertyDefaultsPostProcessor - For additional web related logging consider setting the 'logging.level.web' property to 'DEBUG'
24-07-12.18:54:38.915 [restartedMain   ] INFO  RepositoryConfigurationDelegate - Multiple Spring Data modules found, entering strict repository configuration mode
24-07-12.18:54:38.917 [restartedMain   ] INFO  RepositoryConfigurationDelegate - Bootstrapping Spring Data Redis repositories in DEFAULT mode.
24-07-12.18:54:38.944 [restartedMain   ] INFO  RepositoryConfigurationDelegate - Finished Spring Data repository scanning in 10 ms. Found 0 Redis repository interfaces.
24-07-12.18:54:39.643 [restartedMain   ] INFO  TomcatWebServer        - Tomcat initialized with port(s): 8082 (http)
24-07-12.18:54:39.653 [restartedMain   ] INFO  Http11NioProtocol      - Initializing ProtocolHandler ["http-nio-8082"]
24-07-12.18:54:39.653 [restartedMain   ] INFO  StandardService        - Starting service [Tomcat]
24-07-12.18:54:39.654 [restartedMain   ] INFO  StandardEngine         - Starting Servlet engine: [Apache Tomcat/9.0.65]
24-07-12.18:54:39.738 [restartedMain   ] INFO  [/]                    - Initializing Spring embedded WebApplicationContext
24-07-12.18:54:39.738 [restartedMain   ] INFO  ServletWebServerApplicationContext - Root WebApplicationContext: initialization completed in 1745 ms
24-07-12.18:54:41.784 [restartedMain   ] INFO  OptionalLiveReloadServer - LiveReload server is running on port 35729
24-07-12.18:54:41.808 [restartedMain   ] INFO  Http11NioProtocol      - Starting ProtocolHandler ["http-nio-8082"]
24-07-12.18:54:41.829 [restartedMain   ] INFO  TomcatWebServer        - Tomcat started on port(s): 8082 (http) with context path ''
24-07-12.18:54:41.845 [restartedMain   ] INFO  App                    - Started App in 4.769 seconds (JVM running for 6.225)
24-07-12.18:54:43.726 [scheduling-1    ] INFO  GetNewData             - 定时任务获取的用户信息:{"enddate":"2024-09-27","id":6,"max":"2.5","min":"0.6","startdate":"2024-07-12","uuid":"UID_YRaZptE7mQpwqkV5XIr1hucsQ2Tx"}
24-07-12.18:54:43.756 [scheduling-1    ] INFO  GetNewData             - 定时任务获取的用户信息:{"enddate":"2024-08-09","id":7,"max":"2.5","min":"0.6","startdate":"2024-07-12","uuid":"UID_i2KXTMg5g6nhAOgWQwo1itlwHnQz"}
24-07-12.18:54:43.782 [scheduling-1    ] INFO  GetNewData             - 定时任务获取的用户信息:{"enddate":"2024-08-15","max":"0.2","min":"3","startdate":"2024-07-11","uuid":"UID_jLKtbrB1V1dRD1QHAhwevYxVnHta"}
24-07-12.18:54:43.857 [scheduling-1    ] INFO  GetNewData             - 定时任务获取的用户信息:{"enddate":"2024-10-11","id":5,"max":"2.5","min":"0.6","startdate":"2024-07-12","uuid":"UID_AgHySDtRKqqo3wYuiOqwfpTQjKfk"}
24-07-12.18:54:43.883 [scheduling-1    ] INFO  GetNewData             - 定时任务获取的用户信息:{"enddate":"2024-11-16","id":4,"max":"2.5","min":"0.6","startdate":"2024-07-12","uuid":"UID_JAKoivK8LhMRNZ4hWIk6YFGXKa9u"}
24-07-12.18:54:43.916 [scheduling-1    ] INFO  GetNewData             - 定时任务获取的用户信息:{"enddate":"2024-08-16","id":8,"max":"2.5","min":"0.6","startdate":"2024-07-12","uuid":"UID_NNikwAIyX4nVsg5ShvytR5T73XAZ"}
24-07-12.18:54:44.984 [scheduling-1    ] INFO  GetNewData             - 定时任务获取的用户信息:{"enddate":"2024-09-27","id":6,"max":"2.5","min":"0.6","startdate":"2024-07-12","uuid":"UID_YRaZptE7mQpwqkV5XIr1hucsQ2Tx"}
24-07-12.18:54:45.010 [scheduling-1    ] INFO  GetNewData             - 定时任务获取的用户信息:{"enddate":"2024-08-09","id":7,"max":"2.5","min":"0.6","startdate":"2024-07-12","uuid":"UID_i2KXTMg5g6nhAOgWQwo1itlwHnQz"}
24-07-12.18:54:45.036 [scheduling-1    ] INFO  GetNewData             - 定时任务获取的用户信息:{"enddate":"2024-08-15","max":"0.2","min":"3","startdate":"2024-07-11","uuid":"UID_jLKtbrB1V1dRD1QHAhwevYxVnHta"}
24-07-12.18:54:45.112 [scheduling-1    ] INFO  GetNewData             - 定时任务获取的用户信息:{"enddate":"2024-10-11","id":5,"max":"2.5","min":"0.6","startdate":"2024-07-12","uuid":"UID_AgHySDtRKqqo3wYuiOqwfpTQjKfk"}
24-07-12.18:54:45.138 [scheduling-1    ] INFO  GetNewData             - 定时任务获取的用户信息:{"enddate":"2024-11-16","id":4,"max":"2.5","min":"0.6","startdate":"2024-07-12","uuid":"UID_JAKoivK8LhMRNZ4hWIk6YFGXKa9u"}
24-07-12.18:54:45.163 [scheduling-1    ] INFO  GetNewData             - 定时任务获取的用户信息:{"enddate":"2024-08-16","id":8,"max":"2.5","min":"0.6","startdate":"2024-07-12","uuid":"UID_NNikwAIyX4nVsg5ShvytR5T73XAZ"}
24-07-12.18:54:48.015 [scheduling-1    ] INFO  GetNewData             - 定时任务获取的用户信息:{"enddate":"2024-09-27","id":6,"max":"2.5","min":"0.6","startdate":"2024-07-12","uuid":"UID_YRaZptE7mQpwqkV5XIr1hucsQ2Tx"}
24-07-12.18:54:48.041 [scheduling-1    ] INFO  GetNewData             - 定时任务获取的用户信息:{"enddate":"2024-08-09","id":7,"max":"2.5","min":"0.6","startdate":"2024-07-12","uuid":"UID_i2KXTMg5g6nhAOgWQwo1itlwHnQz"}
24-07-12.18:54:48.068 [scheduling-1    ] INFO  GetNewData             - 定时任务获取的用户信息:{"enddate":"2024-08-15","max":"0.2","min":"3","startdate":"2024-07-11","uuid":"UID_jLKtbrB1V1dRD1QHAhwevYxVnHta"}
24-07-12.18:54:48.146 [scheduling-1    ] INFO  GetNewData             - 定时任务获取的用户信息:{"enddate":"2024-10-11","id":5,"max":"2.5","min":"0.6","startdate":"2024-07-12","uuid":"UID_AgHySDtRKqqo3wYuiOqwfpTQjKfk"}
24-07-12.18:54:48.171 [scheduling-1    ] INFO  GetNewData             - 定时任务获取的用户信息:{"enddate":"2024-11-16","id":4,"max":"2.5","min":"0.6","startdate":"2024-07-12","uuid":"UID_JAKoivK8LhMRNZ4hWIk6YFGXKa9u"}
24-07-12.18:54:48.199 [scheduling-1    ] INFO  GetNewData             - 定时任务获取的用户信息:{"enddate":"2024-08-16","id":8,"max":"2.5","min":"0.6","startdate":"2024-07-12","uuid":"UID_NNikwAIyX4nVsg5ShvytR5T73XAZ"}
24-07-12.18:54:51.015 [scheduling-1    ] INFO  GetNewData             - 定时任务获取的用户信息:{"enddate":"2024-09-27","id":6,"max":"2.5","min":"0.6","startdate":"2024-07-12","uuid":"UID_YRaZptE7mQpwqkV5XIr1hucsQ2Tx"}
24-07-12.18:54:51.040 [scheduling-1    ] INFO  GetNewData             - 定时任务获取的用户信息:{"enddate":"2024-08-09","id":7,"max":"2.5","min":"0.6","startdate":"2024-07-12","uuid":"UID_i2KXTMg5g6nhAOgWQwo1itlwHnQz"}
24-07-12.18:54:51.065 [scheduling-1    ] INFO  GetNewData             - 定时任务获取的用户信息:{"enddate":"2024-08-15","max":"0.2","min":"3","startdate":"2024-07-11","uuid":"UID_jLKtbrB1V1dRD1QHAhwevYxVnHta"}
24-07-12.18:54:51.141 [scheduling-1    ] INFO  GetNewData             - 定时任务获取的用户信息:{"enddate":"2024-10-11","id":5,"max":"2.5","min":"0.6","startdate":"2024-07-12","uuid":"UID_AgHySDtRKqqo3wYuiOqwfpTQjKfk"}
24-07-12.18:54:51.168 [scheduling-1    ] INFO  GetNewData             - 定时任务获取的用户信息:{"enddate":"2024-11-16","id":4,"max":"2.5","min":"0.6","startdate":"2024-07-12","uuid":"UID_JAKoivK8LhMRNZ4hWIk6YFGXKa9u"}
24-07-12.18:54:51.193 [scheduling-1    ] INFO  GetNewData             - 定时任务获取的用户信息:{"enddate":"2024-08-16","id":8,"max":"2.5","min":"0.6","startdate":"2024-07-12","uuid":"UID_NNikwAIyX4nVsg5ShvytR5T73XAZ"}
24-07-12.18:54:54.002 [scheduling-1    ] INFO  GetNewData             - 定时任务获取的用户信息:{"enddate":"2024-09-27","id":6,"max":"2.5","min":"0.6","startdate":"2024-07-12","uuid":"UID_YRaZptE7mQpwqkV5XIr1hucsQ2Tx"}
24-07-12.18:54:54.028 [scheduling-1    ] INFO  GetNewData             - 定时任务获取的用户信息:{"enddate":"2024-08-09","id":7,"max":"2.5","min":"0.6","startdate":"2024-07-12","uuid":"UID_i2KXTMg5g6nhAOgWQwo1itlwHnQz"}
24-07-12.18:54:54.056 [scheduling-1    ] INFO  GetNewData             - 定时任务获取的用户信息:{"enddate":"2024-08-15","max":"0.2","min":"3","startdate":"2024-07-11","uuid":"UID_jLKtbrB1V1dRD1QHAhwevYxVnHta"}
24-07-12.18:54:54.130 [scheduling-1    ] INFO  GetNewData             - 定时任务获取的用户信息:{"enddate":"2024-10-11","id":5,"max":"2.5","min":"0.6","startdate":"2024-07-12","uuid":"UID_AgHySDtRKqqo3wYuiOqwfpTQjKfk"}
24-07-12.18:54:54.158 [scheduling-1    ] INFO  GetNewData             - 定时任务获取的用户信息:{"enddate":"2024-11-16","id":4,"max":"2.5","min":"0.6","startdate":"2024-07-12","uuid":"UID_JAKoivK8LhMRNZ4hWIk6YFGXKa9u"}
24-07-12.18:54:54.184 [scheduling-1    ] INFO  GetNewData             - 定时任务获取的用户信息:{"enddate":"2024-08-16","id":8,"max":"2.5","min":"0.6","startdate":"2024-07-12","uuid":"UID_NNikwAIyX4nVsg5ShvytR5T73XAZ"}
24-07-12.18:54:57.001 [scheduling-1    ] INFO  GetNewData             - 定时任务获取的用户信息:{"enddate":"2024-09-27","id":6,"max":"2.5","min":"0.6","startdate":"2024-07-12","uuid":"UID_YRaZptE7mQpwqkV5XIr1hucsQ2Tx"}
24-07-12.18:54:57.026 [scheduling-1    ] INFO  GetNewData             - 定时任务获取的用户信息:{"enddate":"2024-08-09","id":7,"max":"2.5","min":"0.6","startdate":"2024-07-12","uuid":"UID_i2KXTMg5g6nhAOgWQwo1itlwHnQz"}
24-07-12.18:54:57.053 [scheduling-1    ] INFO  GetNewData             - 定时任务获取的用户信息:{"enddate":"2024-08-15","max":"0.2","min":"3","startdate":"2024-07-11","uuid":"UID_jLKtbrB1V1dRD1QHAhwevYxVnHta"}
24-07-12.18:54:57.129 [scheduling-1    ] INFO  GetNewData             - 定时任务获取的用户信息:{"enddate":"2024-10-11","id":5,"max":"2.5","min":"0.6","startdate":"2024-07-12","uuid":"UID_AgHySDtRKqqo3wYuiOqwfpTQjKfk"}
24-07-12.18:54:57.154 [scheduling-1    ] INFO  GetNewData             - 定时任务获取的用户信息:{"enddate":"2024-11-16","id":4,"max":"2.5","min":"0.6","startdate":"2024-07-12","uuid":"UID_JAKoivK8LhMRNZ4hWIk6YFGXKa9u"}
24-07-12.18:54:57.180 [scheduling-1    ] INFO  GetNewData             - 定时任务获取的用户信息:{"enddate":"2024-08-16","id":8,"max":"2.5","min":"0.6","startdate":"2024-07-12","uuid":"UID_NNikwAIyX4nVsg5ShvytR5T73XAZ"}
24-07-12.18:54:59.986 [scheduling-1    ] INFO  GetNewData             - 定时任务获取的用户信息:{"enddate":"2024-09-27","id":6,"max":"2.5","min":"0.6","startdate":"2024-07-12","uuid":"UID_YRaZptE7mQpwqkV5XIr1hucsQ2Tx"}
24-07-12.18:55:00.019 [scheduling-1    ] INFO  GetNewData             - 定时任务获取的用户信息:{"enddate":"2024-08-09","id":7,"max":"2.5","min":"0.6","startdate":"2024-07-12","uuid":"UID_i2KXTMg5g6nhAOgWQwo1itlwHnQz"}
24-07-12.18:55:00.044 [scheduling-1    ] INFO  GetNewData             - 定时任务获取的用户信息:{"enddate":"2024-08-15","max":"0.2","min":"3","startdate":"2024-07-11","uuid":"UID_jLKtbrB1V1dRD1QHAhwevYxVnHta"}
24-07-12.18:55:00.121 [scheduling-1    ] INFO  GetNewData             - 定时任务获取的用户信息:{"enddate":"2024-10-11","id":5,"max":"2.5","min":"0.6","startdate":"2024-07-12","uuid":"UID_AgHySDtRKqqo3wYuiOqwfpTQjKfk"}
24-07-12.18:55:00.146 [scheduling-1    ] INFO  GetNewData             - 定时任务获取的用户信息:{"enddate":"2024-11-16","id":4,"max":"2.5","min":"0.6","startdate":"2024-07-12","uuid":"UID_JAKoivK8LhMRNZ4hWIk6YFGXKa9u"}
24-07-12.18:55:00.172 [scheduling-1    ] INFO  GetNewData             - 定时任务获取的用户信息:{"enddate":"2024-08-16","id":8,"max":"2.5","min":"0.6","startdate":"2024-07-12","uuid":"UID_NNikwAIyX4nVsg5ShvytR5T73XAZ"}
24-07-12.18:55:02.998 [scheduling-1    ] INFO  GetNewData             - 定时任务获取的用户信息:{"enddate":"2024-09-27","id":6,"max":"2.5","min":"0.6","startdate":"2024-07-12","uuid":"UID_YRaZptE7mQpwqkV5XIr1hucsQ2Tx"}
24-07-12.18:55:03.024 [scheduling-1    ] INFO  GetNewData             - 定时任务获取的用户信息:{"enddate":"2024-08-09","id":7,"max":"2.5","min":"0.6","startdate":"2024-07-12","uuid":"UID_i2KXTMg5g6nhAOgWQwo1itlwHnQz"}
24-07-12.18:55:03.049 [scheduling-1    ] INFO  GetNewData             - 定时任务获取的用户信息:{"enddate":"2024-08-15","max":"0.2","min":"3","startdate":"2024-07-11","uuid":"UID_jLKtbrB1V1dRD1QHAhwevYxVnHta"}
24-07-12.18:55:03.124 [scheduling-1    ] INFO  GetNewData             - 定时任务获取的用户信息:{"enddate":"2024-10-11","id":5,"max":"2.5","min":"0.6","startdate":"2024-07-12","uuid":"UID_AgHySDtRKqqo3wYuiOqwfpTQjKfk"}
24-07-12.18:55:03.149 [scheduling-1    ] INFO  GetNewData             - 定时任务获取的用户信息:{"enddate":"2024-11-16","id":4,"max":"2.5","min":"0.6","startdate":"2024-07-12","uuid":"UID_JAKoivK8LhMRNZ4hWIk6YFGXKa9u"}
24-07-12.18:55:03.175 [scheduling-1    ] INFO  GetNewData             - 定时任务获取的用户信息:{"enddate":"2024-08-16","id":8,"max":"2.5","min":"0.6","startdate":"2024-07-12","uuid":"UID_NNikwAIyX4nVsg5ShvytR5T73XAZ"}
24-07-12.18:55:06.003 [scheduling-1    ] INFO  GetNewData             - 定时任务获取的用户信息:{"enddate":"2024-09-27","id":6,"max":"2.5","min":"0.6","startdate":"2024-07-12","uuid":"UID_YRaZptE7mQpwqkV5XIr1hucsQ2Tx"}
24-07-12.18:55:06.032 [scheduling-1    ] INFO  GetNewData             - 定时任务获取的用户信息:{"enddate":"2024-08-09","id":7,"max":"2.5","min":"0.6","startdate":"2024-07-12","uuid":"UID_i2KXTMg5g6nhAOgWQwo1itlwHnQz"}
24-07-12.18:55:06.057 [scheduling-1    ] INFO  GetNewData             - 定时任务获取的用户信息:{"enddate":"2024-08-15","max":"0.2","min":"3","startdate":"2024-07-11","uuid":"UID_jLKtbrB1V1dRD1QHAhwevYxVnHta"}
24-07-12.18:55:06.144 [scheduling-1    ] INFO  GetNewData             - 定时任务获取的用户信息:{"enddate":"2024-10-11","id":5,"max":"2.5","min":"0.6","startdate":"2024-07-12","uuid":"UID_AgHySDtRKqqo3wYuiOqwfpTQjKfk"}
24-07-12.18:55:06.169 [scheduling-1    ] INFO  GetNewData             - 定时任务获取的用户信息:{"enddate":"2024-11-16","id":4,"max":"2.5","min":"0.6","startdate":"2024-07-12","uuid":"UID_JAKoivK8LhMRNZ4hWIk6YFGXKa9u"}
24-07-12.18:55:06.195 [scheduling-1    ] INFO  GetNewData             - 定时任务获取的用户信息:{"enddate":"2024-08-16","id":8,"max":"2.5","min":"0.6","startdate":"2024-07-12","uuid":"UID_NNikwAIyX4nVsg5ShvytR5T73XAZ"}
24-07-12.18:55:09.001 [scheduling-1    ] INFO  GetNewData             - 定时任务获取的用户信息:{"enddate":"2024-09-27","id":6,"max":"2.5","min":"0.6","startdate":"2024-07-12","uuid":"UID_YRaZptE7mQpwqkV5XIr1hucsQ2Tx"}
24-07-12.18:55:09.027 [scheduling-1    ] INFO  GetNewData             - 定时任务获取的用户信息:{"enddate":"2024-08-09","id":7,"max":"2.5","min":"0.6","startdate":"2024-07-12","uuid":"UID_i2KXTMg5g6nhAOgWQwo1itlwHnQz"}
24-07-12.18:55:09.053 [scheduling-1    ] INFO  GetNewData             - 定时任务获取的用户信息:{"enddate":"2024-08-15","max":"0.2","min":"3","startdate":"2024-07-11","uuid":"UID_jLKtbrB1V1dRD1QHAhwevYxVnHta"}
24-07-12.18:55:09.126 [scheduling-1    ] INFO  GetNewData             - 定时任务获取的用户信息:{"enddate":"2024-10-11","id":5,"max":"2.5","min":"0.6","startdate":"2024-07-12","uuid":"UID_AgHySDtRKqqo3wYuiOqwfpTQjKfk"}
24-07-12.18:55:09.152 [scheduling-1    ] INFO  GetNewData             - 定时任务获取的用户信息:{"enddate":"2024-11-16","id":4,"max":"2.5","min":"0.6","startdate":"2024-07-12","uuid":"UID_JAKoivK8LhMRNZ4hWIk6YFGXKa9u"}
24-07-12.18:55:09.177 [scheduling-1    ] INFO  GetNewData             - 定时任务获取的用户信息:{"enddate":"2024-08-16","id":8,"max":"2.5","min":"0.6","startdate":"2024-07-12","uuid":"UID_NNikwAIyX4nVsg5ShvytR5T73XAZ"}
24-07-12.18:55:18.228 [restartedMain   ] INFO  App                    - Starting App using Java 1.8.0_292 on LAPTOP-E3F5BO7F with PID 23536 (G:\project\springboot2\rs\target\classes started by ASUS in G:\project\springboot2\rs)
24-07-12.18:55:18.230 [restartedMain   ] INFO  App                    - The following 1 profile is active: "pro"
24-07-12.18:55:18.344 [restartedMain   ] INFO  DevToolsPropertyDefaultsPostProcessor - Devtools property defaults active! Set 'spring.devtools.add-properties' to 'false' to disable
24-07-12.18:55:18.344 [restartedMain   ] INFO  DevToolsPropertyDefaultsPostProcessor - For additional web related logging consider setting the 'logging.level.web' property to 'DEBUG'
24-07-12.18:55:19.205 [restartedMain   ] INFO  RepositoryConfigurationDelegate - Multiple Spring Data modules found, entering strict repository configuration mode
24-07-12.18:55:19.207 [restartedMain   ] INFO  RepositoryConfigurationDelegate - Bootstrapping Spring Data Redis repositories in DEFAULT mode.
24-07-12.18:55:19.235 [restartedMain   ] INFO  RepositoryConfigurationDelegate - Finished Spring Data repository scanning in 10 ms. Found 0 Redis repository interfaces.
24-07-12.18:55:20.023 [restartedMain   ] INFO  TomcatWebServer        - Tomcat initialized with port(s): 8082 (http)
24-07-12.18:55:20.035 [restartedMain   ] INFO  Http11NioProtocol      - Initializing ProtocolHandler ["http-nio-8082"]
24-07-12.18:55:20.036 [restartedMain   ] INFO  StandardService        - Starting service [Tomcat]
24-07-12.18:55:20.037 [restartedMain   ] INFO  StandardEngine         - Starting Servlet engine: [Apache Tomcat/9.0.65]
24-07-12.18:55:20.132 [restartedMain   ] INFO  [/]                    - Initializing Spring embedded WebApplicationContext
24-07-12.18:55:20.132 [restartedMain   ] INFO  ServletWebServerApplicationContext - Root WebApplicationContext: initialization completed in 1787 ms
24-07-12.18:55:22.196 [restartedMain   ] INFO  OptionalLiveReloadServer - LiveReload server is running on port 35729
24-07-12.18:55:22.218 [restartedMain   ] INFO  Http11NioProtocol      - Starting ProtocolHandler ["http-nio-8082"]
24-07-12.18:55:22.240 [restartedMain   ] INFO  TomcatWebServer        - Tomcat started on port(s): 8082 (http) with context path ''
24-07-12.18:55:22.256 [restartedMain   ] INFO  App                    - Started App in 4.88 seconds (JVM running for 6.393)
24-07-12.18:55:38.739 [http-nio-8082-exec-1] INFO  [/]                    - Initializing Spring DispatcherServlet 'dispatcherServlet'
24-07-12.18:55:38.739 [http-nio-8082-exec-1] INFO  DispatcherServlet      - Initializing Servlet 'dispatcherServlet'
24-07-12.18:55:38.741 [http-nio-8082-exec-1] INFO  DispatcherServlet      - Completed initialization in 2 ms
24-07-12.18:55:38.864 [http-nio-8082-exec-1] INFO  HikariDataSource       - HikariPool-1 - Starting...
24-07-12.18:55:39.508 [http-nio-8082-exec-1] INFO  HikariDataSource       - HikariPool-1 - Start completed.
24-07-12.18:55:39.681 [http-nio-8082-exec-1] INFO  UserServiceImpl        - 登录入参:UID_jLKtbrB1V1dRD1QHAhwevYxVnHta
24-07-12.18:55:39.925 [http-nio-8082-exec-1] INFO  UserServiceImpl        - 登录返参:{"enddate":"2024-08-15","max":"0.1","min":"3","startdate":"2024-07-11","uuid":"UID_jLKtbrB1V1dRD1QHAhwevYxVnHta"}
24-07-12.18:55:39.925 [http-nio-8082-exec-1] INFO  AdminController        - 后台管理端编辑客户:{"max":"0.1","min":"3","uuid":"UID_jLKtbrB1V1dRD1QHAhwevYxVnHta"}
24-07-12.18:55:40.046 [http-nio-8082-exec-4] INFO  AdminController        - 后台管理端查询客户:{"page":0,"size":8}
24-07-12.18:55:40.501 [scheduling-1    ] INFO  GetNewData             - 网站数据:0.78,已经达到用户设置的阈值上限:0.1,向 UID_jLKtbrB1V1dRD1QHAhwevYxVnHta 发送一次邮件
24-07-12.18:55:40.785 [scheduling-1    ] INFO  GetNewData             - 网站数据:0.78,已经达到用户设置的阈值下限:3,向 UID_jLKtbrB1V1dRD1QHAhwevYxVnHta 发送一次邮件
24-07-12.18:56:02.392 [http-nio-8082-exec-3] INFO  UserServiceImpl        - 登录入参:UID_jLKtbrB1V1dRD1QHAhwevYxVnHta
24-07-12.18:56:02.501 [http-nio-8082-exec-3] INFO  UserServiceImpl        - 登录返参:{"enddate":"2024-08-15","max":"0.1","min":"6","startdate":"2024-07-11","uuid":"UID_jLKtbrB1V1dRD1QHAhwevYxVnHta"}
24-07-12.18:56:02.501 [http-nio-8082-exec-3] INFO  AdminController        - 后台管理端编辑客户:{"max":"0.1","min":"6","uuid":"UID_jLKtbrB1V1dRD1QHAhwevYxVnHta"}
24-07-12.18:56:02.572 [http-nio-8082-exec-2] INFO  AdminController        - 后台管理端查询客户:{"page":0,"size":8}
24-07-12.18:56:04.478 [scheduling-1    ] INFO  GetNewData             - 网站数据:0.78,已经达到用户设置的阈值上限:0.1,向 UID_jLKtbrB1V1dRD1QHAhwevYxVnHta 发送一次邮件
24-07-12.18:56:04.706 [scheduling-1    ] INFO  GetNewData             - 网站数据:0.78,已经达到用户设置的阈值下限:6,向 UID_jLKtbrB1V1dRD1QHAhwevYxVnHta 发送一次邮件
24-07-12.19:01:13.612 [File Watcher    ] INFO  LocalDevToolsAutoConfiguration$RestartingClassPathChangeChangedEventListener - Restarting due to 570 class path changes (0 additions, 570 deletions, 0 modifications)
24-07-12.19:01:14.086 [Thread-18       ] INFO  Http11NioProtocol      - Pausing ProtocolHandler ["http-nio-8082"]
24-07-12.19:01:14.086 [Thread-18       ] INFO  StandardService        - Stopping service [Tomcat]
24-07-12.19:01:14.089 [Thread-18       ] INFO  [/]                    - Destroying Spring FrameworkServlet 'dispatcherServlet'
24-07-12.19:01:14.097 [Thread-18       ] WARN  WebappClassLoaderBase  - The web application [ROOT] appears to have started a thread named [HikariPool-1 housekeeper] but has failed to stop it. This is very likely to create a memory leak. Stack trace of thread:
 sun.misc.Unsafe.park(Native Method)
 java.util.concurrent.locks.LockSupport.parkNanos(LockSupport.java:215)
 java.util.concurrent.locks.AbstractQueuedSynchronizer$ConditionObject.awaitNanos(AbstractQueuedSynchronizer.java:2078)
 java.util.concurrent.ScheduledThreadPoolExecutor$DelayedWorkQueue.take(ScheduledThreadPoolExecutor.java:1093)
 java.util.concurrent.ScheduledThreadPoolExecutor$DelayedWorkQueue.take(ScheduledThreadPoolExecutor.java:809)
 java.util.concurrent.ThreadPoolExecutor.getTask(ThreadPoolExecutor.java:1074)
 java.util.concurrent.ThreadPoolExecutor.runWorker(ThreadPoolExecutor.java:1134)
 java.util.concurrent.ThreadPoolExecutor$Worker.run(ThreadPoolExecutor.java:624)
 java.lang.Thread.run(Thread.java:748)
24-07-12.19:01:14.098 [Thread-18       ] INFO  Http11NioProtocol      - Stopping ProtocolHandler ["http-nio-8082"]
24-07-12.19:01:14.102 [Thread-18       ] INFO  Http11NioProtocol      - Destroying ProtocolHandler ["http-nio-8082"]
24-07-12.19:01:14.115 [Thread-18       ] INFO  HikariDataSource       - HikariPool-1 - Shutdown initiated...
24-07-12.19:01:14.128 [Thread-18       ] INFO  HikariDataSource       - HikariPool-1 - Shutdown completed.
24-07-12.19:01:14.705 [restartedMain   ] INFO  App                    - Starting App using Java 1.8.0_292 on LAPTOP-E3F5BO7F with PID 23536 (G:\project\springboot2\rs\target\classes started by ASUS in G:\project\springboot2\rs)
24-07-12.19:01:14.705 [restartedMain   ] INFO  App                    - The following 1 profile is active: "pro"
24-07-12.19:01:15.146 [restartedMain   ] INFO  RepositoryConfigurationDelegate - Multiple Spring Data modules found, entering strict repository configuration mode
24-07-12.19:01:15.147 [restartedMain   ] INFO  RepositoryConfigurationDelegate - Bootstrapping Spring Data Redis repositories in DEFAULT mode.
24-07-12.19:01:15.149 [restartedMain   ] INFO  RepositoryConfigurationDelegate - Finished Spring Data repository scanning in 1 ms. Found 0 Redis repository interfaces.
24-07-12.19:01:15.289 [restartedMain   ] WARN  ClassPathMapperScanner - No MyBatis mapper was found in '[com.dahaiwuliang.dao]' package. Please check your configuration.
24-07-12.19:01:15.480 [restartedMain   ] INFO  TomcatWebServer        - Tomcat initialized with port(s): 8082 (http)
24-07-12.19:01:15.481 [restartedMain   ] INFO  Http11NioProtocol      - Initializing ProtocolHandler ["http-nio-8082"]
24-07-12.19:01:15.482 [restartedMain   ] INFO  StandardService        - Starting service [Tomcat]
24-07-12.19:01:15.482 [restartedMain   ] INFO  StandardEngine         - Starting Servlet engine: [Apache Tomcat/9.0.65]
24-07-12.19:01:15.517 [restartedMain   ] INFO  [/]                    - Initializing Spring embedded WebApplicationContext
24-07-12.19:01:15.517 [restartedMain   ] INFO  ServletWebServerApplicationContext - Root WebApplicationContext: initialization completed in 806 ms
24-07-12.19:01:15.767 [restartedMain   ] WARN  AnnotationConfigServletWebServerApplicationContext - Exception encountered during context initialization - cancelling refresh attempt: org.springframework.beans.factory.BeanCreationException: Error creating bean with name 'sqlSessionFactory' defined in class path resource [com/baomidou/mybatisplus/autoconfigure/MybatisPlusAutoConfiguration.class]: Bean instantiation via factory method failed; nested exception is org.springframework.beans.BeanInstantiationException: Failed to instantiate [org.apache.ibatis.session.SqlSessionFactory]: Factory method 'sqlSessionFactory' threw exception; nested exception is org.springframework.core.NestedIOException: Failed to parse mapping resource: 'file [G:\project\springboot2\rs\target\classes\mapper\LogMapper.xml]'; nested exception is org.apache.ibatis.builder.BuilderException: Error parsing Mapper XML. The XML location is 'file [G:\project\springboot2\rs\target\classes\mapper\LogMapper.xml]'. Cause: org.apache.ibatis.builder.BuilderException: Error resolving class. Cause: org.apache.ibatis.type.TypeException: Could not resolve type alias 'com.dahaiwuliang.domain.User'.  Cause: java.lang.ClassNotFoundException: Cannot find class: com.dahaiwuliang.domain.User
24-07-12.19:01:15.768 [restartedMain   ] INFO  StandardService        - Stopping service [Tomcat]
24-07-12.19:01:15.788 [restartedMain   ] INFO  ConditionEvaluationReportLoggingListener - 

Error starting ApplicationContext. To display the conditions report re-run your application with 'debug' enabled.
24-07-12.19:01:15.859 [restartedMain   ] ERROR SpringApplication      - Application run failed
org.springframework.beans.factory.BeanCreationException: Error creating bean with name 'sqlSessionFactory' defined in class path resource [com/baomidou/mybatisplus/autoconfigure/MybatisPlusAutoConfiguration.class]: Bean instantiation via factory method failed; nested exception is org.springframework.beans.BeanInstantiationException: Failed to instantiate [org.apache.ibatis.session.SqlSessionFactory]: Factory method 'sqlSessionFactory' threw exception; nested exception is org.springframework.core.NestedIOException: Failed to parse mapping resource: 'file [G:\project\springboot2\rs\target\classes\mapper\LogMapper.xml]'; nested exception is org.apache.ibatis.builder.BuilderException: Error parsing Mapper XML. The XML location is 'file [G:\project\springboot2\rs\target\classes\mapper\LogMapper.xml]'. Cause: org.apache.ibatis.builder.BuilderException: Error resolving class. Cause: org.apache.ibatis.type.TypeException: Could not resolve type alias 'com.dahaiwuliang.domain.User'.  Cause: java.lang.ClassNotFoundException: Cannot find class: com.dahaiwuliang.domain.User
	at org.springframework.beans.factory.support.ConstructorResolver.instantiate(ConstructorResolver.java:658)
	at org.springframework.beans.factory.support.ConstructorResolver.instantiateUsingFactoryMethod(ConstructorResolver.java:638)
	at org.springframework.beans.factory.support.AbstractAutowireCapableBeanFactory.instantiateUsingFactoryMethod(AbstractAutowireCapableBeanFactory.java:1352)
	at org.springframework.beans.factory.support.AbstractAutowireCapableBeanFactory.createBeanInstance(AbstractAutowireCapableBeanFactory.java:1195)
	at org.springframework.beans.factory.support.AbstractAutowireCapableBeanFactory.doCreateBean(AbstractAutowireCapableBeanFactory.java:582)
	at org.springframework.beans.factory.support.AbstractAutowireCapableBeanFactory.createBean(AbstractAutowireCapableBeanFactory.java:542)
	at org.springframework.beans.factory.support.AbstractBeanFactory.lambda$doGetBean$0(AbstractBeanFactory.java:335)
	at org.springframework.beans.factory.support.DefaultSingletonBeanRegistry.getSingleton(DefaultSingletonBeanRegistry.java:234)
	at org.springframework.beans.factory.support.AbstractBeanFactory.doGetBean(AbstractBeanFactory.java:333)
	at org.springframework.beans.factory.support.AbstractBeanFactory.getBean(AbstractBeanFactory.java:208)
	at org.springframework.beans.factory.support.DefaultListableBeanFactory.preInstantiateSingletons(DefaultListableBeanFactory.java:955)
	at org.springframework.context.support.AbstractApplicationContext.finishBeanFactoryInitialization(AbstractApplicationContext.java:918)
	at org.springframework.context.support.AbstractApplicationContext.refresh(AbstractApplicationContext.java:583)
	at org.springframework.boot.web.servlet.context.ServletWebServerApplicationContext.refresh(ServletWebServerApplicationContext.java:147)
	at org.springframework.boot.SpringApplication.refresh(SpringApplication.java:734)
	at org.springframework.boot.SpringApplication.refreshContext(SpringApplication.java:408)
	at org.springframework.boot.SpringApplication.run(SpringApplication.java:308)
	at org.springframework.boot.SpringApplication.run(SpringApplication.java:1306)
	at org.springframework.boot.SpringApplication.run(SpringApplication.java:1295)
	at com.dahaiwuliang.App.main(App.java:14)
	at sun.reflect.NativeMethodAccessorImpl.invoke0(Native Method)
	at sun.reflect.NativeMethodAccessorImpl.invoke(NativeMethodAccessorImpl.java:62)
	at sun.reflect.DelegatingMethodAccessorImpl.invoke(DelegatingMethodAccessorImpl.java:43)
	at java.lang.reflect.Method.invoke(Method.java:498)
	at org.springframework.boot.devtools.restart.RestartLauncher.run(RestartLauncher.java:49)
Caused by: org.springframework.beans.BeanInstantiationException: Failed to instantiate [org.apache.ibatis.session.SqlSessionFactory]: Factory method 'sqlSessionFactory' threw exception; nested exception is org.springframework.core.NestedIOException: Failed to parse mapping resource: 'file [G:\project\springboot2\rs\target\classes\mapper\LogMapper.xml]'; nested exception is org.apache.ibatis.builder.BuilderException: Error parsing Mapper XML. The XML location is 'file [G:\project\springboot2\rs\target\classes\mapper\LogMapper.xml]'. Cause: org.apache.ibatis.builder.BuilderException: Error resolving class. Cause: org.apache.ibatis.type.TypeException: Could not resolve type alias 'com.dahaiwuliang.domain.User'.  Cause: java.lang.ClassNotFoundException: Cannot find class: com.dahaiwuliang.domain.User
	at org.springframework.beans.factory.support.SimpleInstantiationStrategy.instantiate(SimpleInstantiationStrategy.java:185)
	at org.springframework.beans.factory.support.ConstructorResolver.instantiate(ConstructorResolver.java:653)
	... 24 common frames omitted
Caused by: org.springframework.core.NestedIOException: Failed to parse mapping resource: 'file [G:\project\springboot2\rs\target\classes\mapper\LogMapper.xml]'; nested exception is org.apache.ibatis.builder.BuilderException: Error parsing Mapper XML. The XML location is 'file [G:\project\springboot2\rs\target\classes\mapper\LogMapper.xml]'. Cause: org.apache.ibatis.builder.BuilderException: Error resolving class. Cause: org.apache.ibatis.type.TypeException: Could not resolve type alias 'com.dahaiwuliang.domain.User'.  Cause: java.lang.ClassNotFoundException: Cannot find class: com.dahaiwuliang.domain.User
	at com.baomidou.mybatisplus.extension.spring.MybatisSqlSessionFactoryBean.buildSqlSessionFactory(MybatisSqlSessionFactoryBean.java:593)
	at com.baomidou.mybatisplus.extension.spring.MybatisSqlSessionFactoryBean.afterPropertiesSet(MybatisSqlSessionFactoryBean.java:429)
	at com.baomidou.mybatisplus.extension.spring.MybatisSqlSessionFactoryBean.getObject(MybatisSqlSessionFactoryBean.java:626)
	at com.baomidou.mybatisplus.autoconfigure.MybatisPlusAutoConfiguration.sqlSessionFactory(MybatisPlusAutoConfiguration.java:215)
	at com.baomidou.mybatisplus.autoconfigure.MybatisPlusAutoConfiguration$$EnhancerBySpringCGLIB$$da1793d0.CGLIB$sqlSessionFactory$1(<generated>)
	at com.baomidou.mybatisplus.autoconfigure.MybatisPlusAutoConfiguration$$EnhancerBySpringCGLIB$$da1793d0$$FastClassBySpringCGLIB$$4f4b3e0d.invoke(<generated>)
	at org.springframework.cglib.proxy.MethodProxy.invokeSuper(MethodProxy.java:244)
	at org.springframework.context.annotation.ConfigurationClassEnhancer$BeanMethodInterceptor.intercept(ConfigurationClassEnhancer.java:331)
	at com.baomidou.mybatisplus.autoconfigure.MybatisPlusAutoConfiguration$$EnhancerBySpringCGLIB$$da1793d0.sqlSessionFactory(<generated>)
	at sun.reflect.NativeMethodAccessorImpl.invoke0(Native Method)
	at sun.reflect.NativeMethodAccessorImpl.invoke(NativeMethodAccessorImpl.java:62)
	at sun.reflect.DelegatingMethodAccessorImpl.invoke(DelegatingMethodAccessorImpl.java:43)
	at java.lang.reflect.Method.invoke(Method.java:498)
	at org.springframework.beans.factory.support.SimpleInstantiationStrategy.instantiate(SimpleInstantiationStrategy.java:154)
	... 25 common frames omitted
Caused by: org.apache.ibatis.builder.BuilderException: Error parsing Mapper XML. The XML location is 'file [G:\project\springboot2\rs\target\classes\mapper\LogMapper.xml]'. Cause: org.apache.ibatis.builder.BuilderException: Error resolving class. Cause: org.apache.ibatis.type.TypeException: Could not resolve type alias 'com.dahaiwuliang.domain.User'.  Cause: java.lang.ClassNotFoundException: Cannot find class: com.dahaiwuliang.domain.User
	at org.apache.ibatis.builder.xml.XMLMapperBuilder.configurationElement(XMLMapperBuilder.java:123)
	at org.apache.ibatis.builder.xml.XMLMapperBuilder.parse(XMLMapperBuilder.java:95)
	at com.baomidou.mybatisplus.extension.spring.MybatisSqlSessionFactoryBean.buildSqlSessionFactory(MybatisSqlSessionFactoryBean.java:591)
	... 38 common frames omitted
Caused by: org.apache.ibatis.builder.BuilderException: Error resolving class. Cause: org.apache.ibatis.type.TypeException: Could not resolve type alias 'com.dahaiwuliang.domain.User'.  Cause: java.lang.ClassNotFoundException: Cannot find class: com.dahaiwuliang.domain.User
	at org.apache.ibatis.builder.BaseBuilder.resolveClass(BaseBuilder.java:118)
	at org.apache.ibatis.builder.xml.XMLStatementBuilder.parseStatementNode(XMLStatementBuilder.java:102)
	at org.apache.ibatis.builder.xml.XMLMapperBuilder.buildStatementFromContext(XMLMapperBuilder.java:138)
	at org.apache.ibatis.builder.xml.XMLMapperBuilder.buildStatementFromContext(XMLMapperBuilder.java:131)
	at org.apache.ibatis.builder.xml.XMLMapperBuilder.configurationElement(XMLMapperBuilder.java:121)
	... 40 common frames omitted
Caused by: org.apache.ibatis.type.TypeException: Could not resolve type alias 'com.dahaiwuliang.domain.User'.  Cause: java.lang.ClassNotFoundException: Cannot find class: com.dahaiwuliang.domain.User
	at org.apache.ibatis.type.TypeAliasRegistry.resolveAlias(TypeAliasRegistry.java:120)
	at org.apache.ibatis.builder.BaseBuilder.resolveAlias(BaseBuilder.java:149)
	at org.apache.ibatis.builder.BaseBuilder.resolveClass(BaseBuilder.java:116)
	... 44 common frames omitted
Caused by: java.lang.ClassNotFoundException: Cannot find class: com.dahaiwuliang.domain.User
	at org.apache.ibatis.io.ClassLoaderWrapper.classForName(ClassLoaderWrapper.java:200)
	at org.apache.ibatis.io.ClassLoaderWrapper.classForName(ClassLoaderWrapper.java:89)
	at org.apache.ibatis.io.Resources.classForName(Resources.java:261)
	at org.apache.ibatis.type.TypeAliasRegistry.resolveAlias(TypeAliasRegistry.java:116)
	... 46 common frames omitted
24-07-12.19:01:17.882 [restartedMain   ] INFO  App                    - Starting App using Java 1.8.0_292 on LAPTOP-E3F5BO7F with PID 23536 (G:\project\springboot2\rs\target\classes started by ASUS in G:\project\springboot2\rs)
24-07-12.19:01:17.883 [restartedMain   ] INFO  App                    - The following 1 profile is active: "pro"
24-07-12.19:01:18.591 [restartedMain   ] INFO  RepositoryConfigurationDelegate - Multiple Spring Data modules found, entering strict repository configuration mode
24-07-12.19:01:18.591 [restartedMain   ] INFO  RepositoryConfigurationDelegate - Bootstrapping Spring Data Redis repositories in DEFAULT mode.
24-07-12.19:01:18.593 [restartedMain   ] INFO  RepositoryConfigurationDelegate - Finished Spring Data repository scanning in 1 ms. Found 0 Redis repository interfaces.
24-07-12.19:01:18.673 [restartedMain   ] WARN  ClassPathMapperScanner - No MyBatis mapper was found in '[com.dahaiwuliang.dao]' package. Please check your configuration.
24-07-12.19:01:18.799 [restartedMain   ] INFO  TomcatWebServer        - Tomcat initialized with port(s): 8082 (http)
24-07-12.19:01:18.800 [restartedMain   ] INFO  Http11NioProtocol      - Initializing ProtocolHandler ["http-nio-8082"]
24-07-12.19:01:18.801 [restartedMain   ] INFO  StandardService        - Starting service [Tomcat]
24-07-12.19:01:18.801 [restartedMain   ] INFO  StandardEngine         - Starting Servlet engine: [Apache Tomcat/9.0.65]
24-07-12.19:01:18.827 [restartedMain   ] INFO  [/]                    - Initializing Spring embedded WebApplicationContext
24-07-12.19:01:18.827 [restartedMain   ] INFO  ServletWebServerApplicationContext - Root WebApplicationContext: initialization completed in 930 ms
24-07-12.19:01:19.119 [restartedMain   ] WARN  AnnotationConfigServletWebServerApplicationContext - Exception encountered during context initialization - cancelling refresh attempt: org.springframework.beans.factory.BeanCreationException: Error creating bean with name 'sqlSessionFactory' defined in class path resource [com/baomidou/mybatisplus/autoconfigure/MybatisPlusAutoConfiguration.class]: Bean instantiation via factory method failed; nested exception is org.springframework.beans.BeanInstantiationException: Failed to instantiate [org.apache.ibatis.session.SqlSessionFactory]: Factory method 'sqlSessionFactory' threw exception; nested exception is org.springframework.core.NestedIOException: Failed to parse mapping resource: 'file [G:\project\springboot2\rs\target\classes\mapper\LogMapper.xml]'; nested exception is org.apache.ibatis.builder.BuilderException: Error parsing Mapper XML. The XML location is 'file [G:\project\springboot2\rs\target\classes\mapper\LogMapper.xml]'. Cause: org.apache.ibatis.builder.BuilderException: Error resolving class. Cause: org.apache.ibatis.type.TypeException: Could not resolve type alias 'com.dahaiwuliang.domain.User'.  Cause: java.lang.ClassNotFoundException: Cannot find class: com.dahaiwuliang.domain.User
24-07-12.19:01:19.121 [restartedMain   ] INFO  StandardService        - Stopping service [Tomcat]
24-07-12.19:01:19.132 [restartedMain   ] INFO  ConditionEvaluationReportLoggingListener - 

Error starting ApplicationContext. To display the conditions report re-run your application with 'debug' enabled.
24-07-12.19:01:19.149 [restartedMain   ] ERROR SpringApplication      - Application run failed
org.springframework.beans.factory.BeanCreationException: Error creating bean with name 'sqlSessionFactory' defined in class path resource [com/baomidou/mybatisplus/autoconfigure/MybatisPlusAutoConfiguration.class]: Bean instantiation via factory method failed; nested exception is org.springframework.beans.BeanInstantiationException: Failed to instantiate [org.apache.ibatis.session.SqlSessionFactory]: Factory method 'sqlSessionFactory' threw exception; nested exception is org.springframework.core.NestedIOException: Failed to parse mapping resource: 'file [G:\project\springboot2\rs\target\classes\mapper\LogMapper.xml]'; nested exception is org.apache.ibatis.builder.BuilderException: Error parsing Mapper XML. The XML location is 'file [G:\project\springboot2\rs\target\classes\mapper\LogMapper.xml]'. Cause: org.apache.ibatis.builder.BuilderException: Error resolving class. Cause: org.apache.ibatis.type.TypeException: Could not resolve type alias 'com.dahaiwuliang.domain.User'.  Cause: java.lang.ClassNotFoundException: Cannot find class: com.dahaiwuliang.domain.User
	at org.springframework.beans.factory.support.ConstructorResolver.instantiate(ConstructorResolver.java:658)
	at org.springframework.beans.factory.support.ConstructorResolver.instantiateUsingFactoryMethod(ConstructorResolver.java:638)
	at org.springframework.beans.factory.support.AbstractAutowireCapableBeanFactory.instantiateUsingFactoryMethod(AbstractAutowireCapableBeanFactory.java:1352)
	at org.springframework.beans.factory.support.AbstractAutowireCapableBeanFactory.createBeanInstance(AbstractAutowireCapableBeanFactory.java:1195)
	at org.springframework.beans.factory.support.AbstractAutowireCapableBeanFactory.doCreateBean(AbstractAutowireCapableBeanFactory.java:582)
	at org.springframework.beans.factory.support.AbstractAutowireCapableBeanFactory.createBean(AbstractAutowireCapableBeanFactory.java:542)
	at org.springframework.beans.factory.support.AbstractBeanFactory.lambda$doGetBean$0(AbstractBeanFactory.java:335)
	at org.springframework.beans.factory.support.DefaultSingletonBeanRegistry.getSingleton(DefaultSingletonBeanRegistry.java:234)
	at org.springframework.beans.factory.support.AbstractBeanFactory.doGetBean(AbstractBeanFactory.java:333)
	at org.springframework.beans.factory.support.AbstractBeanFactory.getBean(AbstractBeanFactory.java:208)
	at org.springframework.beans.factory.support.DefaultListableBeanFactory.preInstantiateSingletons(DefaultListableBeanFactory.java:955)
	at org.springframework.context.support.AbstractApplicationContext.finishBeanFactoryInitialization(AbstractApplicationContext.java:918)
	at org.springframework.context.support.AbstractApplicationContext.refresh(AbstractApplicationContext.java:583)
	at org.springframework.boot.web.servlet.context.ServletWebServerApplicationContext.refresh(ServletWebServerApplicationContext.java:147)
	at org.springframework.boot.SpringApplication.refresh(SpringApplication.java:734)
	at org.springframework.boot.SpringApplication.refreshContext(SpringApplication.java:408)
	at org.springframework.boot.SpringApplication.run(SpringApplication.java:308)
	at org.springframework.boot.SpringApplication.run(SpringApplication.java:1306)
	at org.springframework.boot.SpringApplication.run(SpringApplication.java:1295)
	at com.dahaiwuliang.App.main(App.java:14)
	at sun.reflect.NativeMethodAccessorImpl.invoke0(Native Method)
	at sun.reflect.NativeMethodAccessorImpl.invoke(NativeMethodAccessorImpl.java:62)
	at sun.reflect.DelegatingMethodAccessorImpl.invoke(DelegatingMethodAccessorImpl.java:43)
	at java.lang.reflect.Method.invoke(Method.java:498)
	at org.springframework.boot.devtools.restart.RestartLauncher.run(RestartLauncher.java:49)
Caused by: org.springframework.beans.BeanInstantiationException: Failed to instantiate [org.apache.ibatis.session.SqlSessionFactory]: Factory method 'sqlSessionFactory' threw exception; nested exception is org.springframework.core.NestedIOException: Failed to parse mapping resource: 'file [G:\project\springboot2\rs\target\classes\mapper\LogMapper.xml]'; nested exception is org.apache.ibatis.builder.BuilderException: Error parsing Mapper XML. The XML location is 'file [G:\project\springboot2\rs\target\classes\mapper\LogMapper.xml]'. Cause: org.apache.ibatis.builder.BuilderException: Error resolving class. Cause: org.apache.ibatis.type.TypeException: Could not resolve type alias 'com.dahaiwuliang.domain.User'.  Cause: java.lang.ClassNotFoundException: Cannot find class: com.dahaiwuliang.domain.User
	at org.springframework.beans.factory.support.SimpleInstantiationStrategy.instantiate(SimpleInstantiationStrategy.java:185)
	at org.springframework.beans.factory.support.ConstructorResolver.instantiate(ConstructorResolver.java:653)
	... 24 common frames omitted
Caused by: org.springframework.core.NestedIOException: Failed to parse mapping resource: 'file [G:\project\springboot2\rs\target\classes\mapper\LogMapper.xml]'; nested exception is org.apache.ibatis.builder.BuilderException: Error parsing Mapper XML. The XML location is 'file [G:\project\springboot2\rs\target\classes\mapper\LogMapper.xml]'. Cause: org.apache.ibatis.builder.BuilderException: Error resolving class. Cause: org.apache.ibatis.type.TypeException: Could not resolve type alias 'com.dahaiwuliang.domain.User'.  Cause: java.lang.ClassNotFoundException: Cannot find class: com.dahaiwuliang.domain.User
	at com.baomidou.mybatisplus.extension.spring.MybatisSqlSessionFactoryBean.buildSqlSessionFactory(MybatisSqlSessionFactoryBean.java:593)
	at com.baomidou.mybatisplus.extension.spring.MybatisSqlSessionFactoryBean.afterPropertiesSet(MybatisSqlSessionFactoryBean.java:429)
	at com.baomidou.mybatisplus.extension.spring.MybatisSqlSessionFactoryBean.getObject(MybatisSqlSessionFactoryBean.java:626)
	at com.baomidou.mybatisplus.autoconfigure.MybatisPlusAutoConfiguration.sqlSessionFactory(MybatisPlusAutoConfiguration.java:215)
	at com.baomidou.mybatisplus.autoconfigure.MybatisPlusAutoConfiguration$$EnhancerBySpringCGLIB$$da1793d0.CGLIB$sqlSessionFactory$1(<generated>)
	at com.baomidou.mybatisplus.autoconfigure.MybatisPlusAutoConfiguration$$EnhancerBySpringCGLIB$$da1793d0$$FastClassBySpringCGLIB$$4f4b3e0d.invoke(<generated>)
	at org.springframework.cglib.proxy.MethodProxy.invokeSuper(MethodProxy.java:244)
	at org.springframework.context.annotation.ConfigurationClassEnhancer$BeanMethodInterceptor.intercept(ConfigurationClassEnhancer.java:331)
	at com.baomidou.mybatisplus.autoconfigure.MybatisPlusAutoConfiguration$$EnhancerBySpringCGLIB$$da1793d0.sqlSessionFactory(<generated>)
	at sun.reflect.NativeMethodAccessorImpl.invoke0(Native Method)
	at sun.reflect.NativeMethodAccessorImpl.invoke(NativeMethodAccessorImpl.java:62)
	at sun.reflect.DelegatingMethodAccessorImpl.invoke(DelegatingMethodAccessorImpl.java:43)
	at java.lang.reflect.Method.invoke(Method.java:498)
	at org.springframework.beans.factory.support.SimpleInstantiationStrategy.instantiate(SimpleInstantiationStrategy.java:154)
	... 25 common frames omitted
Caused by: org.apache.ibatis.builder.BuilderException: Error parsing Mapper XML. The XML location is 'file [G:\project\springboot2\rs\target\classes\mapper\LogMapper.xml]'. Cause: org.apache.ibatis.builder.BuilderException: Error resolving class. Cause: org.apache.ibatis.type.TypeException: Could not resolve type alias 'com.dahaiwuliang.domain.User'.  Cause: java.lang.ClassNotFoundException: Cannot find class: com.dahaiwuliang.domain.User
	at org.apache.ibatis.builder.xml.XMLMapperBuilder.configurationElement(XMLMapperBuilder.java:123)
	at org.apache.ibatis.builder.xml.XMLMapperBuilder.parse(XMLMapperBuilder.java:95)
	at com.baomidou.mybatisplus.extension.spring.MybatisSqlSessionFactoryBean.buildSqlSessionFactory(MybatisSqlSessionFactoryBean.java:591)
	... 38 common frames omitted
Caused by: org.apache.ibatis.builder.BuilderException: Error resolving class. Cause: org.apache.ibatis.type.TypeException: Could not resolve type alias 'com.dahaiwuliang.domain.User'.  Cause: java.lang.ClassNotFoundException: Cannot find class: com.dahaiwuliang.domain.User
	at org.apache.ibatis.builder.BaseBuilder.resolveClass(BaseBuilder.java:118)
	at org.apache.ibatis.builder.xml.XMLStatementBuilder.parseStatementNode(XMLStatementBuilder.java:102)
	at org.apache.ibatis.builder.xml.XMLMapperBuilder.buildStatementFromContext(XMLMapperBuilder.java:138)
	at org.apache.ibatis.builder.xml.XMLMapperBuilder.buildStatementFromContext(XMLMapperBuilder.java:131)
	at org.apache.ibatis.builder.xml.XMLMapperBuilder.configurationElement(XMLMapperBuilder.java:121)
	... 40 common frames omitted
Caused by: org.apache.ibatis.type.TypeException: Could not resolve type alias 'com.dahaiwuliang.domain.User'.  Cause: java.lang.ClassNotFoundException: Cannot find class: com.dahaiwuliang.domain.User
	at org.apache.ibatis.type.TypeAliasRegistry.resolveAlias(TypeAliasRegistry.java:120)
	at org.apache.ibatis.builder.BaseBuilder.resolveAlias(BaseBuilder.java:149)
	at org.apache.ibatis.builder.BaseBuilder.resolveClass(BaseBuilder.java:116)
	... 44 common frames omitted
Caused by: java.lang.ClassNotFoundException: Cannot find class: com.dahaiwuliang.domain.User
	at org.apache.ibatis.io.ClassLoaderWrapper.classForName(ClassLoaderWrapper.java:200)
	at org.apache.ibatis.io.ClassLoaderWrapper.classForName(ClassLoaderWrapper.java:89)
	at org.apache.ibatis.io.Resources.classForName(Resources.java:261)
	at org.apache.ibatis.type.TypeAliasRegistry.resolveAlias(TypeAliasRegistry.java:116)
	... 46 common frames omitted
24-07-12.19:01:23.529 [restartedMain   ] INFO  App                    - Starting App using Java 1.8.0_292 on LAPTOP-E3F5BO7F with PID 23536 (G:\project\springboot2\rs\target\classes started by ASUS in G:\project\springboot2\rs)
24-07-12.19:01:23.529 [restartedMain   ] INFO  App                    - The following 1 profile is active: "pro"
24-07-12.19:01:24.603 [restartedMain   ] INFO  RepositoryConfigurationDelegate - Multiple Spring Data modules found, entering strict repository configuration mode
24-07-12.19:01:24.604 [restartedMain   ] INFO  RepositoryConfigurationDelegate - Bootstrapping Spring Data Redis repositories in DEFAULT mode.
24-07-12.19:01:24.617 [restartedMain   ] INFO  RepositoryConfigurationDelegate - Finished Spring Data repository scanning in 12 ms. Found 0 Redis repository interfaces.
24-07-12.19:01:24.977 [restartedMain   ] INFO  TomcatWebServer        - Tomcat initialized with port(s): 8082 (http)
24-07-12.19:01:24.979 [restartedMain   ] INFO  Http11NioProtocol      - Initializing ProtocolHandler ["http-nio-8082"]
24-07-12.19:01:24.979 [restartedMain   ] INFO  StandardService        - Starting service [Tomcat]
24-07-12.19:01:24.980 [restartedMain   ] INFO  StandardEngine         - Starting Servlet engine: [Apache Tomcat/9.0.65]
24-07-12.19:01:25.009 [restartedMain   ] INFO  [/]                    - Initializing Spring embedded WebApplicationContext
24-07-12.19:01:25.009 [restartedMain   ] INFO  ServletWebServerApplicationContext - Root WebApplicationContext: initialization completed in 1462 ms
24-07-12.19:01:25.944 [restartedMain   ] INFO  OptionalLiveReloadServer - LiveReload server is running on port 35729
24-07-12.19:01:25.989 [restartedMain   ] INFO  Http11NioProtocol      - Starting ProtocolHandler ["http-nio-8082"]
24-07-12.19:01:25.993 [restartedMain   ] INFO  TomcatWebServer        - Tomcat started on port(s): 8082 (http) with context path ''
24-07-12.19:01:26.006 [restartedMain   ] INFO  App                    - Started App in 2.992 seconds (JVM running for 370.143)
24-07-12.19:01:26.010 [restartedMain   ] INFO  ConditionEvaluationDeltaLoggingListener - Condition evaluation unchanged
24-07-12.19:01:26.316 [scheduling-1    ] INFO  GetNewData             - 定时任务扫描的keys:["user_info_UID_YRaZptE7mQpwqkV5XIr1hucsQ2Tx","user_info_UID_i2KXTMg5g6nhAOgWQwo1itlwHnQz","user_info_UID_jLKtbrB1V1dRD1QHAhwevYxVnHta","user_info_UID_AgHySDtRKqqo3wYuiOqwfpTQjKfk","user_info_UID_JAKoivK8LhMRNZ4hWIk6YFGXKa9u","user_info_UID_NNikwAIyX4nVsg5ShvytR5T73XAZ"]
24-07-12.19:01:29.123 [scheduling-1    ] INFO  GetNewData             - 定时任务扫描的keys:["user_info_UID_YRaZptE7mQpwqkV5XIr1hucsQ2Tx","user_info_UID_i2KXTMg5g6nhAOgWQwo1itlwHnQz","user_info_UID_jLKtbrB1V1dRD1QHAhwevYxVnHta","user_info_UID_AgHySDtRKqqo3wYuiOqwfpTQjKfk","user_info_UID_JAKoivK8LhMRNZ4hWIk6YFGXKa9u","user_info_UID_NNikwAIyX4nVsg5ShvytR5T73XAZ"]
24-07-12.19:01:32.155 [scheduling-1    ] INFO  GetNewData             - 定时任务扫描的keys:["user_info_UID_YRaZptE7mQpwqkV5XIr1hucsQ2Tx","user_info_UID_i2KXTMg5g6nhAOgWQwo1itlwHnQz","user_info_UID_jLKtbrB1V1dRD1QHAhwevYxVnHta","user_info_UID_AgHySDtRKqqo3wYuiOqwfpTQjKfk","user_info_UID_JAKoivK8LhMRNZ4hWIk6YFGXKa9u","user_info_UID_NNikwAIyX4nVsg5ShvytR5T73XAZ"]
24-07-12.19:01:35.138 [scheduling-1    ] INFO  GetNewData             - 定时任务扫描的keys:["user_info_UID_YRaZptE7mQpwqkV5XIr1hucsQ2Tx","user_info_UID_i2KXTMg5g6nhAOgWQwo1itlwHnQz","user_info_UID_jLKtbrB1V1dRD1QHAhwevYxVnHta","user_info_UID_AgHySDtRKqqo3wYuiOqwfpTQjKfk","user_info_UID_JAKoivK8LhMRNZ4hWIk6YFGXKa9u","user_info_UID_NNikwAIyX4nVsg5ShvytR5T73XAZ"]
24-07-12.19:01:38.154 [scheduling-1    ] INFO  GetNewData             - 定时任务扫描的keys:["user_info_UID_YRaZptE7mQpwqkV5XIr1hucsQ2Tx","user_info_UID_i2KXTMg5g6nhAOgWQwo1itlwHnQz","user_info_UID_jLKtbrB1V1dRD1QHAhwevYxVnHta","user_info_UID_AgHySDtRKqqo3wYuiOqwfpTQjKfk","user_info_UID_JAKoivK8LhMRNZ4hWIk6YFGXKa9u","user_info_UID_NNikwAIyX4nVsg5ShvytR5T73XAZ"]
24-07-12.19:01:41.122 [scheduling-1    ] INFO  GetNewData             - 定时任务扫描的keys:["user_info_UID_YRaZptE7mQpwqkV5XIr1hucsQ2Tx","user_info_UID_i2KXTMg5g6nhAOgWQwo1itlwHnQz","user_info_UID_jLKtbrB1V1dRD1QHAhwevYxVnHta","user_info_UID_AgHySDtRKqqo3wYuiOqwfpTQjKfk","user_info_UID_JAKoivK8LhMRNZ4hWIk6YFGXKa9u","user_info_UID_NNikwAIyX4nVsg5ShvytR5T73XAZ"]
24-07-12.19:01:44.144 [scheduling-1    ] INFO  GetNewData             - 定时任务扫描的keys:["user_info_UID_YRaZptE7mQpwqkV5XIr1hucsQ2Tx","user_info_UID_i2KXTMg5g6nhAOgWQwo1itlwHnQz","user_info_UID_jLKtbrB1V1dRD1QHAhwevYxVnHta","user_info_UID_AgHySDtRKqqo3wYuiOqwfpTQjKfk","user_info_UID_JAKoivK8LhMRNZ4hWIk6YFGXKa9u","user_info_UID_NNikwAIyX4nVsg5ShvytR5T73XAZ"]
24-07-12.19:01:47.131 [scheduling-1    ] INFO  GetNewData             - 定时任务扫描的keys:["user_info_UID_YRaZptE7mQpwqkV5XIr1hucsQ2Tx","user_info_UID_i2KXTMg5g6nhAOgWQwo1itlwHnQz","user_info_UID_jLKtbrB1V1dRD1QHAhwevYxVnHta","user_info_UID_AgHySDtRKqqo3wYuiOqwfpTQjKfk","user_info_UID_JAKoivK8LhMRNZ4hWIk6YFGXKa9u","user_info_UID_NNikwAIyX4nVsg5ShvytR5T73XAZ"]
24-07-12.19:01:50.125 [scheduling-1    ] INFO  GetNewData             - 定时任务扫描的keys:["user_info_UID_YRaZptE7mQpwqkV5XIr1hucsQ2Tx","user_info_UID_i2KXTMg5g6nhAOgWQwo1itlwHnQz","user_info_UID_jLKtbrB1V1dRD1QHAhwevYxVnHta","user_info_UID_AgHySDtRKqqo3wYuiOqwfpTQjKfk","user_info_UID_JAKoivK8LhMRNZ4hWIk6YFGXKa9u","user_info_UID_NNikwAIyX4nVsg5ShvytR5T73XAZ"]
24-07-12.19:01:53.166 [scheduling-1    ] INFO  GetNewData             - 定时任务扫描的keys:["user_info_UID_YRaZptE7mQpwqkV5XIr1hucsQ2Tx","user_info_UID_i2KXTMg5g6nhAOgWQwo1itlwHnQz","user_info_UID_jLKtbrB1V1dRD1QHAhwevYxVnHta","user_info_UID_AgHySDtRKqqo3wYuiOqwfpTQjKfk","user_info_UID_JAKoivK8LhMRNZ4hWIk6YFGXKa9u","user_info_UID_NNikwAIyX4nVsg5ShvytR5T73XAZ"]
24-07-12.19:01:56.205 [scheduling-1    ] INFO  GetNewData             - 定时任务扫描的keys:["user_info_UID_YRaZptE7mQpwqkV5XIr1hucsQ2Tx","user_info_UID_i2KXTMg5g6nhAOgWQwo1itlwHnQz","user_info_UID_jLKtbrB1V1dRD1QHAhwevYxVnHta","user_info_UID_AgHySDtRKqqo3wYuiOqwfpTQjKfk","user_info_UID_JAKoivK8LhMRNZ4hWIk6YFGXKa9u","user_info_UID_NNikwAIyX4nVsg5ShvytR5T73XAZ"]
24-07-12.19:01:59.136 [scheduling-1    ] INFO  GetNewData             - 定时任务扫描的keys:["user_info_UID_YRaZptE7mQpwqkV5XIr1hucsQ2Tx","user_info_UID_i2KXTMg5g6nhAOgWQwo1itlwHnQz","user_info_UID_jLKtbrB1V1dRD1QHAhwevYxVnHta","user_info_UID_AgHySDtRKqqo3wYuiOqwfpTQjKfk","user_info_UID_JAKoivK8LhMRNZ4hWIk6YFGXKa9u","user_info_UID_NNikwAIyX4nVsg5ShvytR5T73XAZ"]
24-07-12.19:02:02.143 [scheduling-1    ] INFO  GetNewData             - 定时任务扫描的keys:["user_info_UID_YRaZptE7mQpwqkV5XIr1hucsQ2Tx","user_info_UID_i2KXTMg5g6nhAOgWQwo1itlwHnQz","user_info_UID_jLKtbrB1V1dRD1QHAhwevYxVnHta","user_info_UID_AgHySDtRKqqo3wYuiOqwfpTQjKfk","user_info_UID_JAKoivK8LhMRNZ4hWIk6YFGXKa9u","user_info_UID_NNikwAIyX4nVsg5ShvytR5T73XAZ"]
24-07-12.19:02:05.160 [scheduling-1    ] INFO  GetNewData             - 定时任务扫描的keys:["user_info_UID_YRaZptE7mQpwqkV5XIr1hucsQ2Tx","user_info_UID_i2KXTMg5g6nhAOgWQwo1itlwHnQz","user_info_UID_jLKtbrB1V1dRD1QHAhwevYxVnHta","user_info_UID_AgHySDtRKqqo3wYuiOqwfpTQjKfk","user_info_UID_JAKoivK8LhMRNZ4hWIk6YFGXKa9u","user_info_UID_NNikwAIyX4nVsg5ShvytR5T73XAZ"]
24-07-12.19:02:08.123 [scheduling-1    ] INFO  GetNewData             - 定时任务扫描的keys:["user_info_UID_YRaZptE7mQpwqkV5XIr1hucsQ2Tx","user_info_UID_i2KXTMg5g6nhAOgWQwo1itlwHnQz","user_info_UID_jLKtbrB1V1dRD1QHAhwevYxVnHta","user_info_UID_AgHySDtRKqqo3wYuiOqwfpTQjKfk","user_info_UID_JAKoivK8LhMRNZ4hWIk6YFGXKa9u","user_info_UID_NNikwAIyX4nVsg5ShvytR5T73XAZ"]
24-07-12.19:02:11.141 [scheduling-1    ] INFO  GetNewData             - 定时任务扫描的keys:["user_info_UID_YRaZptE7mQpwqkV5XIr1hucsQ2Tx","user_info_UID_i2KXTMg5g6nhAOgWQwo1itlwHnQz","user_info_UID_jLKtbrB1V1dRD1QHAhwevYxVnHta","user_info_UID_AgHySDtRKqqo3wYuiOqwfpTQjKfk","user_info_UID_JAKoivK8LhMRNZ4hWIk6YFGXKa9u","user_info_UID_NNikwAIyX4nVsg5ShvytR5T73XAZ"]
24-07-12.19:02:14.156 [scheduling-1    ] INFO  GetNewData             - 定时任务扫描的keys:["user_info_UID_YRaZptE7mQpwqkV5XIr1hucsQ2Tx","user_info_UID_i2KXTMg5g6nhAOgWQwo1itlwHnQz","user_info_UID_jLKtbrB1V1dRD1QHAhwevYxVnHta","user_info_UID_AgHySDtRKqqo3wYuiOqwfpTQjKfk","user_info_UID_JAKoivK8LhMRNZ4hWIk6YFGXKa9u","user_info_UID_NNikwAIyX4nVsg5ShvytR5T73XAZ"]
24-07-12.19:02:17.129 [scheduling-1    ] INFO  GetNewData             - 定时任务扫描的keys:["user_info_UID_YRaZptE7mQpwqkV5XIr1hucsQ2Tx","user_info_UID_i2KXTMg5g6nhAOgWQwo1itlwHnQz","user_info_UID_jLKtbrB1V1dRD1QHAhwevYxVnHta","user_info_UID_AgHySDtRKqqo3wYuiOqwfpTQjKfk","user_info_UID_JAKoivK8LhMRNZ4hWIk6YFGXKa9u","user_info_UID_NNikwAIyX4nVsg5ShvytR5T73XAZ"]
24-07-12.19:02:20.157 [scheduling-1    ] INFO  GetNewData             - 定时任务扫描的keys:["user_info_UID_YRaZptE7mQpwqkV5XIr1hucsQ2Tx","user_info_UID_i2KXTMg5g6nhAOgWQwo1itlwHnQz","user_info_UID_jLKtbrB1V1dRD1QHAhwevYxVnHta","user_info_UID_AgHySDtRKqqo3wYuiOqwfpTQjKfk","user_info_UID_JAKoivK8LhMRNZ4hWIk6YFGXKa9u","user_info_UID_NNikwAIyX4nVsg5ShvytR5T73XAZ"]
24-07-12.19:02:23.156 [scheduling-1    ] INFO  GetNewData             - 定时任务扫描的keys:["user_info_UID_YRaZptE7mQpwqkV5XIr1hucsQ2Tx","user_info_UID_i2KXTMg5g6nhAOgWQwo1itlwHnQz","user_info_UID_jLKtbrB1V1dRD1QHAhwevYxVnHta","user_info_UID_AgHySDtRKqqo3wYuiOqwfpTQjKfk","user_info_UID_JAKoivK8LhMRNZ4hWIk6YFGXKa9u","user_info_UID_NNikwAIyX4nVsg5ShvytR5T73XAZ"]
24-07-12.19:02:26.150 [scheduling-1    ] INFO  GetNewData             - 定时任务扫描的keys:["user_info_UID_YRaZptE7mQpwqkV5XIr1hucsQ2Tx","user_info_UID_i2KXTMg5g6nhAOgWQwo1itlwHnQz","user_info_UID_jLKtbrB1V1dRD1QHAhwevYxVnHta","user_info_UID_AgHySDtRKqqo3wYuiOqwfpTQjKfk","user_info_UID_JAKoivK8LhMRNZ4hWIk6YFGXKa9u","user_info_UID_NNikwAIyX4nVsg5ShvytR5T73XAZ"]
24-07-12.19:02:29.123 [scheduling-1    ] INFO  GetNewData             - 定时任务扫描的keys:["user_info_UID_YRaZptE7mQpwqkV5XIr1hucsQ2Tx","user_info_UID_i2KXTMg5g6nhAOgWQwo1itlwHnQz","user_info_UID_jLKtbrB1V1dRD1QHAhwevYxVnHta","user_info_UID_AgHySDtRKqqo3wYuiOqwfpTQjKfk","user_info_UID_JAKoivK8LhMRNZ4hWIk6YFGXKa9u","user_info_UID_NNikwAIyX4nVsg5ShvytR5T73XAZ"]
24-07-12.19:02:32.133 [scheduling-1    ] INFO  GetNewData             - 定时任务扫描的keys:["user_info_UID_YRaZptE7mQpwqkV5XIr1hucsQ2Tx","user_info_UID_i2KXTMg5g6nhAOgWQwo1itlwHnQz","user_info_UID_jLKtbrB1V1dRD1QHAhwevYxVnHta","user_info_UID_AgHySDtRKqqo3wYuiOqwfpTQjKfk","user_info_UID_JAKoivK8LhMRNZ4hWIk6YFGXKa9u","user_info_UID_NNikwAIyX4nVsg5ShvytR5T73XAZ"]
24-07-12.19:02:35.149 [scheduling-1    ] INFO  GetNewData             - 定时任务扫描的keys:["user_info_UID_YRaZptE7mQpwqkV5XIr1hucsQ2Tx","user_info_UID_i2KXTMg5g6nhAOgWQwo1itlwHnQz","user_info_UID_jLKtbrB1V1dRD1QHAhwevYxVnHta","user_info_UID_AgHySDtRKqqo3wYuiOqwfpTQjKfk","user_info_UID_JAKoivK8LhMRNZ4hWIk6YFGXKa9u","user_info_UID_NNikwAIyX4nVsg5ShvytR5T73XAZ"]
24-07-12.19:02:38.210 [scheduling-1    ] INFO  GetNewData             - 定时任务扫描的keys:["user_info_UID_YRaZptE7mQpwqkV5XIr1hucsQ2Tx","user_info_UID_i2KXTMg5g6nhAOgWQwo1itlwHnQz","user_info_UID_jLKtbrB1V1dRD1QHAhwevYxVnHta","user_info_UID_AgHySDtRKqqo3wYuiOqwfpTQjKfk","user_info_UID_JAKoivK8LhMRNZ4hWIk6YFGXKa9u","user_info_UID_NNikwAIyX4nVsg5ShvytR5T73XAZ"]
24-07-12.19:02:41.157 [scheduling-1    ] INFO  GetNewData             - 定时任务扫描的keys:["user_info_UID_YRaZptE7mQpwqkV5XIr1hucsQ2Tx","user_info_UID_i2KXTMg5g6nhAOgWQwo1itlwHnQz","user_info_UID_jLKtbrB1V1dRD1QHAhwevYxVnHta","user_info_UID_AgHySDtRKqqo3wYuiOqwfpTQjKfk","user_info_UID_JAKoivK8LhMRNZ4hWIk6YFGXKa9u","user_info_UID_NNikwAIyX4nVsg5ShvytR5T73XAZ"]
24-07-12.19:02:44.126 [scheduling-1    ] INFO  GetNewData             - 定时任务扫描的keys:["user_info_UID_YRaZptE7mQpwqkV5XIr1hucsQ2Tx","user_info_UID_i2KXTMg5g6nhAOgWQwo1itlwHnQz","user_info_UID_jLKtbrB1V1dRD1QHAhwevYxVnHta","user_info_UID_AgHySDtRKqqo3wYuiOqwfpTQjKfk","user_info_UID_JAKoivK8LhMRNZ4hWIk6YFGXKa9u","user_info_UID_NNikwAIyX4nVsg5ShvytR5T73XAZ"]
24-07-12.19:02:47.127 [scheduling-1    ] INFO  GetNewData             - 定时任务扫描的keys:["user_info_UID_YRaZptE7mQpwqkV5XIr1hucsQ2Tx","user_info_UID_i2KXTMg5g6nhAOgWQwo1itlwHnQz","user_info_UID_jLKtbrB1V1dRD1QHAhwevYxVnHta","user_info_UID_AgHySDtRKqqo3wYuiOqwfpTQjKfk","user_info_UID_JAKoivK8LhMRNZ4hWIk6YFGXKa9u","user_info_UID_NNikwAIyX4nVsg5ShvytR5T73XAZ"]
24-07-12.19:02:50.117 [scheduling-1    ] INFO  GetNewData             - 定时任务扫描的keys:["user_info_UID_YRaZptE7mQpwqkV5XIr1hucsQ2Tx","user_info_UID_i2KXTMg5g6nhAOgWQwo1itlwHnQz","user_info_UID_jLKtbrB1V1dRD1QHAhwevYxVnHta","user_info_UID_AgHySDtRKqqo3wYuiOqwfpTQjKfk","user_info_UID_JAKoivK8LhMRNZ4hWIk6YFGXKa9u","user_info_UID_NNikwAIyX4nVsg5ShvytR5T73XAZ"]
24-07-12.19:02:53.152 [scheduling-1    ] INFO  GetNewData             - 定时任务扫描的keys:["user_info_UID_YRaZptE7mQpwqkV5XIr1hucsQ2Tx","user_info_UID_i2KXTMg5g6nhAOgWQwo1itlwHnQz","user_info_UID_jLKtbrB1V1dRD1QHAhwevYxVnHta","user_info_UID_AgHySDtRKqqo3wYuiOqwfpTQjKfk","user_info_UID_JAKoivK8LhMRNZ4hWIk6YFGXKa9u","user_info_UID_NNikwAIyX4nVsg5ShvytR5T73XAZ"]
24-07-12.19:02:56.155 [scheduling-1    ] INFO  GetNewData             - 定时任务扫描的keys:["user_info_UID_YRaZptE7mQpwqkV5XIr1hucsQ2Tx","user_info_UID_i2KXTMg5g6nhAOgWQwo1itlwHnQz","user_info_UID_jLKtbrB1V1dRD1QHAhwevYxVnHta","user_info_UID_AgHySDtRKqqo3wYuiOqwfpTQjKfk","user_info_UID_JAKoivK8LhMRNZ4hWIk6YFGXKa9u","user_info_UID_NNikwAIyX4nVsg5ShvytR5T73XAZ"]
24-07-12.19:02:59.133 [scheduling-1    ] INFO  GetNewData             - 定时任务扫描的keys:["user_info_UID_YRaZptE7mQpwqkV5XIr1hucsQ2Tx","user_info_UID_i2KXTMg5g6nhAOgWQwo1itlwHnQz","user_info_UID_jLKtbrB1V1dRD1QHAhwevYxVnHta","user_info_UID_AgHySDtRKqqo3wYuiOqwfpTQjKfk","user_info_UID_JAKoivK8LhMRNZ4hWIk6YFGXKa9u","user_info_UID_NNikwAIyX4nVsg5ShvytR5T73XAZ"]
24-07-12.19:03:02.125 [scheduling-1    ] INFO  GetNewData             - 定时任务扫描的keys:["user_info_UID_YRaZptE7mQpwqkV5XIr1hucsQ2Tx","user_info_UID_i2KXTMg5g6nhAOgWQwo1itlwHnQz","user_info_UID_jLKtbrB1V1dRD1QHAhwevYxVnHta","user_info_UID_AgHySDtRKqqo3wYuiOqwfpTQjKfk","user_info_UID_JAKoivK8LhMRNZ4hWIk6YFGXKa9u","user_info_UID_NNikwAIyX4nVsg5ShvytR5T73XAZ"]
24-07-12.19:03:05.123 [scheduling-1    ] INFO  GetNewData             - 定时任务扫描的keys:["user_info_UID_YRaZptE7mQpwqkV5XIr1hucsQ2Tx","user_info_UID_i2KXTMg5g6nhAOgWQwo1itlwHnQz","user_info_UID_jLKtbrB1V1dRD1QHAhwevYxVnHta","user_info_UID_AgHySDtRKqqo3wYuiOqwfpTQjKfk","user_info_UID_JAKoivK8LhMRNZ4hWIk6YFGXKa9u","user_info_UID_NNikwAIyX4nVsg5ShvytR5T73XAZ"]
24-07-12.19:03:08.150 [scheduling-1    ] INFO  GetNewData             - 定时任务扫描的keys:["user_info_UID_YRaZptE7mQpwqkV5XIr1hucsQ2Tx","user_info_UID_i2KXTMg5g6nhAOgWQwo1itlwHnQz","user_info_UID_jLKtbrB1V1dRD1QHAhwevYxVnHta","user_info_UID_AgHySDtRKqqo3wYuiOqwfpTQjKfk","user_info_UID_JAKoivK8LhMRNZ4hWIk6YFGXKa9u","user_info_UID_NNikwAIyX4nVsg5ShvytR5T73XAZ"]
24-07-12.19:03:11.146 [scheduling-1    ] INFO  GetNewData             - 定时任务扫描的keys:["user_info_UID_YRaZptE7mQpwqkV5XIr1hucsQ2Tx","user_info_UID_i2KXTMg5g6nhAOgWQwo1itlwHnQz","user_info_UID_jLKtbrB1V1dRD1QHAhwevYxVnHta","user_info_UID_AgHySDtRKqqo3wYuiOqwfpTQjKfk","user_info_UID_JAKoivK8LhMRNZ4hWIk6YFGXKa9u","user_info_UID_NNikwAIyX4nVsg5ShvytR5T73XAZ"]
24-07-12.19:03:14.125 [scheduling-1    ] INFO  GetNewData             - 定时任务扫描的keys:["user_info_UID_YRaZptE7mQpwqkV5XIr1hucsQ2Tx","user_info_UID_i2KXTMg5g6nhAOgWQwo1itlwHnQz","user_info_UID_jLKtbrB1V1dRD1QHAhwevYxVnHta","user_info_UID_AgHySDtRKqqo3wYuiOqwfpTQjKfk","user_info_UID_JAKoivK8LhMRNZ4hWIk6YFGXKa9u","user_info_UID_NNikwAIyX4nVsg5ShvytR5T73XAZ"]
24-07-12.19:03:17.126 [scheduling-1    ] INFO  GetNewData             - 定时任务扫描的keys:["user_info_UID_YRaZptE7mQpwqkV5XIr1hucsQ2Tx","user_info_UID_i2KXTMg5g6nhAOgWQwo1itlwHnQz","user_info_UID_jLKtbrB1V1dRD1QHAhwevYxVnHta","user_info_UID_AgHySDtRKqqo3wYuiOqwfpTQjKfk","user_info_UID_JAKoivK8LhMRNZ4hWIk6YFGXKa9u","user_info_UID_NNikwAIyX4nVsg5ShvytR5T73XAZ"]
24-07-12.19:03:20.142 [scheduling-1    ] INFO  GetNewData             - 定时任务扫描的keys:["user_info_UID_YRaZptE7mQpwqkV5XIr1hucsQ2Tx","user_info_UID_i2KXTMg5g6nhAOgWQwo1itlwHnQz","user_info_UID_jLKtbrB1V1dRD1QHAhwevYxVnHta","user_info_UID_AgHySDtRKqqo3wYuiOqwfpTQjKfk","user_info_UID_JAKoivK8LhMRNZ4hWIk6YFGXKa9u","user_info_UID_NNikwAIyX4nVsg5ShvytR5T73XAZ"]
24-07-12.19:03:23.137 [scheduling-1    ] INFO  GetNewData             - 定时任务扫描的keys:["user_info_UID_YRaZptE7mQpwqkV5XIr1hucsQ2Tx","user_info_UID_i2KXTMg5g6nhAOgWQwo1itlwHnQz","user_info_UID_jLKtbrB1V1dRD1QHAhwevYxVnHta","user_info_UID_AgHySDtRKqqo3wYuiOqwfpTQjKfk","user_info_UID_JAKoivK8LhMRNZ4hWIk6YFGXKa9u","user_info_UID_NNikwAIyX4nVsg5ShvytR5T73XAZ"]
24-07-12.19:03:26.132 [scheduling-1    ] INFO  GetNewData             - 定时任务扫描的keys:["user_info_UID_YRaZptE7mQpwqkV5XIr1hucsQ2Tx","user_info_UID_i2KXTMg5g6nhAOgWQwo1itlwHnQz","user_info_UID_jLKtbrB1V1dRD1QHAhwevYxVnHta","user_info_UID_AgHySDtRKqqo3wYuiOqwfpTQjKfk","user_info_UID_JAKoivK8LhMRNZ4hWIk6YFGXKa9u","user_info_UID_NNikwAIyX4nVsg5ShvytR5T73XAZ"]
24-07-12.19:03:29.146 [scheduling-1    ] INFO  GetNewData             - 定时任务扫描的keys:["user_info_UID_YRaZptE7mQpwqkV5XIr1hucsQ2Tx","user_info_UID_i2KXTMg5g6nhAOgWQwo1itlwHnQz","user_info_UID_jLKtbrB1V1dRD1QHAhwevYxVnHta","user_info_UID_AgHySDtRKqqo3wYuiOqwfpTQjKfk","user_info_UID_JAKoivK8LhMRNZ4hWIk6YFGXKa9u","user_info_UID_NNikwAIyX4nVsg5ShvytR5T73XAZ"]
24-07-12.19:03:32.128 [scheduling-1    ] INFO  GetNewData             - 定时任务扫描的keys:["user_info_UID_YRaZptE7mQpwqkV5XIr1hucsQ2Tx","user_info_UID_i2KXTMg5g6nhAOgWQwo1itlwHnQz","user_info_UID_jLKtbrB1V1dRD1QHAhwevYxVnHta","user_info_UID_AgHySDtRKqqo3wYuiOqwfpTQjKfk","user_info_UID_JAKoivK8LhMRNZ4hWIk6YFGXKa9u","user_info_UID_NNikwAIyX4nVsg5ShvytR5T73XAZ"]
24-07-12.19:03:35.151 [scheduling-1    ] INFO  GetNewData             - 定时任务扫描的keys:["user_info_UID_YRaZptE7mQpwqkV5XIr1hucsQ2Tx","user_info_UID_i2KXTMg5g6nhAOgWQwo1itlwHnQz","user_info_UID_jLKtbrB1V1dRD1QHAhwevYxVnHta","user_info_UID_AgHySDtRKqqo3wYuiOqwfpTQjKfk","user_info_UID_JAKoivK8LhMRNZ4hWIk6YFGXKa9u","user_info_UID_NNikwAIyX4nVsg5ShvytR5T73XAZ"]
24-07-12.19:03:38.118 [scheduling-1    ] INFO  GetNewData             - 定时任务扫描的keys:["user_info_UID_YRaZptE7mQpwqkV5XIr1hucsQ2Tx","user_info_UID_i2KXTMg5g6nhAOgWQwo1itlwHnQz","user_info_UID_jLKtbrB1V1dRD1QHAhwevYxVnHta","user_info_UID_AgHySDtRKqqo3wYuiOqwfpTQjKfk","user_info_UID_JAKoivK8LhMRNZ4hWIk6YFGXKa9u","user_info_UID_NNikwAIyX4nVsg5ShvytR5T73XAZ"]
24-07-12.19:03:41.126 [scheduling-1    ] INFO  GetNewData             - 定时任务扫描的keys:["user_info_UID_YRaZptE7mQpwqkV5XIr1hucsQ2Tx","user_info_UID_i2KXTMg5g6nhAOgWQwo1itlwHnQz","user_info_UID_jLKtbrB1V1dRD1QHAhwevYxVnHta","user_info_UID_AgHySDtRKqqo3wYuiOqwfpTQjKfk","user_info_UID_JAKoivK8LhMRNZ4hWIk6YFGXKa9u","user_info_UID_NNikwAIyX4nVsg5ShvytR5T73XAZ"]
24-07-12.19:03:44.136 [scheduling-1    ] INFO  GetNewData             - 定时任务扫描的keys:["user_info_UID_YRaZptE7mQpwqkV5XIr1hucsQ2Tx","user_info_UID_i2KXTMg5g6nhAOgWQwo1itlwHnQz","user_info_UID_jLKtbrB1V1dRD1QHAhwevYxVnHta","user_info_UID_AgHySDtRKqqo3wYuiOqwfpTQjKfk","user_info_UID_JAKoivK8LhMRNZ4hWIk6YFGXKa9u","user_info_UID_NNikwAIyX4nVsg5ShvytR5T73XAZ"]
24-07-12.19:03:47.130 [scheduling-1    ] INFO  GetNewData             - 定时任务扫描的keys:["user_info_UID_YRaZptE7mQpwqkV5XIr1hucsQ2Tx","user_info_UID_i2KXTMg5g6nhAOgWQwo1itlwHnQz","user_info_UID_jLKtbrB1V1dRD1QHAhwevYxVnHta","user_info_UID_AgHySDtRKqqo3wYuiOqwfpTQjKfk","user_info_UID_JAKoivK8LhMRNZ4hWIk6YFGXKa9u","user_info_UID_NNikwAIyX4nVsg5ShvytR5T73XAZ"]
24-07-12.19:03:50.155 [scheduling-1    ] INFO  GetNewData             - 定时任务扫描的keys:["user_info_UID_YRaZptE7mQpwqkV5XIr1hucsQ2Tx","user_info_UID_i2KXTMg5g6nhAOgWQwo1itlwHnQz","user_info_UID_jLKtbrB1V1dRD1QHAhwevYxVnHta","user_info_UID_AgHySDtRKqqo3wYuiOqwfpTQjKfk","user_info_UID_JAKoivK8LhMRNZ4hWIk6YFGXKa9u","user_info_UID_NNikwAIyX4nVsg5ShvytR5T73XAZ"]
24-07-12.19:03:53.145 [scheduling-1    ] INFO  GetNewData             - 定时任务扫描的keys:["user_info_UID_YRaZptE7mQpwqkV5XIr1hucsQ2Tx","user_info_UID_i2KXTMg5g6nhAOgWQwo1itlwHnQz","user_info_UID_jLKtbrB1V1dRD1QHAhwevYxVnHta","user_info_UID_AgHySDtRKqqo3wYuiOqwfpTQjKfk","user_info_UID_JAKoivK8LhMRNZ4hWIk6YFGXKa9u","user_info_UID_NNikwAIyX4nVsg5ShvytR5T73XAZ"]
24-07-12.19:03:56.251 [scheduling-1    ] INFO  GetNewData             - 定时任务扫描的keys:["user_info_UID_YRaZptE7mQpwqkV5XIr1hucsQ2Tx","user_info_UID_i2KXTMg5g6nhAOgWQwo1itlwHnQz","user_info_UID_jLKtbrB1V1dRD1QHAhwevYxVnHta","user_info_UID_AgHySDtRKqqo3wYuiOqwfpTQjKfk","user_info_UID_JAKoivK8LhMRNZ4hWIk6YFGXKa9u","user_info_UID_NNikwAIyX4nVsg5ShvytR5T73XAZ"]
24-07-12.19:03:59.127 [scheduling-1    ] INFO  GetNewData             - 定时任务扫描的keys:["user_info_UID_YRaZptE7mQpwqkV5XIr1hucsQ2Tx","user_info_UID_i2KXTMg5g6nhAOgWQwo1itlwHnQz","user_info_UID_jLKtbrB1V1dRD1QHAhwevYxVnHta","user_info_UID_AgHySDtRKqqo3wYuiOqwfpTQjKfk","user_info_UID_JAKoivK8LhMRNZ4hWIk6YFGXKa9u","user_info_UID_NNikwAIyX4nVsg5ShvytR5T73XAZ"]
24-07-12.19:04:02.125 [scheduling-1    ] INFO  GetNewData             - 定时任务扫描的keys:["user_info_UID_YRaZptE7mQpwqkV5XIr1hucsQ2Tx","user_info_UID_i2KXTMg5g6nhAOgWQwo1itlwHnQz","user_info_UID_jLKtbrB1V1dRD1QHAhwevYxVnHta","user_info_UID_AgHySDtRKqqo3wYuiOqwfpTQjKfk","user_info_UID_JAKoivK8LhMRNZ4hWIk6YFGXKa9u","user_info_UID_NNikwAIyX4nVsg5ShvytR5T73XAZ"]
24-07-12.19:04:05.132 [scheduling-1    ] INFO  GetNewData             - 定时任务扫描的keys:["user_info_UID_YRaZptE7mQpwqkV5XIr1hucsQ2Tx","user_info_UID_i2KXTMg5g6nhAOgWQwo1itlwHnQz","user_info_UID_jLKtbrB1V1dRD1QHAhwevYxVnHta","user_info_UID_AgHySDtRKqqo3wYuiOqwfpTQjKfk","user_info_UID_JAKoivK8LhMRNZ4hWIk6YFGXKa9u","user_info_UID_NNikwAIyX4nVsg5ShvytR5T73XAZ"]
24-07-12.19:04:08.150 [scheduling-1    ] INFO  GetNewData             - 定时任务扫描的keys:["user_info_UID_YRaZptE7mQpwqkV5XIr1hucsQ2Tx","user_info_UID_i2KXTMg5g6nhAOgWQwo1itlwHnQz","user_info_UID_jLKtbrB1V1dRD1QHAhwevYxVnHta","user_info_UID_AgHySDtRKqqo3wYuiOqwfpTQjKfk","user_info_UID_JAKoivK8LhMRNZ4hWIk6YFGXKa9u","user_info_UID_NNikwAIyX4nVsg5ShvytR5T73XAZ"]
24-07-12.19:04:11.157 [scheduling-1    ] INFO  GetNewData             - 定时任务扫描的keys:["user_info_UID_YRaZptE7mQpwqkV5XIr1hucsQ2Tx","user_info_UID_i2KXTMg5g6nhAOgWQwo1itlwHnQz","user_info_UID_jLKtbrB1V1dRD1QHAhwevYxVnHta","user_info_UID_AgHySDtRKqqo3wYuiOqwfpTQjKfk","user_info_UID_JAKoivK8LhMRNZ4hWIk6YFGXKa9u","user_info_UID_NNikwAIyX4nVsg5ShvytR5T73XAZ"]
24-07-12.19:04:14.138 [scheduling-1    ] INFO  GetNewData             - 定时任务扫描的keys:["user_info_UID_YRaZptE7mQpwqkV5XIr1hucsQ2Tx","user_info_UID_i2KXTMg5g6nhAOgWQwo1itlwHnQz","user_info_UID_jLKtbrB1V1dRD1QHAhwevYxVnHta","user_info_UID_AgHySDtRKqqo3wYuiOqwfpTQjKfk","user_info_UID_JAKoivK8LhMRNZ4hWIk6YFGXKa9u","user_info_UID_NNikwAIyX4nVsg5ShvytR5T73XAZ"]
24-07-12.19:04:17.130 [scheduling-1    ] INFO  GetNewData             - 定时任务扫描的keys:["user_info_UID_YRaZptE7mQpwqkV5XIr1hucsQ2Tx","user_info_UID_i2KXTMg5g6nhAOgWQwo1itlwHnQz","user_info_UID_jLKtbrB1V1dRD1QHAhwevYxVnHta","user_info_UID_AgHySDtRKqqo3wYuiOqwfpTQjKfk","user_info_UID_JAKoivK8LhMRNZ4hWIk6YFGXKa9u","user_info_UID_NNikwAIyX4nVsg5ShvytR5T73XAZ"]
24-07-12.19:04:20.245 [scheduling-1    ] INFO  GetNewData             - 定时任务扫描的keys:["user_info_UID_YRaZptE7mQpwqkV5XIr1hucsQ2Tx","user_info_UID_i2KXTMg5g6nhAOgWQwo1itlwHnQz","user_info_UID_jLKtbrB1V1dRD1QHAhwevYxVnHta","user_info_UID_AgHySDtRKqqo3wYuiOqwfpTQjKfk","user_info_UID_JAKoivK8LhMRNZ4hWIk6YFGXKa9u","user_info_UID_NNikwAIyX4nVsg5ShvytR5T73XAZ"]
24-07-12.19:04:23.217 [scheduling-1    ] INFO  GetNewData             - 定时任务扫描的keys:["user_info_UID_YRaZptE7mQpwqkV5XIr1hucsQ2Tx","user_info_UID_i2KXTMg5g6nhAOgWQwo1itlwHnQz","user_info_UID_jLKtbrB1V1dRD1QHAhwevYxVnHta","user_info_UID_AgHySDtRKqqo3wYuiOqwfpTQjKfk","user_info_UID_JAKoivK8LhMRNZ4hWIk6YFGXKa9u","user_info_UID_NNikwAIyX4nVsg5ShvytR5T73XAZ"]
24-07-12.19:04:26.147 [scheduling-1    ] INFO  GetNewData             - 定时任务扫描的keys:["user_info_UID_YRaZptE7mQpwqkV5XIr1hucsQ2Tx","user_info_UID_i2KXTMg5g6nhAOgWQwo1itlwHnQz","user_info_UID_jLKtbrB1V1dRD1QHAhwevYxVnHta","user_info_UID_AgHySDtRKqqo3wYuiOqwfpTQjKfk","user_info_UID_JAKoivK8LhMRNZ4hWIk6YFGXKa9u","user_info_UID_NNikwAIyX4nVsg5ShvytR5T73XAZ"]
24-07-12.19:04:29.153 [scheduling-1    ] INFO  GetNewData             - 定时任务扫描的keys:["user_info_UID_YRaZptE7mQpwqkV5XIr1hucsQ2Tx","user_info_UID_i2KXTMg5g6nhAOgWQwo1itlwHnQz","user_info_UID_jLKtbrB1V1dRD1QHAhwevYxVnHta","user_info_UID_AgHySDtRKqqo3wYuiOqwfpTQjKfk","user_info_UID_JAKoivK8LhMRNZ4hWIk6YFGXKa9u","user_info_UID_NNikwAIyX4nVsg5ShvytR5T73XAZ"]
24-07-12.19:04:32.137 [scheduling-1    ] INFO  GetNewData             - 定时任务扫描的keys:["user_info_UID_YRaZptE7mQpwqkV5XIr1hucsQ2Tx","user_info_UID_i2KXTMg5g6nhAOgWQwo1itlwHnQz","user_info_UID_jLKtbrB1V1dRD1QHAhwevYxVnHta","user_info_UID_AgHySDtRKqqo3wYuiOqwfpTQjKfk","user_info_UID_JAKoivK8LhMRNZ4hWIk6YFGXKa9u","user_info_UID_NNikwAIyX4nVsg5ShvytR5T73XAZ"]
24-07-12.19:04:35.146 [scheduling-1    ] INFO  GetNewData             - 定时任务扫描的keys:["user_info_UID_YRaZptE7mQpwqkV5XIr1hucsQ2Tx","user_info_UID_i2KXTMg5g6nhAOgWQwo1itlwHnQz","user_info_UID_jLKtbrB1V1dRD1QHAhwevYxVnHta","user_info_UID_AgHySDtRKqqo3wYuiOqwfpTQjKfk","user_info_UID_JAKoivK8LhMRNZ4hWIk6YFGXKa9u","user_info_UID_NNikwAIyX4nVsg5ShvytR5T73XAZ"]
24-07-12.19:04:38.194 [scheduling-1    ] INFO  GetNewData             - 定时任务扫描的keys:["user_info_UID_YRaZptE7mQpwqkV5XIr1hucsQ2Tx","user_info_UID_i2KXTMg5g6nhAOgWQwo1itlwHnQz","user_info_UID_jLKtbrB1V1dRD1QHAhwevYxVnHta","user_info_UID_AgHySDtRKqqo3wYuiOqwfpTQjKfk","user_info_UID_JAKoivK8LhMRNZ4hWIk6YFGXKa9u","user_info_UID_NNikwAIyX4nVsg5ShvytR5T73XAZ"]
24-07-12.19:04:41.169 [scheduling-1    ] INFO  GetNewData             - 定时任务扫描的keys:["user_info_UID_YRaZptE7mQpwqkV5XIr1hucsQ2Tx","user_info_UID_i2KXTMg5g6nhAOgWQwo1itlwHnQz","user_info_UID_jLKtbrB1V1dRD1QHAhwevYxVnHta","user_info_UID_AgHySDtRKqqo3wYuiOqwfpTQjKfk","user_info_UID_JAKoivK8LhMRNZ4hWIk6YFGXKa9u","user_info_UID_NNikwAIyX4nVsg5ShvytR5T73XAZ"]
24-07-12.19:04:44.147 [scheduling-1    ] INFO  GetNewData             - 定时任务扫描的keys:["user_info_UID_YRaZptE7mQpwqkV5XIr1hucsQ2Tx","user_info_UID_i2KXTMg5g6nhAOgWQwo1itlwHnQz","user_info_UID_jLKtbrB1V1dRD1QHAhwevYxVnHta","user_info_UID_AgHySDtRKqqo3wYuiOqwfpTQjKfk","user_info_UID_JAKoivK8LhMRNZ4hWIk6YFGXKa9u","user_info_UID_NNikwAIyX4nVsg5ShvytR5T73XAZ"]
24-07-12.19:04:47.145 [scheduling-1    ] INFO  GetNewData             - 定时任务扫描的keys:["user_info_UID_YRaZptE7mQpwqkV5XIr1hucsQ2Tx","user_info_UID_i2KXTMg5g6nhAOgWQwo1itlwHnQz","user_info_UID_jLKtbrB1V1dRD1QHAhwevYxVnHta","user_info_UID_AgHySDtRKqqo3wYuiOqwfpTQjKfk","user_info_UID_JAKoivK8LhMRNZ4hWIk6YFGXKa9u","user_info_UID_NNikwAIyX4nVsg5ShvytR5T73XAZ"]
24-07-12.19:04:50.159 [scheduling-1    ] INFO  GetNewData             - 定时任务扫描的keys:["user_info_UID_YRaZptE7mQpwqkV5XIr1hucsQ2Tx","user_info_UID_i2KXTMg5g6nhAOgWQwo1itlwHnQz","user_info_UID_jLKtbrB1V1dRD1QHAhwevYxVnHta","user_info_UID_AgHySDtRKqqo3wYuiOqwfpTQjKfk","user_info_UID_JAKoivK8LhMRNZ4hWIk6YFGXKa9u","user_info_UID_NNikwAIyX4nVsg5ShvytR5T73XAZ"]
24-07-12.19:04:53.129 [scheduling-1    ] INFO  GetNewData             - 定时任务扫描的keys:["user_info_UID_YRaZptE7mQpwqkV5XIr1hucsQ2Tx","user_info_UID_i2KXTMg5g6nhAOgWQwo1itlwHnQz","user_info_UID_jLKtbrB1V1dRD1QHAhwevYxVnHta","user_info_UID_AgHySDtRKqqo3wYuiOqwfpTQjKfk","user_info_UID_JAKoivK8LhMRNZ4hWIk6YFGXKa9u","user_info_UID_NNikwAIyX4nVsg5ShvytR5T73XAZ"]
24-07-12.19:04:56.120 [scheduling-1    ] INFO  GetNewData             - 定时任务扫描的keys:["user_info_UID_YRaZptE7mQpwqkV5XIr1hucsQ2Tx","user_info_UID_i2KXTMg5g6nhAOgWQwo1itlwHnQz","user_info_UID_jLKtbrB1V1dRD1QHAhwevYxVnHta","user_info_UID_AgHySDtRKqqo3wYuiOqwfpTQjKfk","user_info_UID_JAKoivK8LhMRNZ4hWIk6YFGXKa9u","user_info_UID_NNikwAIyX4nVsg5ShvytR5T73XAZ"]
24-07-12.19:04:59.187 [scheduling-1    ] INFO  GetNewData             - 定时任务扫描的keys:["user_info_UID_YRaZptE7mQpwqkV5XIr1hucsQ2Tx","user_info_UID_i2KXTMg5g6nhAOgWQwo1itlwHnQz","user_info_UID_jLKtbrB1V1dRD1QHAhwevYxVnHta","user_info_UID_AgHySDtRKqqo3wYuiOqwfpTQjKfk","user_info_UID_JAKoivK8LhMRNZ4hWIk6YFGXKa9u","user_info_UID_NNikwAIyX4nVsg5ShvytR5T73XAZ"]
24-07-12.19:05:02.126 [scheduling-1    ] INFO  GetNewData             - 定时任务扫描的keys:["user_info_UID_YRaZptE7mQpwqkV5XIr1hucsQ2Tx","user_info_UID_i2KXTMg5g6nhAOgWQwo1itlwHnQz","user_info_UID_jLKtbrB1V1dRD1QHAhwevYxVnHta","user_info_UID_AgHySDtRKqqo3wYuiOqwfpTQjKfk","user_info_UID_JAKoivK8LhMRNZ4hWIk6YFGXKa9u","user_info_UID_NNikwAIyX4nVsg5ShvytR5T73XAZ"]
24-07-12.19:05:05.121 [scheduling-1    ] INFO  GetNewData             - 定时任务扫描的keys:["user_info_UID_YRaZptE7mQpwqkV5XIr1hucsQ2Tx","user_info_UID_i2KXTMg5g6nhAOgWQwo1itlwHnQz","user_info_UID_jLKtbrB1V1dRD1QHAhwevYxVnHta","user_info_UID_AgHySDtRKqqo3wYuiOqwfpTQjKfk","user_info_UID_JAKoivK8LhMRNZ4hWIk6YFGXKa9u","user_info_UID_NNikwAIyX4nVsg5ShvytR5T73XAZ"]
24-07-12.19:05:08.148 [scheduling-1    ] INFO  GetNewData             - 定时任务扫描的keys:["user_info_UID_YRaZptE7mQpwqkV5XIr1hucsQ2Tx","user_info_UID_i2KXTMg5g6nhAOgWQwo1itlwHnQz","user_info_UID_jLKtbrB1V1dRD1QHAhwevYxVnHta","user_info_UID_AgHySDtRKqqo3wYuiOqwfpTQjKfk","user_info_UID_JAKoivK8LhMRNZ4hWIk6YFGXKa9u","user_info_UID_NNikwAIyX4nVsg5ShvytR5T73XAZ"]
24-07-12.19:05:11.127 [scheduling-1    ] INFO  GetNewData             - 定时任务扫描的keys:["user_info_UID_YRaZptE7mQpwqkV5XIr1hucsQ2Tx","user_info_UID_i2KXTMg5g6nhAOgWQwo1itlwHnQz","user_info_UID_jLKtbrB1V1dRD1QHAhwevYxVnHta","user_info_UID_AgHySDtRKqqo3wYuiOqwfpTQjKfk","user_info_UID_JAKoivK8LhMRNZ4hWIk6YFGXKa9u","user_info_UID_NNikwAIyX4nVsg5ShvytR5T73XAZ"]
24-07-12.19:05:14.160 [scheduling-1    ] INFO  GetNewData             - 定时任务扫描的keys:["user_info_UID_YRaZptE7mQpwqkV5XIr1hucsQ2Tx","user_info_UID_i2KXTMg5g6nhAOgWQwo1itlwHnQz","user_info_UID_jLKtbrB1V1dRD1QHAhwevYxVnHta","user_info_UID_AgHySDtRKqqo3wYuiOqwfpTQjKfk","user_info_UID_JAKoivK8LhMRNZ4hWIk6YFGXKa9u","user_info_UID_NNikwAIyX4nVsg5ShvytR5T73XAZ"]
24-07-12.19:05:17.124 [scheduling-1    ] INFO  GetNewData             - 定时任务扫描的keys:["user_info_UID_YRaZptE7mQpwqkV5XIr1hucsQ2Tx","user_info_UID_i2KXTMg5g6nhAOgWQwo1itlwHnQz","user_info_UID_jLKtbrB1V1dRD1QHAhwevYxVnHta","user_info_UID_AgHySDtRKqqo3wYuiOqwfpTQjKfk","user_info_UID_JAKoivK8LhMRNZ4hWIk6YFGXKa9u","user_info_UID_NNikwAIyX4nVsg5ShvytR5T73XAZ"]
24-07-12.19:05:20.144 [scheduling-1    ] INFO  GetNewData             - 定时任务扫描的keys:["user_info_UID_YRaZptE7mQpwqkV5XIr1hucsQ2Tx","user_info_UID_i2KXTMg5g6nhAOgWQwo1itlwHnQz","user_info_UID_jLKtbrB1V1dRD1QHAhwevYxVnHta","user_info_UID_AgHySDtRKqqo3wYuiOqwfpTQjKfk","user_info_UID_JAKoivK8LhMRNZ4hWIk6YFGXKa9u","user_info_UID_NNikwAIyX4nVsg5ShvytR5T73XAZ"]
24-07-12.19:05:23.135 [scheduling-1    ] INFO  GetNewData             - 定时任务扫描的keys:["user_info_UID_YRaZptE7mQpwqkV5XIr1hucsQ2Tx","user_info_UID_i2KXTMg5g6nhAOgWQwo1itlwHnQz","user_info_UID_jLKtbrB1V1dRD1QHAhwevYxVnHta","user_info_UID_AgHySDtRKqqo3wYuiOqwfpTQjKfk","user_info_UID_JAKoivK8LhMRNZ4hWIk6YFGXKa9u","user_info_UID_NNikwAIyX4nVsg5ShvytR5T73XAZ"]
24-07-12.19:05:26.129 [scheduling-1    ] INFO  GetNewData             - 定时任务扫描的keys:["user_info_UID_YRaZptE7mQpwqkV5XIr1hucsQ2Tx","user_info_UID_i2KXTMg5g6nhAOgWQwo1itlwHnQz","user_info_UID_jLKtbrB1V1dRD1QHAhwevYxVnHta","user_info_UID_AgHySDtRKqqo3wYuiOqwfpTQjKfk","user_info_UID_JAKoivK8LhMRNZ4hWIk6YFGXKa9u","user_info_UID_NNikwAIyX4nVsg5ShvytR5T73XAZ"]
24-07-12.19:05:29.128 [scheduling-1    ] INFO  GetNewData             - 定时任务扫描的keys:["user_info_UID_YRaZptE7mQpwqkV5XIr1hucsQ2Tx","user_info_UID_i2KXTMg5g6nhAOgWQwo1itlwHnQz","user_info_UID_jLKtbrB1V1dRD1QHAhwevYxVnHta","user_info_UID_AgHySDtRKqqo3wYuiOqwfpTQjKfk","user_info_UID_JAKoivK8LhMRNZ4hWIk6YFGXKa9u","user_info_UID_NNikwAIyX4nVsg5ShvytR5T73XAZ"]
24-07-12.19:05:32.150 [scheduling-1    ] INFO  GetNewData             - 定时任务扫描的keys:["user_info_UID_YRaZptE7mQpwqkV5XIr1hucsQ2Tx","user_info_UID_i2KXTMg5g6nhAOgWQwo1itlwHnQz","user_info_UID_jLKtbrB1V1dRD1QHAhwevYxVnHta","user_info_UID_AgHySDtRKqqo3wYuiOqwfpTQjKfk","user_info_UID_JAKoivK8LhMRNZ4hWIk6YFGXKa9u","user_info_UID_NNikwAIyX4nVsg5ShvytR5T73XAZ"]
24-07-12.19:05:35.124 [scheduling-1    ] INFO  GetNewData             - 定时任务扫描的keys:["user_info_UID_YRaZptE7mQpwqkV5XIr1hucsQ2Tx","user_info_UID_i2KXTMg5g6nhAOgWQwo1itlwHnQz","user_info_UID_jLKtbrB1V1dRD1QHAhwevYxVnHta","user_info_UID_AgHySDtRKqqo3wYuiOqwfpTQjKfk","user_info_UID_JAKoivK8LhMRNZ4hWIk6YFGXKa9u","user_info_UID_NNikwAIyX4nVsg5ShvytR5T73XAZ"]
24-07-12.19:05:38.143 [scheduling-1    ] INFO  GetNewData             - 定时任务扫描的keys:["user_info_UID_YRaZptE7mQpwqkV5XIr1hucsQ2Tx","user_info_UID_i2KXTMg5g6nhAOgWQwo1itlwHnQz","user_info_UID_jLKtbrB1V1dRD1QHAhwevYxVnHta","user_info_UID_AgHySDtRKqqo3wYuiOqwfpTQjKfk","user_info_UID_JAKoivK8LhMRNZ4hWIk6YFGXKa9u","user_info_UID_NNikwAIyX4nVsg5ShvytR5T73XAZ"]
24-07-12.19:05:41.153 [scheduling-1    ] INFO  GetNewData             - 定时任务扫描的keys:["user_info_UID_YRaZptE7mQpwqkV5XIr1hucsQ2Tx","user_info_UID_i2KXTMg5g6nhAOgWQwo1itlwHnQz","user_info_UID_jLKtbrB1V1dRD1QHAhwevYxVnHta","user_info_UID_AgHySDtRKqqo3wYuiOqwfpTQjKfk","user_info_UID_JAKoivK8LhMRNZ4hWIk6YFGXKa9u","user_info_UID_NNikwAIyX4nVsg5ShvytR5T73XAZ"]
24-07-12.19:05:44.121 [scheduling-1    ] INFO  GetNewData             - 定时任务扫描的keys:["user_info_UID_YRaZptE7mQpwqkV5XIr1hucsQ2Tx","user_info_UID_i2KXTMg5g6nhAOgWQwo1itlwHnQz","user_info_UID_jLKtbrB1V1dRD1QHAhwevYxVnHta","user_info_UID_AgHySDtRKqqo3wYuiOqwfpTQjKfk","user_info_UID_JAKoivK8LhMRNZ4hWIk6YFGXKa9u","user_info_UID_NNikwAIyX4nVsg5ShvytR5T73XAZ"]
24-07-12.19:05:47.139 [scheduling-1    ] INFO  GetNewData             - 定时任务扫描的keys:["user_info_UID_YRaZptE7mQpwqkV5XIr1hucsQ2Tx","user_info_UID_i2KXTMg5g6nhAOgWQwo1itlwHnQz","user_info_UID_jLKtbrB1V1dRD1QHAhwevYxVnHta","user_info_UID_AgHySDtRKqqo3wYuiOqwfpTQjKfk","user_info_UID_JAKoivK8LhMRNZ4hWIk6YFGXKa9u","user_info_UID_NNikwAIyX4nVsg5ShvytR5T73XAZ"]
24-07-12.19:05:50.122 [scheduling-1    ] INFO  GetNewData             - 定时任务扫描的keys:["user_info_UID_YRaZptE7mQpwqkV5XIr1hucsQ2Tx","user_info_UID_i2KXTMg5g6nhAOgWQwo1itlwHnQz","user_info_UID_jLKtbrB1V1dRD1QHAhwevYxVnHta","user_info_UID_AgHySDtRKqqo3wYuiOqwfpTQjKfk","user_info_UID_JAKoivK8LhMRNZ4hWIk6YFGXKa9u","user_info_UID_NNikwAIyX4nVsg5ShvytR5T73XAZ"]
24-07-12.19:05:53.122 [scheduling-1    ] INFO  GetNewData             - 定时任务扫描的keys:["user_info_UID_YRaZptE7mQpwqkV5XIr1hucsQ2Tx","user_info_UID_i2KXTMg5g6nhAOgWQwo1itlwHnQz","user_info_UID_jLKtbrB1V1dRD1QHAhwevYxVnHta","user_info_UID_AgHySDtRKqqo3wYuiOqwfpTQjKfk","user_info_UID_JAKoivK8LhMRNZ4hWIk6YFGXKa9u","user_info_UID_NNikwAIyX4nVsg5ShvytR5T73XAZ"]
24-07-12.19:05:56.134 [scheduling-1    ] INFO  GetNewData             - 定时任务扫描的keys:["user_info_UID_YRaZptE7mQpwqkV5XIr1hucsQ2Tx","user_info_UID_i2KXTMg5g6nhAOgWQwo1itlwHnQz","user_info_UID_jLKtbrB1V1dRD1QHAhwevYxVnHta","user_info_UID_AgHySDtRKqqo3wYuiOqwfpTQjKfk","user_info_UID_JAKoivK8LhMRNZ4hWIk6YFGXKa9u","user_info_UID_NNikwAIyX4nVsg5ShvytR5T73XAZ"]
24-07-12.19:05:59.140 [scheduling-1    ] INFO  GetNewData             - 定时任务扫描的keys:["user_info_UID_YRaZptE7mQpwqkV5XIr1hucsQ2Tx","user_info_UID_i2KXTMg5g6nhAOgWQwo1itlwHnQz","user_info_UID_jLKtbrB1V1dRD1QHAhwevYxVnHta","user_info_UID_AgHySDtRKqqo3wYuiOqwfpTQjKfk","user_info_UID_JAKoivK8LhMRNZ4hWIk6YFGXKa9u","user_info_UID_NNikwAIyX4nVsg5ShvytR5T73XAZ"]
24-07-12.19:06:02.127 [scheduling-1    ] INFO  GetNewData             - 定时任务扫描的keys:["user_info_UID_YRaZptE7mQpwqkV5XIr1hucsQ2Tx","user_info_UID_i2KXTMg5g6nhAOgWQwo1itlwHnQz","user_info_UID_jLKtbrB1V1dRD1QHAhwevYxVnHta","user_info_UID_AgHySDtRKqqo3wYuiOqwfpTQjKfk","user_info_UID_JAKoivK8LhMRNZ4hWIk6YFGXKa9u","user_info_UID_NNikwAIyX4nVsg5ShvytR5T73XAZ"]
24-07-12.19:06:05.136 [scheduling-1    ] INFO  GetNewData             - 定时任务扫描的keys:["user_info_UID_YRaZptE7mQpwqkV5XIr1hucsQ2Tx","user_info_UID_i2KXTMg5g6nhAOgWQwo1itlwHnQz","user_info_UID_jLKtbrB1V1dRD1QHAhwevYxVnHta","user_info_UID_AgHySDtRKqqo3wYuiOqwfpTQjKfk","user_info_UID_JAKoivK8LhMRNZ4hWIk6YFGXKa9u","user_info_UID_NNikwAIyX4nVsg5ShvytR5T73XAZ"]
24-07-12.19:06:08.151 [scheduling-1    ] INFO  GetNewData             - 定时任务扫描的keys:["user_info_UID_YRaZptE7mQpwqkV5XIr1hucsQ2Tx","user_info_UID_i2KXTMg5g6nhAOgWQwo1itlwHnQz","user_info_UID_jLKtbrB1V1dRD1QHAhwevYxVnHta","user_info_UID_AgHySDtRKqqo3wYuiOqwfpTQjKfk","user_info_UID_JAKoivK8LhMRNZ4hWIk6YFGXKa9u","user_info_UID_NNikwAIyX4nVsg5ShvytR5T73XAZ"]
24-07-12.19:06:11.148 [scheduling-1    ] INFO  GetNewData             - 定时任务扫描的keys:["user_info_UID_YRaZptE7mQpwqkV5XIr1hucsQ2Tx","user_info_UID_i2KXTMg5g6nhAOgWQwo1itlwHnQz","user_info_UID_jLKtbrB1V1dRD1QHAhwevYxVnHta","user_info_UID_AgHySDtRKqqo3wYuiOqwfpTQjKfk","user_info_UID_JAKoivK8LhMRNZ4hWIk6YFGXKa9u","user_info_UID_NNikwAIyX4nVsg5ShvytR5T73XAZ"]
24-07-12.19:06:14.128 [scheduling-1    ] INFO  GetNewData             - 定时任务扫描的keys:["user_info_UID_YRaZptE7mQpwqkV5XIr1hucsQ2Tx","user_info_UID_i2KXTMg5g6nhAOgWQwo1itlwHnQz","user_info_UID_jLKtbrB1V1dRD1QHAhwevYxVnHta","user_info_UID_AgHySDtRKqqo3wYuiOqwfpTQjKfk","user_info_UID_JAKoivK8LhMRNZ4hWIk6YFGXKa9u","user_info_UID_NNikwAIyX4nVsg5ShvytR5T73XAZ"]
24-07-12.19:06:17.150 [scheduling-1    ] INFO  GetNewData             - 定时任务扫描的keys:["user_info_UID_YRaZptE7mQpwqkV5XIr1hucsQ2Tx","user_info_UID_i2KXTMg5g6nhAOgWQwo1itlwHnQz","user_info_UID_jLKtbrB1V1dRD1QHAhwevYxVnHta","user_info_UID_AgHySDtRKqqo3wYuiOqwfpTQjKfk","user_info_UID_JAKoivK8LhMRNZ4hWIk6YFGXKa9u","user_info_UID_NNikwAIyX4nVsg5ShvytR5T73XAZ"]
24-07-12.19:06:20.148 [scheduling-1    ] INFO  GetNewData             - 定时任务扫描的keys:["user_info_UID_YRaZptE7mQpwqkV5XIr1hucsQ2Tx","user_info_UID_i2KXTMg5g6nhAOgWQwo1itlwHnQz","user_info_UID_jLKtbrB1V1dRD1QHAhwevYxVnHta","user_info_UID_AgHySDtRKqqo3wYuiOqwfpTQjKfk","user_info_UID_JAKoivK8LhMRNZ4hWIk6YFGXKa9u","user_info_UID_NNikwAIyX4nVsg5ShvytR5T73XAZ"]
24-07-12.19:06:23.138 [scheduling-1    ] INFO  GetNewData             - 定时任务扫描的keys:["user_info_UID_YRaZptE7mQpwqkV5XIr1hucsQ2Tx","user_info_UID_i2KXTMg5g6nhAOgWQwo1itlwHnQz","user_info_UID_jLKtbrB1V1dRD1QHAhwevYxVnHta","user_info_UID_AgHySDtRKqqo3wYuiOqwfpTQjKfk","user_info_UID_JAKoivK8LhMRNZ4hWIk6YFGXKa9u","user_info_UID_NNikwAIyX4nVsg5ShvytR5T73XAZ"]
24-07-12.19:06:26.143 [scheduling-1    ] INFO  GetNewData             - 定时任务扫描的keys:["user_info_UID_YRaZptE7mQpwqkV5XIr1hucsQ2Tx","user_info_UID_i2KXTMg5g6nhAOgWQwo1itlwHnQz","user_info_UID_jLKtbrB1V1dRD1QHAhwevYxVnHta","user_info_UID_AgHySDtRKqqo3wYuiOqwfpTQjKfk","user_info_UID_JAKoivK8LhMRNZ4hWIk6YFGXKa9u","user_info_UID_NNikwAIyX4nVsg5ShvytR5T73XAZ"]
24-07-12.19:06:29.150 [scheduling-1    ] INFO  GetNewData             - 定时任务扫描的keys:["user_info_UID_YRaZptE7mQpwqkV5XIr1hucsQ2Tx","user_info_UID_i2KXTMg5g6nhAOgWQwo1itlwHnQz","user_info_UID_jLKtbrB1V1dRD1QHAhwevYxVnHta","user_info_UID_AgHySDtRKqqo3wYuiOqwfpTQjKfk","user_info_UID_JAKoivK8LhMRNZ4hWIk6YFGXKa9u","user_info_UID_NNikwAIyX4nVsg5ShvytR5T73XAZ"]
24-07-12.19:06:32.130 [scheduling-1    ] INFO  GetNewData             - 定时任务扫描的keys:["user_info_UID_YRaZptE7mQpwqkV5XIr1hucsQ2Tx","user_info_UID_i2KXTMg5g6nhAOgWQwo1itlwHnQz","user_info_UID_jLKtbrB1V1dRD1QHAhwevYxVnHta","user_info_UID_AgHySDtRKqqo3wYuiOqwfpTQjKfk","user_info_UID_JAKoivK8LhMRNZ4hWIk6YFGXKa9u","user_info_UID_NNikwAIyX4nVsg5ShvytR5T73XAZ"]
24-07-12.19:06:35.260 [scheduling-1    ] INFO  GetNewData             - 定时任务扫描的keys:["user_info_UID_YRaZptE7mQpwqkV5XIr1hucsQ2Tx","user_info_UID_i2KXTMg5g6nhAOgWQwo1itlwHnQz","user_info_UID_jLKtbrB1V1dRD1QHAhwevYxVnHta","user_info_UID_AgHySDtRKqqo3wYuiOqwfpTQjKfk","user_info_UID_JAKoivK8LhMRNZ4hWIk6YFGXKa9u","user_info_UID_NNikwAIyX4nVsg5ShvytR5T73XAZ"]
24-07-12.19:06:38.227 [scheduling-1    ] INFO  GetNewData             - 定时任务扫描的keys:["user_info_UID_YRaZptE7mQpwqkV5XIr1hucsQ2Tx","user_info_UID_i2KXTMg5g6nhAOgWQwo1itlwHnQz","user_info_UID_jLKtbrB1V1dRD1QHAhwevYxVnHta","user_info_UID_AgHySDtRKqqo3wYuiOqwfpTQjKfk","user_info_UID_JAKoivK8LhMRNZ4hWIk6YFGXKa9u","user_info_UID_NNikwAIyX4nVsg5ShvytR5T73XAZ"]
24-07-12.19:06:41.146 [scheduling-1    ] INFO  GetNewData             - 定时任务扫描的keys:["user_info_UID_YRaZptE7mQpwqkV5XIr1hucsQ2Tx","user_info_UID_i2KXTMg5g6nhAOgWQwo1itlwHnQz","user_info_UID_jLKtbrB1V1dRD1QHAhwevYxVnHta","user_info_UID_AgHySDtRKqqo3wYuiOqwfpTQjKfk","user_info_UID_JAKoivK8LhMRNZ4hWIk6YFGXKa9u","user_info_UID_NNikwAIyX4nVsg5ShvytR5T73XAZ"]
24-07-12.19:06:44.122 [scheduling-1    ] INFO  GetNewData             - 定时任务扫描的keys:["user_info_UID_YRaZptE7mQpwqkV5XIr1hucsQ2Tx","user_info_UID_i2KXTMg5g6nhAOgWQwo1itlwHnQz","user_info_UID_jLKtbrB1V1dRD1QHAhwevYxVnHta","user_info_UID_AgHySDtRKqqo3wYuiOqwfpTQjKfk","user_info_UID_JAKoivK8LhMRNZ4hWIk6YFGXKa9u","user_info_UID_NNikwAIyX4nVsg5ShvytR5T73XAZ"]
24-07-12.19:06:47.161 [scheduling-1    ] INFO  GetNewData             - 定时任务扫描的keys:["user_info_UID_YRaZptE7mQpwqkV5XIr1hucsQ2Tx","user_info_UID_i2KXTMg5g6nhAOgWQwo1itlwHnQz","user_info_UID_jLKtbrB1V1dRD1QHAhwevYxVnHta","user_info_UID_AgHySDtRKqqo3wYuiOqwfpTQjKfk","user_info_UID_JAKoivK8LhMRNZ4hWIk6YFGXKa9u","user_info_UID_NNikwAIyX4nVsg5ShvytR5T73XAZ"]
24-07-12.19:06:50.156 [scheduling-1    ] INFO  GetNewData             - 定时任务扫描的keys:["user_info_UID_YRaZptE7mQpwqkV5XIr1hucsQ2Tx","user_info_UID_i2KXTMg5g6nhAOgWQwo1itlwHnQz","user_info_UID_jLKtbrB1V1dRD1QHAhwevYxVnHta","user_info_UID_AgHySDtRKqqo3wYuiOqwfpTQjKfk","user_info_UID_JAKoivK8LhMRNZ4hWIk6YFGXKa9u","user_info_UID_NNikwAIyX4nVsg5ShvytR5T73XAZ"]
24-07-12.19:06:53.126 [scheduling-1    ] INFO  GetNewData             - 定时任务扫描的keys:["user_info_UID_YRaZptE7mQpwqkV5XIr1hucsQ2Tx","user_info_UID_i2KXTMg5g6nhAOgWQwo1itlwHnQz","user_info_UID_jLKtbrB1V1dRD1QHAhwevYxVnHta","user_info_UID_AgHySDtRKqqo3wYuiOqwfpTQjKfk","user_info_UID_JAKoivK8LhMRNZ4hWIk6YFGXKa9u","user_info_UID_NNikwAIyX4nVsg5ShvytR5T73XAZ"]
24-07-12.19:06:56.157 [scheduling-1    ] INFO  GetNewData             - 定时任务扫描的keys:["user_info_UID_YRaZptE7mQpwqkV5XIr1hucsQ2Tx","user_info_UID_i2KXTMg5g6nhAOgWQwo1itlwHnQz","user_info_UID_jLKtbrB1V1dRD1QHAhwevYxVnHta","user_info_UID_AgHySDtRKqqo3wYuiOqwfpTQjKfk","user_info_UID_JAKoivK8LhMRNZ4hWIk6YFGXKa9u","user_info_UID_NNikwAIyX4nVsg5ShvytR5T73XAZ"]
24-07-12.19:06:59.150 [scheduling-1    ] INFO  GetNewData             - 定时任务扫描的keys:["user_info_UID_YRaZptE7mQpwqkV5XIr1hucsQ2Tx","user_info_UID_i2KXTMg5g6nhAOgWQwo1itlwHnQz","user_info_UID_jLKtbrB1V1dRD1QHAhwevYxVnHta","user_info_UID_AgHySDtRKqqo3wYuiOqwfpTQjKfk","user_info_UID_JAKoivK8LhMRNZ4hWIk6YFGXKa9u","user_info_UID_NNikwAIyX4nVsg5ShvytR5T73XAZ"]
24-07-12.19:07:01.782 [File Watcher    ] INFO  LocalDevToolsAutoConfiguration$RestartingClassPathChangeChangedEventListener - Restarting due to 570 class path changes (0 additions, 35 deletions, 535 modifications)
24-07-12.19:07:02.138 [scheduling-1    ] INFO  GetNewData             - 定时任务扫描的keys:["user_info_UID_YRaZptE7mQpwqkV5XIr1hucsQ2Tx","user_info_UID_i2KXTMg5g6nhAOgWQwo1itlwHnQz","user_info_UID_jLKtbrB1V1dRD1QHAhwevYxVnHta","user_info_UID_AgHySDtRKqqo3wYuiOqwfpTQjKfk","user_info_UID_JAKoivK8LhMRNZ4hWIk6YFGXKa9u","user_info_UID_NNikwAIyX4nVsg5ShvytR5T73XAZ"]
24-07-12.19:07:02.754 [Thread-24       ] INFO  Http11NioProtocol      - Pausing ProtocolHandler ["http-nio-8082"]
24-07-12.19:07:02.754 [Thread-24       ] INFO  StandardService        - Stopping service [Tomcat]
24-07-12.19:07:02.762 [Thread-24       ] INFO  Http11NioProtocol      - Stopping ProtocolHandler ["http-nio-8082"]
24-07-12.19:07:02.766 [Thread-24       ] INFO  Http11NioProtocol      - Destroying ProtocolHandler ["http-nio-8082"]
24-07-12.19:13:29.819 [restartedMain   ] INFO  App                    - Starting App using Java 1.8.0_292 on LAPTOP-E3F5BO7F with PID 28212 (G:\project\springboot2\rs\target\classes started by ASUS in G:\project\springboot2\rs)
24-07-12.19:13:29.821 [restartedMain   ] INFO  App                    - The following 1 profile is active: "pro"
24-07-12.19:13:29.940 [restartedMain   ] INFO  DevToolsPropertyDefaultsPostProcessor - Devtools property defaults active! Set 'spring.devtools.add-properties' to 'false' to disable
24-07-12.19:13:29.941 [restartedMain   ] INFO  DevToolsPropertyDefaultsPostProcessor - For additional web related logging consider setting the 'logging.level.web' property to 'DEBUG'
24-07-12.19:13:30.791 [restartedMain   ] INFO  RepositoryConfigurationDelegate - Multiple Spring Data modules found, entering strict repository configuration mode
24-07-12.19:13:30.794 [restartedMain   ] INFO  RepositoryConfigurationDelegate - Bootstrapping Spring Data Redis repositories in DEFAULT mode.
24-07-12.19:13:30.822 [restartedMain   ] INFO  RepositoryConfigurationDelegate - Finished Spring Data repository scanning in 10 ms. Found 0 Redis repository interfaces.
24-07-12.19:13:31.617 [restartedMain   ] INFO  TomcatWebServer        - Tomcat initialized with port(s): 8082 (http)
24-07-12.19:13:31.629 [restartedMain   ] INFO  Http11NioProtocol      - Initializing ProtocolHandler ["http-nio-8082"]
24-07-12.19:13:31.630 [restartedMain   ] INFO  StandardService        - Starting service [Tomcat]
24-07-12.19:13:31.630 [restartedMain   ] INFO  StandardEngine         - Starting Servlet engine: [Apache Tomcat/9.0.65]
24-07-12.19:13:31.726 [restartedMain   ] INFO  [/]                    - Initializing Spring embedded WebApplicationContext
24-07-12.19:13:31.726 [restartedMain   ] INFO  ServletWebServerApplicationContext - Root WebApplicationContext: initialization completed in 1784 ms
24-07-12.19:13:34.399 [restartedMain   ] INFO  OptionalLiveReloadServer - LiveReload server is running on port 35729
24-07-12.19:13:34.427 [restartedMain   ] INFO  Http11NioProtocol      - Starting ProtocolHandler ["http-nio-8082"]
24-07-12.19:13:34.451 [restartedMain   ] INFO  TomcatWebServer        - Tomcat started on port(s): 8082 (http) with context path ''
24-07-12.19:13:34.470 [restartedMain   ] INFO  App                    - Started App in 5.619 seconds (JVM running for 7.229)
24-07-12.19:13:36.363 [scheduling-1    ] INFO  GetNewData             - 定时任务扫描的keys:["user_info_UID_YRaZptE7mQpwqkV5XIr1hucsQ2Tx","user_info_UID_i2KXTMg5g6nhAOgWQwo1itlwHnQz","user_info_UID_jLKtbrB1V1dRD1QHAhwevYxVnHta","user_info_UID_AgHySDtRKqqo3wYuiOqwfpTQjKfk","user_info_UID_JAKoivK8LhMRNZ4hWIk6YFGXKa9u","user_info_UID_NNikwAIyX4nVsg5ShvytR5T73XAZ"]
24-07-12.19:13:37.602 [scheduling-1    ] INFO  GetNewData             - 定时任务扫描的keys:["user_info_UID_YRaZptE7mQpwqkV5XIr1hucsQ2Tx","user_info_UID_i2KXTMg5g6nhAOgWQwo1itlwHnQz","user_info_UID_jLKtbrB1V1dRD1QHAhwevYxVnHta","user_info_UID_AgHySDtRKqqo3wYuiOqwfpTQjKfk","user_info_UID_JAKoivK8LhMRNZ4hWIk6YFGXKa9u","user_info_UID_NNikwAIyX4nVsg5ShvytR5T73XAZ"]
24-07-12.19:13:39.600 [http-nio-8082-exec-1] INFO  [/]                    - Initializing Spring DispatcherServlet 'dispatcherServlet'
24-07-12.19:13:39.600 [http-nio-8082-exec-1] INFO  DispatcherServlet      - Initializing Servlet 'dispatcherServlet'
24-07-12.19:13:39.602 [http-nio-8082-exec-1] INFO  DispatcherServlet      - Completed initialization in 2 ms
24-07-12.19:13:39.743 [http-nio-8082-exec-1] INFO  HikariDataSource       - HikariPool-1 - Starting...
24-07-12.19:13:40.260 [http-nio-8082-exec-1] INFO  HikariDataSource       - HikariPool-1 - Start completed.
24-07-12.19:13:40.390 [http-nio-8082-exec-1] INFO  AdminController        - 后台管理端查询客户:{"page":0,"size":8}
24-07-12.19:13:40.601 [scheduling-1    ] INFO  GetNewData             - 定时任务扫描的keys:["user_info_UID_YRaZptE7mQpwqkV5XIr1hucsQ2Tx","user_info_UID_i2KXTMg5g6nhAOgWQwo1itlwHnQz","user_info_UID_jLKtbrB1V1dRD1QHAhwevYxVnHta","user_info_UID_AgHySDtRKqqo3wYuiOqwfpTQjKfk","user_info_UID_JAKoivK8LhMRNZ4hWIk6YFGXKa9u","user_info_UID_NNikwAIyX4nVsg5ShvytR5T73XAZ"]
24-07-12.19:13:43.583 [scheduling-1    ] INFO  GetNewData             - 定时任务扫描的keys:["user_info_UID_YRaZptE7mQpwqkV5XIr1hucsQ2Tx","user_info_UID_i2KXTMg5g6nhAOgWQwo1itlwHnQz","user_info_UID_jLKtbrB1V1dRD1QHAhwevYxVnHta","user_info_UID_AgHySDtRKqqo3wYuiOqwfpTQjKfk","user_info_UID_JAKoivK8LhMRNZ4hWIk6YFGXKa9u","user_info_UID_NNikwAIyX4nVsg5ShvytR5T73XAZ"]
24-07-12.19:13:46.562 [http-nio-8082-exec-2] INFO  UserServiceImpl        - 登录入参:UID_jLKtbrB1V1dRD1QHAhwevYxVnHta
24-07-12.19:13:46.578 [scheduling-1    ] INFO  GetNewData             - 定时任务扫描的keys:["user_info_UID_YRaZptE7mQpwqkV5XIr1hucsQ2Tx","user_info_UID_i2KXTMg5g6nhAOgWQwo1itlwHnQz","user_info_UID_AgHySDtRKqqo3wYuiOqwfpTQjKfk","user_info_UID_JAKoivK8LhMRNZ4hWIk6YFGXKa9u","user_info_UID_NNikwAIyX4nVsg5ShvytR5T73XAZ"]
24-07-12.19:13:46.763 [http-nio-8082-exec-2] INFO  UserServiceImpl        - 登录返参:{"enddate":"2024-08-15","max":"0.2","min":"6","startdate":"2024-07-11","uuid":"UID_jLKtbrB1V1dRD1QHAhwevYxVnHta"}
24-07-12.19:13:46.764 [http-nio-8082-exec-2] INFO  AdminController        - 后台管理端编辑客户:{"max":"0.2","min":"6","uuid":"UID_jLKtbrB1V1dRD1QHAhwevYxVnHta"}
24-07-12.19:13:46.874 [http-nio-8082-exec-4] INFO  AdminController        - 后台管理端查询客户:{"page":0,"size":8}
24-07-12.19:13:49.618 [scheduling-1    ] INFO  GetNewData             - 定时任务扫描的keys:["user_info_UID_YRaZptE7mQpwqkV5XIr1hucsQ2Tx","user_info_UID_i2KXTMg5g6nhAOgWQwo1itlwHnQz","user_info_UID_jLKtbrB1V1dRD1QHAhwevYxVnHta","user_info_UID_AgHySDtRKqqo3wYuiOqwfpTQjKfk","user_info_UID_JAKoivK8LhMRNZ4hWIk6YFGXKa9u","user_info_UID_NNikwAIyX4nVsg5ShvytR5T73XAZ"]
24-07-12.19:13:52.615 [scheduling-1    ] INFO  GetNewData             - 定时任务扫描的keys:["user_info_UID_YRaZptE7mQpwqkV5XIr1hucsQ2Tx","user_info_UID_i2KXTMg5g6nhAOgWQwo1itlwHnQz","user_info_UID_jLKtbrB1V1dRD1QHAhwevYxVnHta","user_info_UID_AgHySDtRKqqo3wYuiOqwfpTQjKfk","user_info_UID_JAKoivK8LhMRNZ4hWIk6YFGXKa9u","user_info_UID_NNikwAIyX4nVsg5ShvytR5T73XAZ"]
24-07-12.19:13:55.712 [scheduling-1    ] INFO  GetNewData             - 定时任务扫描的keys:["user_info_UID_YRaZptE7mQpwqkV5XIr1hucsQ2Tx","user_info_UID_i2KXTMg5g6nhAOgWQwo1itlwHnQz","user_info_UID_jLKtbrB1V1dRD1QHAhwevYxVnHta","user_info_UID_AgHySDtRKqqo3wYuiOqwfpTQjKfk","user_info_UID_JAKoivK8LhMRNZ4hWIk6YFGXKa9u","user_info_UID_NNikwAIyX4nVsg5ShvytR5T73XAZ"]
24-07-12.19:13:58.573 [scheduling-1    ] INFO  GetNewData             - 定时任务扫描的keys:["user_info_UID_YRaZptE7mQpwqkV5XIr1hucsQ2Tx","user_info_UID_i2KXTMg5g6nhAOgWQwo1itlwHnQz","user_info_UID_jLKtbrB1V1dRD1QHAhwevYxVnHta","user_info_UID_AgHySDtRKqqo3wYuiOqwfpTQjKfk","user_info_UID_JAKoivK8LhMRNZ4hWIk6YFGXKa9u","user_info_UID_NNikwAIyX4nVsg5ShvytR5T73XAZ"]
24-07-12.19:14:01.618 [scheduling-1    ] INFO  GetNewData             - 定时任务扫描的keys:["user_info_UID_YRaZptE7mQpwqkV5XIr1hucsQ2Tx","user_info_UID_i2KXTMg5g6nhAOgWQwo1itlwHnQz","user_info_UID_jLKtbrB1V1dRD1QHAhwevYxVnHta","user_info_UID_AgHySDtRKqqo3wYuiOqwfpTQjKfk","user_info_UID_JAKoivK8LhMRNZ4hWIk6YFGXKa9u","user_info_UID_NNikwAIyX4nVsg5ShvytR5T73XAZ"]
24-07-12.19:14:04.621 [scheduling-1    ] INFO  GetNewData             - 定时任务扫描的keys:["user_info_UID_YRaZptE7mQpwqkV5XIr1hucsQ2Tx","user_info_UID_i2KXTMg5g6nhAOgWQwo1itlwHnQz","user_info_UID_jLKtbrB1V1dRD1QHAhwevYxVnHta","user_info_UID_AgHySDtRKqqo3wYuiOqwfpTQjKfk","user_info_UID_JAKoivK8LhMRNZ4hWIk6YFGXKa9u","user_info_UID_NNikwAIyX4nVsg5ShvytR5T73XAZ"]
24-07-12.19:14:07.584 [scheduling-1    ] INFO  GetNewData             - 定时任务扫描的keys:["user_info_UID_YRaZptE7mQpwqkV5XIr1hucsQ2Tx","user_info_UID_i2KXTMg5g6nhAOgWQwo1itlwHnQz","user_info_UID_jLKtbrB1V1dRD1QHAhwevYxVnHta","user_info_UID_AgHySDtRKqqo3wYuiOqwfpTQjKfk","user_info_UID_JAKoivK8LhMRNZ4hWIk6YFGXKa9u","user_info_UID_NNikwAIyX4nVsg5ShvytR5T73XAZ"]
24-07-12.19:14:10.614 [scheduling-1    ] INFO  GetNewData             - 定时任务扫描的keys:["user_info_UID_YRaZptE7mQpwqkV5XIr1hucsQ2Tx","user_info_UID_i2KXTMg5g6nhAOgWQwo1itlwHnQz","user_info_UID_jLKtbrB1V1dRD1QHAhwevYxVnHta","user_info_UID_AgHySDtRKqqo3wYuiOqwfpTQjKfk","user_info_UID_JAKoivK8LhMRNZ4hWIk6YFGXKa9u","user_info_UID_NNikwAIyX4nVsg5ShvytR5T73XAZ"]
24-07-12.19:14:13.607 [scheduling-1    ] INFO  GetNewData             - 定时任务扫描的keys:["user_info_UID_YRaZptE7mQpwqkV5XIr1hucsQ2Tx","user_info_UID_i2KXTMg5g6nhAOgWQwo1itlwHnQz","user_info_UID_jLKtbrB1V1dRD1QHAhwevYxVnHta","user_info_UID_AgHySDtRKqqo3wYuiOqwfpTQjKfk","user_info_UID_JAKoivK8LhMRNZ4hWIk6YFGXKa9u","user_info_UID_NNikwAIyX4nVsg5ShvytR5T73XAZ"]
24-07-12.19:14:16.602 [scheduling-1    ] INFO  GetNewData             - 定时任务扫描的keys:["user_info_UID_YRaZptE7mQpwqkV5XIr1hucsQ2Tx","user_info_UID_i2KXTMg5g6nhAOgWQwo1itlwHnQz","user_info_UID_jLKtbrB1V1dRD1QHAhwevYxVnHta","user_info_UID_AgHySDtRKqqo3wYuiOqwfpTQjKfk","user_info_UID_JAKoivK8LhMRNZ4hWIk6YFGXKa9u","user_info_UID_NNikwAIyX4nVsg5ShvytR5T73XAZ"]
24-07-12.19:14:19.585 [scheduling-1    ] INFO  GetNewData             - 定时任务扫描的keys:["user_info_UID_YRaZptE7mQpwqkV5XIr1hucsQ2Tx","user_info_UID_i2KXTMg5g6nhAOgWQwo1itlwHnQz","user_info_UID_jLKtbrB1V1dRD1QHAhwevYxVnHta","user_info_UID_AgHySDtRKqqo3wYuiOqwfpTQjKfk","user_info_UID_JAKoivK8LhMRNZ4hWIk6YFGXKa9u","user_info_UID_NNikwAIyX4nVsg5ShvytR5T73XAZ"]
24-07-12.19:14:22.604 [scheduling-1    ] INFO  GetNewData             - 定时任务扫描的keys:["user_info_UID_YRaZptE7mQpwqkV5XIr1hucsQ2Tx","user_info_UID_i2KXTMg5g6nhAOgWQwo1itlwHnQz","user_info_UID_jLKtbrB1V1dRD1QHAhwevYxVnHta","user_info_UID_AgHySDtRKqqo3wYuiOqwfpTQjKfk","user_info_UID_JAKoivK8LhMRNZ4hWIk6YFGXKa9u","user_info_UID_NNikwAIyX4nVsg5ShvytR5T73XAZ"]
24-07-12.19:14:25.613 [scheduling-1    ] INFO  GetNewData             - 定时任务扫描的keys:["user_info_UID_YRaZptE7mQpwqkV5XIr1hucsQ2Tx","user_info_UID_i2KXTMg5g6nhAOgWQwo1itlwHnQz","user_info_UID_jLKtbrB1V1dRD1QHAhwevYxVnHta","user_info_UID_AgHySDtRKqqo3wYuiOqwfpTQjKfk","user_info_UID_JAKoivK8LhMRNZ4hWIk6YFGXKa9u","user_info_UID_NNikwAIyX4nVsg5ShvytR5T73XAZ"]
24-07-12.19:14:28.586 [scheduling-1    ] INFO  GetNewData             - 定时任务扫描的keys:["user_info_UID_YRaZptE7mQpwqkV5XIr1hucsQ2Tx","user_info_UID_i2KXTMg5g6nhAOgWQwo1itlwHnQz","user_info_UID_jLKtbrB1V1dRD1QHAhwevYxVnHta","user_info_UID_AgHySDtRKqqo3wYuiOqwfpTQjKfk","user_info_UID_JAKoivK8LhMRNZ4hWIk6YFGXKa9u","user_info_UID_NNikwAIyX4nVsg5ShvytR5T73XAZ"]
24-07-12.19:14:31.579 [scheduling-1    ] INFO  GetNewData             - 定时任务扫描的keys:["user_info_UID_YRaZptE7mQpwqkV5XIr1hucsQ2Tx","user_info_UID_i2KXTMg5g6nhAOgWQwo1itlwHnQz","user_info_UID_jLKtbrB1V1dRD1QHAhwevYxVnHta","user_info_UID_AgHySDtRKqqo3wYuiOqwfpTQjKfk","user_info_UID_JAKoivK8LhMRNZ4hWIk6YFGXKa9u","user_info_UID_NNikwAIyX4nVsg5ShvytR5T73XAZ"]
24-07-12.19:14:34.599 [scheduling-1    ] INFO  GetNewData             - 定时任务扫描的keys:["user_info_UID_YRaZptE7mQpwqkV5XIr1hucsQ2Tx","user_info_UID_i2KXTMg5g6nhAOgWQwo1itlwHnQz","user_info_UID_jLKtbrB1V1dRD1QHAhwevYxVnHta","user_info_UID_AgHySDtRKqqo3wYuiOqwfpTQjKfk","user_info_UID_JAKoivK8LhMRNZ4hWIk6YFGXKa9u","user_info_UID_NNikwAIyX4nVsg5ShvytR5T73XAZ"]
24-07-12.19:14:37.687 [scheduling-1    ] INFO  GetNewData             - 定时任务扫描的keys:["user_info_UID_YRaZptE7mQpwqkV5XIr1hucsQ2Tx","user_info_UID_i2KXTMg5g6nhAOgWQwo1itlwHnQz","user_info_UID_jLKtbrB1V1dRD1QHAhwevYxVnHta","user_info_UID_AgHySDtRKqqo3wYuiOqwfpTQjKfk","user_info_UID_JAKoivK8LhMRNZ4hWIk6YFGXKa9u","user_info_UID_NNikwAIyX4nVsg5ShvytR5T73XAZ"]
24-07-12.19:14:40.586 [scheduling-1    ] INFO  GetNewData             - 定时任务扫描的keys:["user_info_UID_YRaZptE7mQpwqkV5XIr1hucsQ2Tx","user_info_UID_i2KXTMg5g6nhAOgWQwo1itlwHnQz","user_info_UID_jLKtbrB1V1dRD1QHAhwevYxVnHta","user_info_UID_AgHySDtRKqqo3wYuiOqwfpTQjKfk","user_info_UID_JAKoivK8LhMRNZ4hWIk6YFGXKa9u","user_info_UID_NNikwAIyX4nVsg5ShvytR5T73XAZ"]
24-07-12.19:14:43.598 [scheduling-1    ] INFO  GetNewData             - 定时任务扫描的keys:["user_info_UID_YRaZptE7mQpwqkV5XIr1hucsQ2Tx","user_info_UID_i2KXTMg5g6nhAOgWQwo1itlwHnQz","user_info_UID_jLKtbrB1V1dRD1QHAhwevYxVnHta","user_info_UID_AgHySDtRKqqo3wYuiOqwfpTQjKfk","user_info_UID_JAKoivK8LhMRNZ4hWIk6YFGXKa9u","user_info_UID_NNikwAIyX4nVsg5ShvytR5T73XAZ"]
24-07-12.19:14:46.613 [scheduling-1    ] INFO  GetNewData             - 定时任务扫描的keys:["user_info_UID_YRaZptE7mQpwqkV5XIr1hucsQ2Tx","user_info_UID_i2KXTMg5g6nhAOgWQwo1itlwHnQz","user_info_UID_jLKtbrB1V1dRD1QHAhwevYxVnHta","user_info_UID_AgHySDtRKqqo3wYuiOqwfpTQjKfk","user_info_UID_JAKoivK8LhMRNZ4hWIk6YFGXKa9u","user_info_UID_NNikwAIyX4nVsg5ShvytR5T73XAZ"]
24-07-12.19:14:49.600 [scheduling-1    ] INFO  GetNewData             - 定时任务扫描的keys:["user_info_UID_YRaZptE7mQpwqkV5XIr1hucsQ2Tx","user_info_UID_i2KXTMg5g6nhAOgWQwo1itlwHnQz","user_info_UID_jLKtbrB1V1dRD1QHAhwevYxVnHta","user_info_UID_AgHySDtRKqqo3wYuiOqwfpTQjKfk","user_info_UID_JAKoivK8LhMRNZ4hWIk6YFGXKa9u","user_info_UID_NNikwAIyX4nVsg5ShvytR5T73XAZ"]
24-07-12.19:14:52.584 [scheduling-1    ] INFO  GetNewData             - 定时任务扫描的keys:["user_info_UID_YRaZptE7mQpwqkV5XIr1hucsQ2Tx","user_info_UID_i2KXTMg5g6nhAOgWQwo1itlwHnQz","user_info_UID_jLKtbrB1V1dRD1QHAhwevYxVnHta","user_info_UID_AgHySDtRKqqo3wYuiOqwfpTQjKfk","user_info_UID_JAKoivK8LhMRNZ4hWIk6YFGXKa9u","user_info_UID_NNikwAIyX4nVsg5ShvytR5T73XAZ"]
24-07-12.19:14:55.608 [scheduling-1    ] INFO  GetNewData             - 定时任务扫描的keys:["user_info_UID_YRaZptE7mQpwqkV5XIr1hucsQ2Tx","user_info_UID_i2KXTMg5g6nhAOgWQwo1itlwHnQz","user_info_UID_jLKtbrB1V1dRD1QHAhwevYxVnHta","user_info_UID_AgHySDtRKqqo3wYuiOqwfpTQjKfk","user_info_UID_JAKoivK8LhMRNZ4hWIk6YFGXKa9u","user_info_UID_NNikwAIyX4nVsg5ShvytR5T73XAZ"]
24-07-12.19:14:58.593 [scheduling-1    ] INFO  GetNewData             - 定时任务扫描的keys:["user_info_UID_YRaZptE7mQpwqkV5XIr1hucsQ2Tx","user_info_UID_i2KXTMg5g6nhAOgWQwo1itlwHnQz","user_info_UID_jLKtbrB1V1dRD1QHAhwevYxVnHta","user_info_UID_AgHySDtRKqqo3wYuiOqwfpTQjKfk","user_info_UID_JAKoivK8LhMRNZ4hWIk6YFGXKa9u","user_info_UID_NNikwAIyX4nVsg5ShvytR5T73XAZ"]
24-07-12.19:15:01.593 [scheduling-1    ] INFO  GetNewData             - 定时任务扫描的keys:["user_info_UID_YRaZptE7mQpwqkV5XIr1hucsQ2Tx","user_info_UID_i2KXTMg5g6nhAOgWQwo1itlwHnQz","user_info_UID_jLKtbrB1V1dRD1QHAhwevYxVnHta","user_info_UID_AgHySDtRKqqo3wYuiOqwfpTQjKfk","user_info_UID_JAKoivK8LhMRNZ4hWIk6YFGXKa9u","user_info_UID_NNikwAIyX4nVsg5ShvytR5T73XAZ"]
24-07-12.19:15:04.587 [scheduling-1    ] INFO  GetNewData             - 定时任务扫描的keys:["user_info_UID_YRaZptE7mQpwqkV5XIr1hucsQ2Tx","user_info_UID_i2KXTMg5g6nhAOgWQwo1itlwHnQz","user_info_UID_jLKtbrB1V1dRD1QHAhwevYxVnHta","user_info_UID_AgHySDtRKqqo3wYuiOqwfpTQjKfk","user_info_UID_JAKoivK8LhMRNZ4hWIk6YFGXKa9u","user_info_UID_NNikwAIyX4nVsg5ShvytR5T73XAZ"]
24-07-12.19:15:07.608 [scheduling-1    ] INFO  GetNewData             - 定时任务扫描的keys:["user_info_UID_YRaZptE7mQpwqkV5XIr1hucsQ2Tx","user_info_UID_i2KXTMg5g6nhAOgWQwo1itlwHnQz","user_info_UID_jLKtbrB1V1dRD1QHAhwevYxVnHta","user_info_UID_AgHySDtRKqqo3wYuiOqwfpTQjKfk","user_info_UID_JAKoivK8LhMRNZ4hWIk6YFGXKa9u","user_info_UID_NNikwAIyX4nVsg5ShvytR5T73XAZ"]
24-07-12.19:15:10.617 [scheduling-1    ] INFO  GetNewData             - 定时任务扫描的keys:["user_info_UID_YRaZptE7mQpwqkV5XIr1hucsQ2Tx","user_info_UID_i2KXTMg5g6nhAOgWQwo1itlwHnQz","user_info_UID_jLKtbrB1V1dRD1QHAhwevYxVnHta","user_info_UID_AgHySDtRKqqo3wYuiOqwfpTQjKfk","user_info_UID_JAKoivK8LhMRNZ4hWIk6YFGXKa9u","user_info_UID_NNikwAIyX4nVsg5ShvytR5T73XAZ"]
24-07-12.19:15:13.603 [scheduling-1    ] INFO  GetNewData             - 定时任务扫描的keys:["user_info_UID_YRaZptE7mQpwqkV5XIr1hucsQ2Tx","user_info_UID_i2KXTMg5g6nhAOgWQwo1itlwHnQz","user_info_UID_jLKtbrB1V1dRD1QHAhwevYxVnHta","user_info_UID_AgHySDtRKqqo3wYuiOqwfpTQjKfk","user_info_UID_JAKoivK8LhMRNZ4hWIk6YFGXKa9u","user_info_UID_NNikwAIyX4nVsg5ShvytR5T73XAZ"]
24-07-12.19:15:16.582 [scheduling-1    ] INFO  GetNewData             - 定时任务扫描的keys:["user_info_UID_YRaZptE7mQpwqkV5XIr1hucsQ2Tx","user_info_UID_i2KXTMg5g6nhAOgWQwo1itlwHnQz","user_info_UID_jLKtbrB1V1dRD1QHAhwevYxVnHta","user_info_UID_AgHySDtRKqqo3wYuiOqwfpTQjKfk","user_info_UID_JAKoivK8LhMRNZ4hWIk6YFGXKa9u","user_info_UID_NNikwAIyX4nVsg5ShvytR5T73XAZ"]
24-07-12.19:15:19.586 [scheduling-1    ] INFO  GetNewData             - 定时任务扫描的keys:["user_info_UID_YRaZptE7mQpwqkV5XIr1hucsQ2Tx","user_info_UID_i2KXTMg5g6nhAOgWQwo1itlwHnQz","user_info_UID_jLKtbrB1V1dRD1QHAhwevYxVnHta","user_info_UID_AgHySDtRKqqo3wYuiOqwfpTQjKfk","user_info_UID_JAKoivK8LhMRNZ4hWIk6YFGXKa9u","user_info_UID_NNikwAIyX4nVsg5ShvytR5T73XAZ"]
24-07-12.19:15:22.586 [scheduling-1    ] INFO  GetNewData             - 定时任务扫描的keys:["user_info_UID_YRaZptE7mQpwqkV5XIr1hucsQ2Tx","user_info_UID_i2KXTMg5g6nhAOgWQwo1itlwHnQz","user_info_UID_jLKtbrB1V1dRD1QHAhwevYxVnHta","user_info_UID_AgHySDtRKqqo3wYuiOqwfpTQjKfk","user_info_UID_JAKoivK8LhMRNZ4hWIk6YFGXKa9u","user_info_UID_NNikwAIyX4nVsg5ShvytR5T73XAZ"]
24-07-12.19:15:25.604 [scheduling-1    ] INFO  GetNewData             - 定时任务扫描的keys:["user_info_UID_YRaZptE7mQpwqkV5XIr1hucsQ2Tx","user_info_UID_i2KXTMg5g6nhAOgWQwo1itlwHnQz","user_info_UID_jLKtbrB1V1dRD1QHAhwevYxVnHta","user_info_UID_AgHySDtRKqqo3wYuiOqwfpTQjKfk","user_info_UID_JAKoivK8LhMRNZ4hWIk6YFGXKa9u","user_info_UID_NNikwAIyX4nVsg5ShvytR5T73XAZ"]
24-07-12.19:15:28.620 [scheduling-1    ] INFO  GetNewData             - 定时任务扫描的keys:["user_info_UID_YRaZptE7mQpwqkV5XIr1hucsQ2Tx","user_info_UID_i2KXTMg5g6nhAOgWQwo1itlwHnQz","user_info_UID_jLKtbrB1V1dRD1QHAhwevYxVnHta","user_info_UID_AgHySDtRKqqo3wYuiOqwfpTQjKfk","user_info_UID_JAKoivK8LhMRNZ4hWIk6YFGXKa9u","user_info_UID_NNikwAIyX4nVsg5ShvytR5T73XAZ"]
24-07-12.19:15:31.609 [scheduling-1    ] INFO  GetNewData             - 定时任务扫描的keys:["user_info_UID_YRaZptE7mQpwqkV5XIr1hucsQ2Tx","user_info_UID_i2KXTMg5g6nhAOgWQwo1itlwHnQz","user_info_UID_jLKtbrB1V1dRD1QHAhwevYxVnHta","user_info_UID_AgHySDtRKqqo3wYuiOqwfpTQjKfk","user_info_UID_JAKoivK8LhMRNZ4hWIk6YFGXKa9u","user_info_UID_NNikwAIyX4nVsg5ShvytR5T73XAZ"]
24-07-12.19:15:34.616 [scheduling-1    ] INFO  GetNewData             - 定时任务扫描的keys:["user_info_UID_YRaZptE7mQpwqkV5XIr1hucsQ2Tx","user_info_UID_i2KXTMg5g6nhAOgWQwo1itlwHnQz","user_info_UID_jLKtbrB1V1dRD1QHAhwevYxVnHta","user_info_UID_AgHySDtRKqqo3wYuiOqwfpTQjKfk","user_info_UID_JAKoivK8LhMRNZ4hWIk6YFGXKa9u","user_info_UID_NNikwAIyX4nVsg5ShvytR5T73XAZ"]
24-07-12.19:15:37.578 [scheduling-1    ] INFO  GetNewData             - 定时任务扫描的keys:["user_info_UID_YRaZptE7mQpwqkV5XIr1hucsQ2Tx","user_info_UID_i2KXTMg5g6nhAOgWQwo1itlwHnQz","user_info_UID_jLKtbrB1V1dRD1QHAhwevYxVnHta","user_info_UID_AgHySDtRKqqo3wYuiOqwfpTQjKfk","user_info_UID_JAKoivK8LhMRNZ4hWIk6YFGXKa9u","user_info_UID_NNikwAIyX4nVsg5ShvytR5T73XAZ"]
24-07-12.19:15:40.587 [scheduling-1    ] INFO  GetNewData             - 定时任务扫描的keys:["user_info_UID_YRaZptE7mQpwqkV5XIr1hucsQ2Tx","user_info_UID_i2KXTMg5g6nhAOgWQwo1itlwHnQz","user_info_UID_jLKtbrB1V1dRD1QHAhwevYxVnHta","user_info_UID_AgHySDtRKqqo3wYuiOqwfpTQjKfk","user_info_UID_JAKoivK8LhMRNZ4hWIk6YFGXKa9u","user_info_UID_NNikwAIyX4nVsg5ShvytR5T73XAZ"]
24-07-12.19:15:43.602 [scheduling-1    ] INFO  GetNewData             - 定时任务扫描的keys:["user_info_UID_YRaZptE7mQpwqkV5XIr1hucsQ2Tx","user_info_UID_i2KXTMg5g6nhAOgWQwo1itlwHnQz","user_info_UID_jLKtbrB1V1dRD1QHAhwevYxVnHta","user_info_UID_AgHySDtRKqqo3wYuiOqwfpTQjKfk","user_info_UID_JAKoivK8LhMRNZ4hWIk6YFGXKa9u","user_info_UID_NNikwAIyX4nVsg5ShvytR5T73XAZ"]
24-07-12.19:15:46.586 [scheduling-1    ] INFO  GetNewData             - 定时任务扫描的keys:["user_info_UID_YRaZptE7mQpwqkV5XIr1hucsQ2Tx","user_info_UID_i2KXTMg5g6nhAOgWQwo1itlwHnQz","user_info_UID_jLKtbrB1V1dRD1QHAhwevYxVnHta","user_info_UID_AgHySDtRKqqo3wYuiOqwfpTQjKfk","user_info_UID_JAKoivK8LhMRNZ4hWIk6YFGXKa9u","user_info_UID_NNikwAIyX4nVsg5ShvytR5T73XAZ"]
24-07-12.19:15:49.612 [scheduling-1    ] INFO  GetNewData             - 定时任务扫描的keys:["user_info_UID_YRaZptE7mQpwqkV5XIr1hucsQ2Tx","user_info_UID_i2KXTMg5g6nhAOgWQwo1itlwHnQz","user_info_UID_jLKtbrB1V1dRD1QHAhwevYxVnHta","user_info_UID_AgHySDtRKqqo3wYuiOqwfpTQjKfk","user_info_UID_JAKoivK8LhMRNZ4hWIk6YFGXKa9u","user_info_UID_NNikwAIyX4nVsg5ShvytR5T73XAZ"]
24-07-12.19:15:52.577 [scheduling-1    ] INFO  GetNewData             - 定时任务扫描的keys:["user_info_UID_YRaZptE7mQpwqkV5XIr1hucsQ2Tx","user_info_UID_i2KXTMg5g6nhAOgWQwo1itlwHnQz","user_info_UID_jLKtbrB1V1dRD1QHAhwevYxVnHta","user_info_UID_AgHySDtRKqqo3wYuiOqwfpTQjKfk","user_info_UID_JAKoivK8LhMRNZ4hWIk6YFGXKa9u","user_info_UID_NNikwAIyX4nVsg5ShvytR5T73XAZ"]
24-07-12.19:15:52.687 [scheduling-1    ] INFO  GetNewData             - 网站数据:0.78,已经达到用户设置的阈值上限:0.5,向 UID_jLKtbrB1V1dRD1QHAhwevYxVnHta 发送一次邮件
24-07-12.19:15:52.977 [scheduling-1    ] INFO  GetNewData             - 网站数据:0.78,已经达到用户设置的阈值下限:6,向 UID_jLKtbrB1V1dRD1QHAhwevYxVnHta 发送一次邮件
24-07-12.19:15:55.623 [scheduling-1    ] INFO  GetNewData             - 定时任务扫描的keys:["user_info_UID_YRaZptE7mQpwqkV5XIr1hucsQ2Tx","user_info_UID_i2KXTMg5g6nhAOgWQwo1itlwHnQz","user_info_UID_jLKtbrB1V1dRD1QHAhwevYxVnHta","user_info_UID_AgHySDtRKqqo3wYuiOqwfpTQjKfk","user_info_UID_JAKoivK8LhMRNZ4hWIk6YFGXKa9u","user_info_UID_NNikwAIyX4nVsg5ShvytR5T73XAZ"]
24-07-12.19:15:58.582 [scheduling-1    ] INFO  GetNewData             - 定时任务扫描的keys:["user_info_UID_YRaZptE7mQpwqkV5XIr1hucsQ2Tx","user_info_UID_i2KXTMg5g6nhAOgWQwo1itlwHnQz","user_info_UID_jLKtbrB1V1dRD1QHAhwevYxVnHta","user_info_UID_AgHySDtRKqqo3wYuiOqwfpTQjKfk","user_info_UID_JAKoivK8LhMRNZ4hWIk6YFGXKa9u","user_info_UID_NNikwAIyX4nVsg5ShvytR5T73XAZ"]
24-07-12.19:16:01.591 [scheduling-1    ] INFO  GetNewData             - 定时任务扫描的keys:["user_info_UID_YRaZptE7mQpwqkV5XIr1hucsQ2Tx","user_info_UID_i2KXTMg5g6nhAOgWQwo1itlwHnQz","user_info_UID_jLKtbrB1V1dRD1QHAhwevYxVnHta","user_info_UID_AgHySDtRKqqo3wYuiOqwfpTQjKfk","user_info_UID_JAKoivK8LhMRNZ4hWIk6YFGXKa9u","user_info_UID_NNikwAIyX4nVsg5ShvytR5T73XAZ"]
24-07-12.19:16:04.607 [scheduling-1    ] INFO  GetNewData             - 定时任务扫描的keys:["user_info_UID_YRaZptE7mQpwqkV5XIr1hucsQ2Tx","user_info_UID_i2KXTMg5g6nhAOgWQwo1itlwHnQz","user_info_UID_jLKtbrB1V1dRD1QHAhwevYxVnHta","user_info_UID_AgHySDtRKqqo3wYuiOqwfpTQjKfk","user_info_UID_JAKoivK8LhMRNZ4hWIk6YFGXKa9u","user_info_UID_NNikwAIyX4nVsg5ShvytR5T73XAZ"]
24-07-12.19:16:07.612 [scheduling-1    ] INFO  GetNewData             - 定时任务扫描的keys:["user_info_UID_YRaZptE7mQpwqkV5XIr1hucsQ2Tx","user_info_UID_i2KXTMg5g6nhAOgWQwo1itlwHnQz","user_info_UID_jLKtbrB1V1dRD1QHAhwevYxVnHta","user_info_UID_AgHySDtRKqqo3wYuiOqwfpTQjKfk","user_info_UID_JAKoivK8LhMRNZ4hWIk6YFGXKa9u","user_info_UID_NNikwAIyX4nVsg5ShvytR5T73XAZ"]
24-07-12.19:16:10.585 [scheduling-1    ] INFO  GetNewData             - 定时任务扫描的keys:["user_info_UID_YRaZptE7mQpwqkV5XIr1hucsQ2Tx","user_info_UID_i2KXTMg5g6nhAOgWQwo1itlwHnQz","user_info_UID_jLKtbrB1V1dRD1QHAhwevYxVnHta","user_info_UID_AgHySDtRKqqo3wYuiOqwfpTQjKfk","user_info_UID_JAKoivK8LhMRNZ4hWIk6YFGXKa9u","user_info_UID_NNikwAIyX4nVsg5ShvytR5T73XAZ"]
24-07-12.19:16:13.586 [scheduling-1    ] INFO  GetNewData             - 定时任务扫描的keys:["user_info_UID_YRaZptE7mQpwqkV5XIr1hucsQ2Tx","user_info_UID_i2KXTMg5g6nhAOgWQwo1itlwHnQz","user_info_UID_jLKtbrB1V1dRD1QHAhwevYxVnHta","user_info_UID_AgHySDtRKqqo3wYuiOqwfpTQjKfk","user_info_UID_JAKoivK8LhMRNZ4hWIk6YFGXKa9u","user_info_UID_NNikwAIyX4nVsg5ShvytR5T73XAZ"]
24-07-12.19:16:16.583 [scheduling-1    ] INFO  GetNewData             - 定时任务扫描的keys:["user_info_UID_YRaZptE7mQpwqkV5XIr1hucsQ2Tx","user_info_UID_i2KXTMg5g6nhAOgWQwo1itlwHnQz","user_info_UID_jLKtbrB1V1dRD1QHAhwevYxVnHta","user_info_UID_AgHySDtRKqqo3wYuiOqwfpTQjKfk","user_info_UID_JAKoivK8LhMRNZ4hWIk6YFGXKa9u","user_info_UID_NNikwAIyX4nVsg5ShvytR5T73XAZ"]
24-07-12.19:16:19.584 [scheduling-1    ] INFO  GetNewData             - 定时任务扫描的keys:["user_info_UID_YRaZptE7mQpwqkV5XIr1hucsQ2Tx","user_info_UID_i2KXTMg5g6nhAOgWQwo1itlwHnQz","user_info_UID_jLKtbrB1V1dRD1QHAhwevYxVnHta","user_info_UID_AgHySDtRKqqo3wYuiOqwfpTQjKfk","user_info_UID_JAKoivK8LhMRNZ4hWIk6YFGXKa9u","user_info_UID_NNikwAIyX4nVsg5ShvytR5T73XAZ"]
24-07-12.19:16:22.599 [scheduling-1    ] INFO  GetNewData             - 定时任务扫描的keys:["user_info_UID_YRaZptE7mQpwqkV5XIr1hucsQ2Tx","user_info_UID_i2KXTMg5g6nhAOgWQwo1itlwHnQz","user_info_UID_jLKtbrB1V1dRD1QHAhwevYxVnHta","user_info_UID_AgHySDtRKqqo3wYuiOqwfpTQjKfk","user_info_UID_JAKoivK8LhMRNZ4hWIk6YFGXKa9u","user_info_UID_NNikwAIyX4nVsg5ShvytR5T73XAZ"]
24-07-12.19:16:25.684 [scheduling-1    ] INFO  GetNewData             - 定时任务扫描的keys:["user_info_UID_YRaZptE7mQpwqkV5XIr1hucsQ2Tx","user_info_UID_i2KXTMg5g6nhAOgWQwo1itlwHnQz","user_info_UID_jLKtbrB1V1dRD1QHAhwevYxVnHta","user_info_UID_AgHySDtRKqqo3wYuiOqwfpTQjKfk","user_info_UID_JAKoivK8LhMRNZ4hWIk6YFGXKa9u","user_info_UID_NNikwAIyX4nVsg5ShvytR5T73XAZ"]
24-07-12.19:16:28.583 [scheduling-1    ] INFO  GetNewData             - 定时任务扫描的keys:["user_info_UID_YRaZptE7mQpwqkV5XIr1hucsQ2Tx","user_info_UID_i2KXTMg5g6nhAOgWQwo1itlwHnQz","user_info_UID_jLKtbrB1V1dRD1QHAhwevYxVnHta","user_info_UID_AgHySDtRKqqo3wYuiOqwfpTQjKfk","user_info_UID_JAKoivK8LhMRNZ4hWIk6YFGXKa9u","user_info_UID_NNikwAIyX4nVsg5ShvytR5T73XAZ"]
24-07-12.19:16:31.573 [scheduling-1    ] INFO  GetNewData             - 定时任务扫描的keys:["user_info_UID_YRaZptE7mQpwqkV5XIr1hucsQ2Tx","user_info_UID_i2KXTMg5g6nhAOgWQwo1itlwHnQz","user_info_UID_jLKtbrB1V1dRD1QHAhwevYxVnHta","user_info_UID_AgHySDtRKqqo3wYuiOqwfpTQjKfk","user_info_UID_JAKoivK8LhMRNZ4hWIk6YFGXKa9u","user_info_UID_NNikwAIyX4nVsg5ShvytR5T73XAZ"]
24-07-12.19:16:34.604 [scheduling-1    ] INFO  GetNewData             - 定时任务扫描的keys:["user_info_UID_YRaZptE7mQpwqkV5XIr1hucsQ2Tx","user_info_UID_i2KXTMg5g6nhAOgWQwo1itlwHnQz","user_info_UID_jLKtbrB1V1dRD1QHAhwevYxVnHta","user_info_UID_AgHySDtRKqqo3wYuiOqwfpTQjKfk","user_info_UID_JAKoivK8LhMRNZ4hWIk6YFGXKa9u","user_info_UID_NNikwAIyX4nVsg5ShvytR5T73XAZ"]
24-07-12.19:16:37.604 [scheduling-1    ] INFO  GetNewData             - 定时任务扫描的keys:["user_info_UID_YRaZptE7mQpwqkV5XIr1hucsQ2Tx","user_info_UID_i2KXTMg5g6nhAOgWQwo1itlwHnQz","user_info_UID_jLKtbrB1V1dRD1QHAhwevYxVnHta","user_info_UID_AgHySDtRKqqo3wYuiOqwfpTQjKfk","user_info_UID_JAKoivK8LhMRNZ4hWIk6YFGXKa9u","user_info_UID_NNikwAIyX4nVsg5ShvytR5T73XAZ"]
24-07-12.19:16:40.616 [scheduling-1    ] INFO  GetNewData             - 定时任务扫描的keys:["user_info_UID_YRaZptE7mQpwqkV5XIr1hucsQ2Tx","user_info_UID_i2KXTMg5g6nhAOgWQwo1itlwHnQz","user_info_UID_jLKtbrB1V1dRD1QHAhwevYxVnHta","user_info_UID_AgHySDtRKqqo3wYuiOqwfpTQjKfk","user_info_UID_JAKoivK8LhMRNZ4hWIk6YFGXKa9u","user_info_UID_NNikwAIyX4nVsg5ShvytR5T73XAZ"]
24-07-12.19:16:43.630 [scheduling-1    ] INFO  GetNewData             - 定时任务扫描的keys:["user_info_UID_YRaZptE7mQpwqkV5XIr1hucsQ2Tx","user_info_UID_i2KXTMg5g6nhAOgWQwo1itlwHnQz","user_info_UID_jLKtbrB1V1dRD1QHAhwevYxVnHta","user_info_UID_AgHySDtRKqqo3wYuiOqwfpTQjKfk","user_info_UID_JAKoivK8LhMRNZ4hWIk6YFGXKa9u","user_info_UID_NNikwAIyX4nVsg5ShvytR5T73XAZ"]
24-07-12.19:16:46.637 [scheduling-1    ] INFO  GetNewData             - 定时任务扫描的keys:["user_info_UID_YRaZptE7mQpwqkV5XIr1hucsQ2Tx","user_info_UID_i2KXTMg5g6nhAOgWQwo1itlwHnQz","user_info_UID_jLKtbrB1V1dRD1QHAhwevYxVnHta","user_info_UID_AgHySDtRKqqo3wYuiOqwfpTQjKfk","user_info_UID_JAKoivK8LhMRNZ4hWIk6YFGXKa9u","user_info_UID_NNikwAIyX4nVsg5ShvytR5T73XAZ"]
24-07-12.19:16:49.605 [scheduling-1    ] INFO  GetNewData             - 定时任务扫描的keys:["user_info_UID_YRaZptE7mQpwqkV5XIr1hucsQ2Tx","user_info_UID_i2KXTMg5g6nhAOgWQwo1itlwHnQz","user_info_UID_jLKtbrB1V1dRD1QHAhwevYxVnHta","user_info_UID_AgHySDtRKqqo3wYuiOqwfpTQjKfk","user_info_UID_JAKoivK8LhMRNZ4hWIk6YFGXKa9u","user_info_UID_NNikwAIyX4nVsg5ShvytR5T73XAZ"]
24-07-12.19:16:52.640 [scheduling-1    ] INFO  GetNewData             - 定时任务扫描的keys:["user_info_UID_YRaZptE7mQpwqkV5XIr1hucsQ2Tx","user_info_UID_i2KXTMg5g6nhAOgWQwo1itlwHnQz","user_info_UID_jLKtbrB1V1dRD1QHAhwevYxVnHta","user_info_UID_AgHySDtRKqqo3wYuiOqwfpTQjKfk","user_info_UID_JAKoivK8LhMRNZ4hWIk6YFGXKa9u","user_info_UID_NNikwAIyX4nVsg5ShvytR5T73XAZ"]
24-07-12.19:16:55.581 [scheduling-1    ] INFO  GetNewData             - 定时任务扫描的keys:["user_info_UID_YRaZptE7mQpwqkV5XIr1hucsQ2Tx","user_info_UID_i2KXTMg5g6nhAOgWQwo1itlwHnQz","user_info_UID_jLKtbrB1V1dRD1QHAhwevYxVnHta","user_info_UID_AgHySDtRKqqo3wYuiOqwfpTQjKfk","user_info_UID_JAKoivK8LhMRNZ4hWIk6YFGXKa9u","user_info_UID_NNikwAIyX4nVsg5ShvytR5T73XAZ"]
24-07-12.19:16:58.618 [scheduling-1    ] INFO  GetNewData             - 定时任务扫描的keys:["user_info_UID_YRaZptE7mQpwqkV5XIr1hucsQ2Tx","user_info_UID_i2KXTMg5g6nhAOgWQwo1itlwHnQz","user_info_UID_jLKtbrB1V1dRD1QHAhwevYxVnHta","user_info_UID_AgHySDtRKqqo3wYuiOqwfpTQjKfk","user_info_UID_JAKoivK8LhMRNZ4hWIk6YFGXKa9u","user_info_UID_NNikwAIyX4nVsg5ShvytR5T73XAZ"]
24-07-12.19:17:01.592 [scheduling-1    ] INFO  GetNewData             - 定时任务扫描的keys:["user_info_UID_YRaZptE7mQpwqkV5XIr1hucsQ2Tx","user_info_UID_i2KXTMg5g6nhAOgWQwo1itlwHnQz","user_info_UID_jLKtbrB1V1dRD1QHAhwevYxVnHta","user_info_UID_AgHySDtRKqqo3wYuiOqwfpTQjKfk","user_info_UID_JAKoivK8LhMRNZ4hWIk6YFGXKa9u","user_info_UID_NNikwAIyX4nVsg5ShvytR5T73XAZ"]
24-07-12.19:17:04.602 [scheduling-1    ] INFO  GetNewData             - 定时任务扫描的keys:["user_info_UID_YRaZptE7mQpwqkV5XIr1hucsQ2Tx","user_info_UID_i2KXTMg5g6nhAOgWQwo1itlwHnQz","user_info_UID_jLKtbrB1V1dRD1QHAhwevYxVnHta","user_info_UID_AgHySDtRKqqo3wYuiOqwfpTQjKfk","user_info_UID_JAKoivK8LhMRNZ4hWIk6YFGXKa9u","user_info_UID_NNikwAIyX4nVsg5ShvytR5T73XAZ"]
24-07-12.19:17:07.587 [scheduling-1    ] INFO  GetNewData             - 定时任务扫描的keys:["user_info_UID_YRaZptE7mQpwqkV5XIr1hucsQ2Tx","user_info_UID_i2KXTMg5g6nhAOgWQwo1itlwHnQz","user_info_UID_jLKtbrB1V1dRD1QHAhwevYxVnHta","user_info_UID_AgHySDtRKqqo3wYuiOqwfpTQjKfk","user_info_UID_JAKoivK8LhMRNZ4hWIk6YFGXKa9u","user_info_UID_NNikwAIyX4nVsg5ShvytR5T73XAZ"]
24-07-12.19:17:10.585 [scheduling-1    ] INFO  GetNewData             - 定时任务扫描的keys:["user_info_UID_YRaZptE7mQpwqkV5XIr1hucsQ2Tx","user_info_UID_i2KXTMg5g6nhAOgWQwo1itlwHnQz","user_info_UID_jLKtbrB1V1dRD1QHAhwevYxVnHta","user_info_UID_AgHySDtRKqqo3wYuiOqwfpTQjKfk","user_info_UID_JAKoivK8LhMRNZ4hWIk6YFGXKa9u","user_info_UID_NNikwAIyX4nVsg5ShvytR5T73XAZ"]
24-07-12.19:17:13.578 [scheduling-1    ] INFO  GetNewData             - 定时任务扫描的keys:["user_info_UID_YRaZptE7mQpwqkV5XIr1hucsQ2Tx","user_info_UID_i2KXTMg5g6nhAOgWQwo1itlwHnQz","user_info_UID_jLKtbrB1V1dRD1QHAhwevYxVnHta","user_info_UID_AgHySDtRKqqo3wYuiOqwfpTQjKfk","user_info_UID_JAKoivK8LhMRNZ4hWIk6YFGXKa9u","user_info_UID_NNikwAIyX4nVsg5ShvytR5T73XAZ"]
24-07-12.19:17:16.594 [scheduling-1    ] INFO  GetNewData             - 定时任务扫描的keys:["user_info_UID_YRaZptE7mQpwqkV5XIr1hucsQ2Tx","user_info_UID_i2KXTMg5g6nhAOgWQwo1itlwHnQz","user_info_UID_jLKtbrB1V1dRD1QHAhwevYxVnHta","user_info_UID_AgHySDtRKqqo3wYuiOqwfpTQjKfk","user_info_UID_JAKoivK8LhMRNZ4hWIk6YFGXKa9u","user_info_UID_NNikwAIyX4nVsg5ShvytR5T73XAZ"]
24-07-12.19:17:19.579 [scheduling-1    ] INFO  GetNewData             - 定时任务扫描的keys:["user_info_UID_YRaZptE7mQpwqkV5XIr1hucsQ2Tx","user_info_UID_i2KXTMg5g6nhAOgWQwo1itlwHnQz","user_info_UID_jLKtbrB1V1dRD1QHAhwevYxVnHta","user_info_UID_AgHySDtRKqqo3wYuiOqwfpTQjKfk","user_info_UID_JAKoivK8LhMRNZ4hWIk6YFGXKa9u","user_info_UID_NNikwAIyX4nVsg5ShvytR5T73XAZ"]
24-07-12.19:17:22.712 [scheduling-1    ] INFO  GetNewData             - 定时任务扫描的keys:["user_info_UID_YRaZptE7mQpwqkV5XIr1hucsQ2Tx","user_info_UID_i2KXTMg5g6nhAOgWQwo1itlwHnQz","user_info_UID_jLKtbrB1V1dRD1QHAhwevYxVnHta","user_info_UID_AgHySDtRKqqo3wYuiOqwfpTQjKfk","user_info_UID_JAKoivK8LhMRNZ4hWIk6YFGXKa9u","user_info_UID_NNikwAIyX4nVsg5ShvytR5T73XAZ"]
24-07-12.19:17:25.600 [scheduling-1    ] INFO  GetNewData             - 定时任务扫描的keys:["user_info_UID_YRaZptE7mQpwqkV5XIr1hucsQ2Tx","user_info_UID_i2KXTMg5g6nhAOgWQwo1itlwHnQz","user_info_UID_jLKtbrB1V1dRD1QHAhwevYxVnHta","user_info_UID_AgHySDtRKqqo3wYuiOqwfpTQjKfk","user_info_UID_JAKoivK8LhMRNZ4hWIk6YFGXKa9u","user_info_UID_NNikwAIyX4nVsg5ShvytR5T73XAZ"]
24-07-12.19:17:28.580 [scheduling-1    ] INFO  GetNewData             - 定时任务扫描的keys:["user_info_UID_YRaZptE7mQpwqkV5XIr1hucsQ2Tx","user_info_UID_i2KXTMg5g6nhAOgWQwo1itlwHnQz","user_info_UID_jLKtbrB1V1dRD1QHAhwevYxVnHta","user_info_UID_AgHySDtRKqqo3wYuiOqwfpTQjKfk","user_info_UID_JAKoivK8LhMRNZ4hWIk6YFGXKa9u","user_info_UID_NNikwAIyX4nVsg5ShvytR5T73XAZ"]
24-07-12.19:17:31.589 [scheduling-1    ] INFO  GetNewData             - 定时任务扫描的keys:["user_info_UID_YRaZptE7mQpwqkV5XIr1hucsQ2Tx","user_info_UID_i2KXTMg5g6nhAOgWQwo1itlwHnQz","user_info_UID_jLKtbrB1V1dRD1QHAhwevYxVnHta","user_info_UID_AgHySDtRKqqo3wYuiOqwfpTQjKfk","user_info_UID_JAKoivK8LhMRNZ4hWIk6YFGXKa9u","user_info_UID_NNikwAIyX4nVsg5ShvytR5T73XAZ"]
24-07-12.19:17:34.595 [scheduling-1    ] INFO  GetNewData             - 定时任务扫描的keys:["user_info_UID_YRaZptE7mQpwqkV5XIr1hucsQ2Tx","user_info_UID_i2KXTMg5g6nhAOgWQwo1itlwHnQz","user_info_UID_jLKtbrB1V1dRD1QHAhwevYxVnHta","user_info_UID_AgHySDtRKqqo3wYuiOqwfpTQjKfk","user_info_UID_JAKoivK8LhMRNZ4hWIk6YFGXKa9u","user_info_UID_NNikwAIyX4nVsg5ShvytR5T73XAZ"]
24-07-12.19:17:37.604 [scheduling-1    ] INFO  GetNewData             - 定时任务扫描的keys:["user_info_UID_YRaZptE7mQpwqkV5XIr1hucsQ2Tx","user_info_UID_i2KXTMg5g6nhAOgWQwo1itlwHnQz","user_info_UID_jLKtbrB1V1dRD1QHAhwevYxVnHta","user_info_UID_AgHySDtRKqqo3wYuiOqwfpTQjKfk","user_info_UID_JAKoivK8LhMRNZ4hWIk6YFGXKa9u","user_info_UID_NNikwAIyX4nVsg5ShvytR5T73XAZ"]
24-07-12.19:17:40.580 [scheduling-1    ] INFO  GetNewData             - 定时任务扫描的keys:["user_info_UID_YRaZptE7mQpwqkV5XIr1hucsQ2Tx","user_info_UID_i2KXTMg5g6nhAOgWQwo1itlwHnQz","user_info_UID_jLKtbrB1V1dRD1QHAhwevYxVnHta","user_info_UID_AgHySDtRKqqo3wYuiOqwfpTQjKfk","user_info_UID_JAKoivK8LhMRNZ4hWIk6YFGXKa9u","user_info_UID_NNikwAIyX4nVsg5ShvytR5T73XAZ"]
24-07-12.19:17:43.615 [scheduling-1    ] INFO  GetNewData             - 定时任务扫描的keys:["user_info_UID_YRaZptE7mQpwqkV5XIr1hucsQ2Tx","user_info_UID_i2KXTMg5g6nhAOgWQwo1itlwHnQz","user_info_UID_jLKtbrB1V1dRD1QHAhwevYxVnHta","user_info_UID_AgHySDtRKqqo3wYuiOqwfpTQjKfk","user_info_UID_JAKoivK8LhMRNZ4hWIk6YFGXKa9u","user_info_UID_NNikwAIyX4nVsg5ShvytR5T73XAZ"]
24-07-12.19:17:46.608 [scheduling-1    ] INFO  GetNewData             - 定时任务扫描的keys:["user_info_UID_YRaZptE7mQpwqkV5XIr1hucsQ2Tx","user_info_UID_i2KXTMg5g6nhAOgWQwo1itlwHnQz","user_info_UID_jLKtbrB1V1dRD1QHAhwevYxVnHta","user_info_UID_AgHySDtRKqqo3wYuiOqwfpTQjKfk","user_info_UID_JAKoivK8LhMRNZ4hWIk6YFGXKa9u","user_info_UID_NNikwAIyX4nVsg5ShvytR5T73XAZ"]
24-07-12.19:17:49.575 [scheduling-1    ] INFO  GetNewData             - 定时任务扫描的keys:["user_info_UID_YRaZptE7mQpwqkV5XIr1hucsQ2Tx","user_info_UID_i2KXTMg5g6nhAOgWQwo1itlwHnQz","user_info_UID_jLKtbrB1V1dRD1QHAhwevYxVnHta","user_info_UID_AgHySDtRKqqo3wYuiOqwfpTQjKfk","user_info_UID_JAKoivK8LhMRNZ4hWIk6YFGXKa9u","user_info_UID_NNikwAIyX4nVsg5ShvytR5T73XAZ"]
24-07-12.19:17:52.608 [scheduling-1    ] INFO  GetNewData             - 定时任务扫描的keys:["user_info_UID_YRaZptE7mQpwqkV5XIr1hucsQ2Tx","user_info_UID_i2KXTMg5g6nhAOgWQwo1itlwHnQz","user_info_UID_jLKtbrB1V1dRD1QHAhwevYxVnHta","user_info_UID_AgHySDtRKqqo3wYuiOqwfpTQjKfk","user_info_UID_JAKoivK8LhMRNZ4hWIk6YFGXKa9u","user_info_UID_NNikwAIyX4nVsg5ShvytR5T73XAZ"]
24-07-12.19:17:55.613 [scheduling-1    ] INFO  GetNewData             - 定时任务扫描的keys:["user_info_UID_YRaZptE7mQpwqkV5XIr1hucsQ2Tx","user_info_UID_i2KXTMg5g6nhAOgWQwo1itlwHnQz","user_info_UID_jLKtbrB1V1dRD1QHAhwevYxVnHta","user_info_UID_AgHySDtRKqqo3wYuiOqwfpTQjKfk","user_info_UID_JAKoivK8LhMRNZ4hWIk6YFGXKa9u","user_info_UID_NNikwAIyX4nVsg5ShvytR5T73XAZ"]
24-07-12.19:17:58.610 [scheduling-1    ] INFO  GetNewData             - 定时任务扫描的keys:["user_info_UID_YRaZptE7mQpwqkV5XIr1hucsQ2Tx","user_info_UID_i2KXTMg5g6nhAOgWQwo1itlwHnQz","user_info_UID_jLKtbrB1V1dRD1QHAhwevYxVnHta","user_info_UID_AgHySDtRKqqo3wYuiOqwfpTQjKfk","user_info_UID_JAKoivK8LhMRNZ4hWIk6YFGXKa9u","user_info_UID_NNikwAIyX4nVsg5ShvytR5T73XAZ"]
24-07-12.19:18:01.584 [scheduling-1    ] INFO  GetNewData             - 定时任务扫描的keys:["user_info_UID_YRaZptE7mQpwqkV5XIr1hucsQ2Tx","user_info_UID_i2KXTMg5g6nhAOgWQwo1itlwHnQz","user_info_UID_jLKtbrB1V1dRD1QHAhwevYxVnHta","user_info_UID_AgHySDtRKqqo3wYuiOqwfpTQjKfk","user_info_UID_JAKoivK8LhMRNZ4hWIk6YFGXKa9u","user_info_UID_NNikwAIyX4nVsg5ShvytR5T73XAZ"]
24-07-12.19:18:04.599 [scheduling-1    ] INFO  GetNewData             - 定时任务扫描的keys:["user_info_UID_YRaZptE7mQpwqkV5XIr1hucsQ2Tx","user_info_UID_i2KXTMg5g6nhAOgWQwo1itlwHnQz","user_info_UID_jLKtbrB1V1dRD1QHAhwevYxVnHta","user_info_UID_AgHySDtRKqqo3wYuiOqwfpTQjKfk","user_info_UID_JAKoivK8LhMRNZ4hWIk6YFGXKa9u","user_info_UID_NNikwAIyX4nVsg5ShvytR5T73XAZ"]
24-07-12.19:18:07.605 [scheduling-1    ] INFO  GetNewData             - 定时任务扫描的keys:["user_info_UID_YRaZptE7mQpwqkV5XIr1hucsQ2Tx","user_info_UID_i2KXTMg5g6nhAOgWQwo1itlwHnQz","user_info_UID_jLKtbrB1V1dRD1QHAhwevYxVnHta","user_info_UID_AgHySDtRKqqo3wYuiOqwfpTQjKfk","user_info_UID_JAKoivK8LhMRNZ4hWIk6YFGXKa9u","user_info_UID_NNikwAIyX4nVsg5ShvytR5T73XAZ"]
24-07-12.19:18:10.591 [scheduling-1    ] INFO  GetNewData             - 定时任务扫描的keys:["user_info_UID_YRaZptE7mQpwqkV5XIr1hucsQ2Tx","user_info_UID_i2KXTMg5g6nhAOgWQwo1itlwHnQz","user_info_UID_jLKtbrB1V1dRD1QHAhwevYxVnHta","user_info_UID_AgHySDtRKqqo3wYuiOqwfpTQjKfk","user_info_UID_JAKoivK8LhMRNZ4hWIk6YFGXKa9u","user_info_UID_NNikwAIyX4nVsg5ShvytR5T73XAZ"]
24-07-12.19:18:13.578 [scheduling-1    ] INFO  GetNewData             - 定时任务扫描的keys:["user_info_UID_YRaZptE7mQpwqkV5XIr1hucsQ2Tx","user_info_UID_i2KXTMg5g6nhAOgWQwo1itlwHnQz","user_info_UID_jLKtbrB1V1dRD1QHAhwevYxVnHta","user_info_UID_AgHySDtRKqqo3wYuiOqwfpTQjKfk","user_info_UID_JAKoivK8LhMRNZ4hWIk6YFGXKa9u","user_info_UID_NNikwAIyX4nVsg5ShvytR5T73XAZ"]
24-07-12.19:18:16.587 [scheduling-1    ] INFO  GetNewData             - 定时任务扫描的keys:["user_info_UID_YRaZptE7mQpwqkV5XIr1hucsQ2Tx","user_info_UID_i2KXTMg5g6nhAOgWQwo1itlwHnQz","user_info_UID_jLKtbrB1V1dRD1QHAhwevYxVnHta","user_info_UID_AgHySDtRKqqo3wYuiOqwfpTQjKfk","user_info_UID_JAKoivK8LhMRNZ4hWIk6YFGXKa9u","user_info_UID_NNikwAIyX4nVsg5ShvytR5T73XAZ"]
24-07-12.19:18:19.594 [scheduling-1    ] INFO  GetNewData             - 定时任务扫描的keys:["user_info_UID_YRaZptE7mQpwqkV5XIr1hucsQ2Tx","user_info_UID_i2KXTMg5g6nhAOgWQwo1itlwHnQz","user_info_UID_jLKtbrB1V1dRD1QHAhwevYxVnHta","user_info_UID_AgHySDtRKqqo3wYuiOqwfpTQjKfk","user_info_UID_JAKoivK8LhMRNZ4hWIk6YFGXKa9u","user_info_UID_NNikwAIyX4nVsg5ShvytR5T73XAZ"]
24-07-12.19:18:22.612 [scheduling-1    ] INFO  GetNewData             - 定时任务扫描的keys:["user_info_UID_YRaZptE7mQpwqkV5XIr1hucsQ2Tx","user_info_UID_i2KXTMg5g6nhAOgWQwo1itlwHnQz","user_info_UID_jLKtbrB1V1dRD1QHAhwevYxVnHta","user_info_UID_AgHySDtRKqqo3wYuiOqwfpTQjKfk","user_info_UID_JAKoivK8LhMRNZ4hWIk6YFGXKa9u","user_info_UID_NNikwAIyX4nVsg5ShvytR5T73XAZ"]
24-07-12.19:18:25.599 [scheduling-1    ] INFO  GetNewData             - 定时任务扫描的keys:["user_info_UID_YRaZptE7mQpwqkV5XIr1hucsQ2Tx","user_info_UID_i2KXTMg5g6nhAOgWQwo1itlwHnQz","user_info_UID_jLKtbrB1V1dRD1QHAhwevYxVnHta","user_info_UID_AgHySDtRKqqo3wYuiOqwfpTQjKfk","user_info_UID_JAKoivK8LhMRNZ4hWIk6YFGXKa9u","user_info_UID_NNikwAIyX4nVsg5ShvytR5T73XAZ"]
24-07-12.19:18:28.582 [scheduling-1    ] INFO  GetNewData             - 定时任务扫描的keys:["user_info_UID_YRaZptE7mQpwqkV5XIr1hucsQ2Tx","user_info_UID_i2KXTMg5g6nhAOgWQwo1itlwHnQz","user_info_UID_jLKtbrB1V1dRD1QHAhwevYxVnHta","user_info_UID_AgHySDtRKqqo3wYuiOqwfpTQjKfk","user_info_UID_JAKoivK8LhMRNZ4hWIk6YFGXKa9u","user_info_UID_NNikwAIyX4nVsg5ShvytR5T73XAZ"]
24-07-12.19:18:31.580 [scheduling-1    ] INFO  GetNewData             - 定时任务扫描的keys:["user_info_UID_YRaZptE7mQpwqkV5XIr1hucsQ2Tx","user_info_UID_i2KXTMg5g6nhAOgWQwo1itlwHnQz","user_info_UID_jLKtbrB1V1dRD1QHAhwevYxVnHta","user_info_UID_AgHySDtRKqqo3wYuiOqwfpTQjKfk","user_info_UID_JAKoivK8LhMRNZ4hWIk6YFGXKa9u","user_info_UID_NNikwAIyX4nVsg5ShvytR5T73XAZ"]
24-07-12.19:18:34.627 [scheduling-1    ] INFO  GetNewData             - 定时任务扫描的keys:["user_info_UID_YRaZptE7mQpwqkV5XIr1hucsQ2Tx","user_info_UID_i2KXTMg5g6nhAOgWQwo1itlwHnQz","user_info_UID_jLKtbrB1V1dRD1QHAhwevYxVnHta","user_info_UID_AgHySDtRKqqo3wYuiOqwfpTQjKfk","user_info_UID_JAKoivK8LhMRNZ4hWIk6YFGXKa9u","user_info_UID_NNikwAIyX4nVsg5ShvytR5T73XAZ"]
24-07-12.19:18:37.587 [scheduling-1    ] INFO  GetNewData             - 定时任务扫描的keys:["user_info_UID_YRaZptE7mQpwqkV5XIr1hucsQ2Tx","user_info_UID_i2KXTMg5g6nhAOgWQwo1itlwHnQz","user_info_UID_jLKtbrB1V1dRD1QHAhwevYxVnHta","user_info_UID_AgHySDtRKqqo3wYuiOqwfpTQjKfk","user_info_UID_JAKoivK8LhMRNZ4hWIk6YFGXKa9u","user_info_UID_NNikwAIyX4nVsg5ShvytR5T73XAZ"]
24-07-12.19:18:40.605 [scheduling-1    ] INFO  GetNewData             - 定时任务扫描的keys:["user_info_UID_YRaZptE7mQpwqkV5XIr1hucsQ2Tx","user_info_UID_i2KXTMg5g6nhAOgWQwo1itlwHnQz","user_info_UID_jLKtbrB1V1dRD1QHAhwevYxVnHta","user_info_UID_AgHySDtRKqqo3wYuiOqwfpTQjKfk","user_info_UID_JAKoivK8LhMRNZ4hWIk6YFGXKa9u","user_info_UID_NNikwAIyX4nVsg5ShvytR5T73XAZ"]
24-07-12.19:18:43.602 [scheduling-1    ] INFO  GetNewData             - 定时任务扫描的keys:["user_info_UID_YRaZptE7mQpwqkV5XIr1hucsQ2Tx","user_info_UID_i2KXTMg5g6nhAOgWQwo1itlwHnQz","user_info_UID_jLKtbrB1V1dRD1QHAhwevYxVnHta","user_info_UID_AgHySDtRKqqo3wYuiOqwfpTQjKfk","user_info_UID_JAKoivK8LhMRNZ4hWIk6YFGXKa9u","user_info_UID_NNikwAIyX4nVsg5ShvytR5T73XAZ"]
24-07-12.19:18:46.590 [scheduling-1    ] INFO  GetNewData             - 定时任务扫描的keys:["user_info_UID_YRaZptE7mQpwqkV5XIr1hucsQ2Tx","user_info_UID_i2KXTMg5g6nhAOgWQwo1itlwHnQz","user_info_UID_jLKtbrB1V1dRD1QHAhwevYxVnHta","user_info_UID_AgHySDtRKqqo3wYuiOqwfpTQjKfk","user_info_UID_JAKoivK8LhMRNZ4hWIk6YFGXKa9u","user_info_UID_NNikwAIyX4nVsg5ShvytR5T73XAZ"]
24-07-12.19:18:49.588 [scheduling-1    ] INFO  GetNewData             - 定时任务扫描的keys:["user_info_UID_YRaZptE7mQpwqkV5XIr1hucsQ2Tx","user_info_UID_i2KXTMg5g6nhAOgWQwo1itlwHnQz","user_info_UID_jLKtbrB1V1dRD1QHAhwevYxVnHta","user_info_UID_AgHySDtRKqqo3wYuiOqwfpTQjKfk","user_info_UID_JAKoivK8LhMRNZ4hWIk6YFGXKa9u","user_info_UID_NNikwAIyX4nVsg5ShvytR5T73XAZ"]
24-07-12.19:18:52.601 [scheduling-1    ] INFO  GetNewData             - 定时任务扫描的keys:["user_info_UID_YRaZptE7mQpwqkV5XIr1hucsQ2Tx","user_info_UID_i2KXTMg5g6nhAOgWQwo1itlwHnQz","user_info_UID_jLKtbrB1V1dRD1QHAhwevYxVnHta","user_info_UID_AgHySDtRKqqo3wYuiOqwfpTQjKfk","user_info_UID_JAKoivK8LhMRNZ4hWIk6YFGXKa9u","user_info_UID_NNikwAIyX4nVsg5ShvytR5T73XAZ"]
24-07-12.19:18:55.587 [scheduling-1    ] INFO  GetNewData             - 定时任务扫描的keys:["user_info_UID_YRaZptE7mQpwqkV5XIr1hucsQ2Tx","user_info_UID_i2KXTMg5g6nhAOgWQwo1itlwHnQz","user_info_UID_jLKtbrB1V1dRD1QHAhwevYxVnHta","user_info_UID_AgHySDtRKqqo3wYuiOqwfpTQjKfk","user_info_UID_JAKoivK8LhMRNZ4hWIk6YFGXKa9u","user_info_UID_NNikwAIyX4nVsg5ShvytR5T73XAZ"]
24-07-12.19:18:58.574 [scheduling-1    ] INFO  GetNewData             - 定时任务扫描的keys:["user_info_UID_YRaZptE7mQpwqkV5XIr1hucsQ2Tx","user_info_UID_i2KXTMg5g6nhAOgWQwo1itlwHnQz","user_info_UID_jLKtbrB1V1dRD1QHAhwevYxVnHta","user_info_UID_AgHySDtRKqqo3wYuiOqwfpTQjKfk","user_info_UID_JAKoivK8LhMRNZ4hWIk6YFGXKa9u","user_info_UID_NNikwAIyX4nVsg5ShvytR5T73XAZ"]
24-07-12.19:19:01.586 [scheduling-1    ] INFO  GetNewData             - 定时任务扫描的keys:["user_info_UID_YRaZptE7mQpwqkV5XIr1hucsQ2Tx","user_info_UID_i2KXTMg5g6nhAOgWQwo1itlwHnQz","user_info_UID_jLKtbrB1V1dRD1QHAhwevYxVnHta","user_info_UID_AgHySDtRKqqo3wYuiOqwfpTQjKfk","user_info_UID_JAKoivK8LhMRNZ4hWIk6YFGXKa9u","user_info_UID_NNikwAIyX4nVsg5ShvytR5T73XAZ"]
24-07-12.19:19:04.607 [scheduling-1    ] INFO  GetNewData             - 定时任务扫描的keys:["user_info_UID_YRaZptE7mQpwqkV5XIr1hucsQ2Tx","user_info_UID_i2KXTMg5g6nhAOgWQwo1itlwHnQz","user_info_UID_jLKtbrB1V1dRD1QHAhwevYxVnHta","user_info_UID_AgHySDtRKqqo3wYuiOqwfpTQjKfk","user_info_UID_JAKoivK8LhMRNZ4hWIk6YFGXKa9u","user_info_UID_NNikwAIyX4nVsg5ShvytR5T73XAZ"]
24-07-12.19:19:07.603 [scheduling-1    ] INFO  GetNewData             - 定时任务扫描的keys:["user_info_UID_YRaZptE7mQpwqkV5XIr1hucsQ2Tx","user_info_UID_i2KXTMg5g6nhAOgWQwo1itlwHnQz","user_info_UID_jLKtbrB1V1dRD1QHAhwevYxVnHta","user_info_UID_AgHySDtRKqqo3wYuiOqwfpTQjKfk","user_info_UID_JAKoivK8LhMRNZ4hWIk6YFGXKa9u","user_info_UID_NNikwAIyX4nVsg5ShvytR5T73XAZ"]
24-07-12.19:19:10.613 [scheduling-1    ] INFO  GetNewData             - 定时任务扫描的keys:["user_info_UID_YRaZptE7mQpwqkV5XIr1hucsQ2Tx","user_info_UID_i2KXTMg5g6nhAOgWQwo1itlwHnQz","user_info_UID_jLKtbrB1V1dRD1QHAhwevYxVnHta","user_info_UID_AgHySDtRKqqo3wYuiOqwfpTQjKfk","user_info_UID_JAKoivK8LhMRNZ4hWIk6YFGXKa9u","user_info_UID_NNikwAIyX4nVsg5ShvytR5T73XAZ"]
24-07-12.19:19:13.574 [scheduling-1    ] INFO  GetNewData             - 定时任务扫描的keys:["user_info_UID_YRaZptE7mQpwqkV5XIr1hucsQ2Tx","user_info_UID_i2KXTMg5g6nhAOgWQwo1itlwHnQz","user_info_UID_jLKtbrB1V1dRD1QHAhwevYxVnHta","user_info_UID_AgHySDtRKqqo3wYuiOqwfpTQjKfk","user_info_UID_JAKoivK8LhMRNZ4hWIk6YFGXKa9u","user_info_UID_NNikwAIyX4nVsg5ShvytR5T73XAZ"]
24-07-12.19:19:16.578 [scheduling-1    ] INFO  GetNewData             - 定时任务扫描的keys:["user_info_UID_YRaZptE7mQpwqkV5XIr1hucsQ2Tx","user_info_UID_i2KXTMg5g6nhAOgWQwo1itlwHnQz","user_info_UID_jLKtbrB1V1dRD1QHAhwevYxVnHta","user_info_UID_AgHySDtRKqqo3wYuiOqwfpTQjKfk","user_info_UID_JAKoivK8LhMRNZ4hWIk6YFGXKa9u","user_info_UID_NNikwAIyX4nVsg5ShvytR5T73XAZ"]
24-07-12.19:19:19.609 [scheduling-1    ] INFO  GetNewData             - 定时任务扫描的keys:["user_info_UID_YRaZptE7mQpwqkV5XIr1hucsQ2Tx","user_info_UID_i2KXTMg5g6nhAOgWQwo1itlwHnQz","user_info_UID_jLKtbrB1V1dRD1QHAhwevYxVnHta","user_info_UID_AgHySDtRKqqo3wYuiOqwfpTQjKfk","user_info_UID_JAKoivK8LhMRNZ4hWIk6YFGXKa9u","user_info_UID_NNikwAIyX4nVsg5ShvytR5T73XAZ"]
24-07-12.19:19:22.575 [scheduling-1    ] INFO  GetNewData             - 定时任务扫描的keys:["user_info_UID_YRaZptE7mQpwqkV5XIr1hucsQ2Tx","user_info_UID_i2KXTMg5g6nhAOgWQwo1itlwHnQz","user_info_UID_jLKtbrB1V1dRD1QHAhwevYxVnHta","user_info_UID_AgHySDtRKqqo3wYuiOqwfpTQjKfk","user_info_UID_JAKoivK8LhMRNZ4hWIk6YFGXKa9u","user_info_UID_NNikwAIyX4nVsg5ShvytR5T73XAZ"]
24-07-12.19:19:25.676 [scheduling-1    ] INFO  GetNewData             - 定时任务扫描的keys:["user_info_UID_YRaZptE7mQpwqkV5XIr1hucsQ2Tx","user_info_UID_i2KXTMg5g6nhAOgWQwo1itlwHnQz","user_info_UID_jLKtbrB1V1dRD1QHAhwevYxVnHta","user_info_UID_AgHySDtRKqqo3wYuiOqwfpTQjKfk","user_info_UID_JAKoivK8LhMRNZ4hWIk6YFGXKa9u","user_info_UID_NNikwAIyX4nVsg5ShvytR5T73XAZ"]
24-07-12.19:19:28.575 [scheduling-1    ] INFO  GetNewData             - 定时任务扫描的keys:["user_info_UID_YRaZptE7mQpwqkV5XIr1hucsQ2Tx","user_info_UID_i2KXTMg5g6nhAOgWQwo1itlwHnQz","user_info_UID_jLKtbrB1V1dRD1QHAhwevYxVnHta","user_info_UID_AgHySDtRKqqo3wYuiOqwfpTQjKfk","user_info_UID_JAKoivK8LhMRNZ4hWIk6YFGXKa9u","user_info_UID_NNikwAIyX4nVsg5ShvytR5T73XAZ"]
24-07-12.19:19:31.595 [scheduling-1    ] INFO  GetNewData             - 定时任务扫描的keys:["user_info_UID_YRaZptE7mQpwqkV5XIr1hucsQ2Tx","user_info_UID_i2KXTMg5g6nhAOgWQwo1itlwHnQz","user_info_UID_jLKtbrB1V1dRD1QHAhwevYxVnHta","user_info_UID_AgHySDtRKqqo3wYuiOqwfpTQjKfk","user_info_UID_JAKoivK8LhMRNZ4hWIk6YFGXKa9u","user_info_UID_NNikwAIyX4nVsg5ShvytR5T73XAZ"]
24-07-12.19:19:34.577 [scheduling-1    ] INFO  GetNewData             - 定时任务扫描的keys:["user_info_UID_YRaZptE7mQpwqkV5XIr1hucsQ2Tx","user_info_UID_i2KXTMg5g6nhAOgWQwo1itlwHnQz","user_info_UID_jLKtbrB1V1dRD1QHAhwevYxVnHta","user_info_UID_AgHySDtRKqqo3wYuiOqwfpTQjKfk","user_info_UID_JAKoivK8LhMRNZ4hWIk6YFGXKa9u","user_info_UID_NNikwAIyX4nVsg5ShvytR5T73XAZ"]
24-07-12.19:19:37.584 [scheduling-1    ] INFO  GetNewData             - 定时任务扫描的keys:["user_info_UID_YRaZptE7mQpwqkV5XIr1hucsQ2Tx","user_info_UID_i2KXTMg5g6nhAOgWQwo1itlwHnQz","user_info_UID_jLKtbrB1V1dRD1QHAhwevYxVnHta","user_info_UID_AgHySDtRKqqo3wYuiOqwfpTQjKfk","user_info_UID_JAKoivK8LhMRNZ4hWIk6YFGXKa9u","user_info_UID_NNikwAIyX4nVsg5ShvytR5T73XAZ"]
24-07-12.19:19:40.576 [scheduling-1    ] INFO  GetNewData             - 定时任务扫描的keys:["user_info_UID_YRaZptE7mQpwqkV5XIr1hucsQ2Tx","user_info_UID_i2KXTMg5g6nhAOgWQwo1itlwHnQz","user_info_UID_jLKtbrB1V1dRD1QHAhwevYxVnHta","user_info_UID_AgHySDtRKqqo3wYuiOqwfpTQjKfk","user_info_UID_JAKoivK8LhMRNZ4hWIk6YFGXKa9u","user_info_UID_NNikwAIyX4nVsg5ShvytR5T73XAZ"]
24-07-12.19:19:43.611 [scheduling-1    ] INFO  GetNewData             - 定时任务扫描的keys:["user_info_UID_YRaZptE7mQpwqkV5XIr1hucsQ2Tx","user_info_UID_i2KXTMg5g6nhAOgWQwo1itlwHnQz","user_info_UID_jLKtbrB1V1dRD1QHAhwevYxVnHta","user_info_UID_AgHySDtRKqqo3wYuiOqwfpTQjKfk","user_info_UID_JAKoivK8LhMRNZ4hWIk6YFGXKa9u","user_info_UID_NNikwAIyX4nVsg5ShvytR5T73XAZ"]
24-07-12.19:19:46.601 [scheduling-1    ] INFO  GetNewData             - 定时任务扫描的keys:["user_info_UID_YRaZptE7mQpwqkV5XIr1hucsQ2Tx","user_info_UID_i2KXTMg5g6nhAOgWQwo1itlwHnQz","user_info_UID_jLKtbrB1V1dRD1QHAhwevYxVnHta","user_info_UID_AgHySDtRKqqo3wYuiOqwfpTQjKfk","user_info_UID_JAKoivK8LhMRNZ4hWIk6YFGXKa9u","user_info_UID_NNikwAIyX4nVsg5ShvytR5T73XAZ"]
24-07-12.19:19:49.580 [scheduling-1    ] INFO  GetNewData             - 定时任务扫描的keys:["user_info_UID_YRaZptE7mQpwqkV5XIr1hucsQ2Tx","user_info_UID_i2KXTMg5g6nhAOgWQwo1itlwHnQz","user_info_UID_jLKtbrB1V1dRD1QHAhwevYxVnHta","user_info_UID_AgHySDtRKqqo3wYuiOqwfpTQjKfk","user_info_UID_JAKoivK8LhMRNZ4hWIk6YFGXKa9u","user_info_UID_NNikwAIyX4nVsg5ShvytR5T73XAZ"]
24-07-12.19:19:52.578 [scheduling-1    ] INFO  GetNewData             - 定时任务扫描的keys:["user_info_UID_YRaZptE7mQpwqkV5XIr1hucsQ2Tx","user_info_UID_i2KXTMg5g6nhAOgWQwo1itlwHnQz","user_info_UID_jLKtbrB1V1dRD1QHAhwevYxVnHta","user_info_UID_AgHySDtRKqqo3wYuiOqwfpTQjKfk","user_info_UID_JAKoivK8LhMRNZ4hWIk6YFGXKa9u","user_info_UID_NNikwAIyX4nVsg5ShvytR5T73XAZ"]
24-07-12.19:19:55.600 [scheduling-1    ] INFO  GetNewData             - 定时任务扫描的keys:["user_info_UID_YRaZptE7mQpwqkV5XIr1hucsQ2Tx","user_info_UID_i2KXTMg5g6nhAOgWQwo1itlwHnQz","user_info_UID_jLKtbrB1V1dRD1QHAhwevYxVnHta","user_info_UID_AgHySDtRKqqo3wYuiOqwfpTQjKfk","user_info_UID_JAKoivK8LhMRNZ4hWIk6YFGXKa9u","user_info_UID_NNikwAIyX4nVsg5ShvytR5T73XAZ"]
24-07-12.19:19:58.570 [scheduling-1    ] INFO  GetNewData             - 定时任务扫描的keys:["user_info_UID_YRaZptE7mQpwqkV5XIr1hucsQ2Tx","user_info_UID_i2KXTMg5g6nhAOgWQwo1itlwHnQz","user_info_UID_jLKtbrB1V1dRD1QHAhwevYxVnHta","user_info_UID_AgHySDtRKqqo3wYuiOqwfpTQjKfk","user_info_UID_JAKoivK8LhMRNZ4hWIk6YFGXKa9u","user_info_UID_NNikwAIyX4nVsg5ShvytR5T73XAZ"]
24-07-12.19:20:01.618 [scheduling-1    ] INFO  GetNewData             - 定时任务扫描的keys:["user_info_UID_YRaZptE7mQpwqkV5XIr1hucsQ2Tx","user_info_UID_i2KXTMg5g6nhAOgWQwo1itlwHnQz","user_info_UID_jLKtbrB1V1dRD1QHAhwevYxVnHta","user_info_UID_AgHySDtRKqqo3wYuiOqwfpTQjKfk","user_info_UID_JAKoivK8LhMRNZ4hWIk6YFGXKa9u","user_info_UID_NNikwAIyX4nVsg5ShvytR5T73XAZ"]
24-07-12.19:20:04.583 [scheduling-1    ] INFO  GetNewData             - 定时任务扫描的keys:["user_info_UID_YRaZptE7mQpwqkV5XIr1hucsQ2Tx","user_info_UID_i2KXTMg5g6nhAOgWQwo1itlwHnQz","user_info_UID_jLKtbrB1V1dRD1QHAhwevYxVnHta","user_info_UID_AgHySDtRKqqo3wYuiOqwfpTQjKfk","user_info_UID_JAKoivK8LhMRNZ4hWIk6YFGXKa9u","user_info_UID_NNikwAIyX4nVsg5ShvytR5T73XAZ"]
24-07-12.19:20:07.602 [scheduling-1    ] INFO  GetNewData             - 定时任务扫描的keys:["user_info_UID_YRaZptE7mQpwqkV5XIr1hucsQ2Tx","user_info_UID_i2KXTMg5g6nhAOgWQwo1itlwHnQz","user_info_UID_jLKtbrB1V1dRD1QHAhwevYxVnHta","user_info_UID_AgHySDtRKqqo3wYuiOqwfpTQjKfk","user_info_UID_JAKoivK8LhMRNZ4hWIk6YFGXKa9u","user_info_UID_NNikwAIyX4nVsg5ShvytR5T73XAZ"]
24-07-12.19:20:10.596 [scheduling-1    ] INFO  GetNewData             - 定时任务扫描的keys:["user_info_UID_YRaZptE7mQpwqkV5XIr1hucsQ2Tx","user_info_UID_i2KXTMg5g6nhAOgWQwo1itlwHnQz","user_info_UID_jLKtbrB1V1dRD1QHAhwevYxVnHta","user_info_UID_AgHySDtRKqqo3wYuiOqwfpTQjKfk","user_info_UID_JAKoivK8LhMRNZ4hWIk6YFGXKa9u","user_info_UID_NNikwAIyX4nVsg5ShvytR5T73XAZ"]
24-07-12.19:20:13.581 [scheduling-1    ] INFO  GetNewData             - 定时任务扫描的keys:["user_info_UID_YRaZptE7mQpwqkV5XIr1hucsQ2Tx","user_info_UID_i2KXTMg5g6nhAOgWQwo1itlwHnQz","user_info_UID_jLKtbrB1V1dRD1QHAhwevYxVnHta","user_info_UID_AgHySDtRKqqo3wYuiOqwfpTQjKfk","user_info_UID_JAKoivK8LhMRNZ4hWIk6YFGXKa9u","user_info_UID_NNikwAIyX4nVsg5ShvytR5T73XAZ"]
24-07-12.19:20:16.598 [scheduling-1    ] INFO  GetNewData             - 定时任务扫描的keys:["user_info_UID_YRaZptE7mQpwqkV5XIr1hucsQ2Tx","user_info_UID_i2KXTMg5g6nhAOgWQwo1itlwHnQz","user_info_UID_jLKtbrB1V1dRD1QHAhwevYxVnHta","user_info_UID_AgHySDtRKqqo3wYuiOqwfpTQjKfk","user_info_UID_JAKoivK8LhMRNZ4hWIk6YFGXKa9u","user_info_UID_NNikwAIyX4nVsg5ShvytR5T73XAZ"]
24-07-12.19:20:19.589 [scheduling-1    ] INFO  GetNewData             - 定时任务扫描的keys:["user_info_UID_YRaZptE7mQpwqkV5XIr1hucsQ2Tx","user_info_UID_i2KXTMg5g6nhAOgWQwo1itlwHnQz","user_info_UID_jLKtbrB1V1dRD1QHAhwevYxVnHta","user_info_UID_AgHySDtRKqqo3wYuiOqwfpTQjKfk","user_info_UID_JAKoivK8LhMRNZ4hWIk6YFGXKa9u","user_info_UID_NNikwAIyX4nVsg5ShvytR5T73XAZ"]
24-07-12.19:20:22.576 [scheduling-1    ] INFO  GetNewData             - 定时任务扫描的keys:["user_info_UID_YRaZptE7mQpwqkV5XIr1hucsQ2Tx","user_info_UID_i2KXTMg5g6nhAOgWQwo1itlwHnQz","user_info_UID_jLKtbrB1V1dRD1QHAhwevYxVnHta","user_info_UID_AgHySDtRKqqo3wYuiOqwfpTQjKfk","user_info_UID_JAKoivK8LhMRNZ4hWIk6YFGXKa9u","user_info_UID_NNikwAIyX4nVsg5ShvytR5T73XAZ"]
24-07-12.19:20:25.618 [scheduling-1    ] INFO  GetNewData             - 定时任务扫描的keys:["user_info_UID_YRaZptE7mQpwqkV5XIr1hucsQ2Tx","user_info_UID_i2KXTMg5g6nhAOgWQwo1itlwHnQz","user_info_UID_jLKtbrB1V1dRD1QHAhwevYxVnHta","user_info_UID_AgHySDtRKqqo3wYuiOqwfpTQjKfk","user_info_UID_JAKoivK8LhMRNZ4hWIk6YFGXKa9u","user_info_UID_NNikwAIyX4nVsg5ShvytR5T73XAZ"]
24-07-12.19:20:28.608 [scheduling-1    ] INFO  GetNewData             - 定时任务扫描的keys:["user_info_UID_YRaZptE7mQpwqkV5XIr1hucsQ2Tx","user_info_UID_i2KXTMg5g6nhAOgWQwo1itlwHnQz","user_info_UID_jLKtbrB1V1dRD1QHAhwevYxVnHta","user_info_UID_AgHySDtRKqqo3wYuiOqwfpTQjKfk","user_info_UID_JAKoivK8LhMRNZ4hWIk6YFGXKa9u","user_info_UID_NNikwAIyX4nVsg5ShvytR5T73XAZ"]
24-07-12.19:20:31.575 [scheduling-1    ] INFO  GetNewData             - 定时任务扫描的keys:["user_info_UID_YRaZptE7mQpwqkV5XIr1hucsQ2Tx","user_info_UID_i2KXTMg5g6nhAOgWQwo1itlwHnQz","user_info_UID_jLKtbrB1V1dRD1QHAhwevYxVnHta","user_info_UID_AgHySDtRKqqo3wYuiOqwfpTQjKfk","user_info_UID_JAKoivK8LhMRNZ4hWIk6YFGXKa9u","user_info_UID_NNikwAIyX4nVsg5ShvytR5T73XAZ"]
24-07-12.19:20:34.607 [scheduling-1    ] INFO  GetNewData             - 定时任务扫描的keys:["user_info_UID_YRaZptE7mQpwqkV5XIr1hucsQ2Tx","user_info_UID_i2KXTMg5g6nhAOgWQwo1itlwHnQz","user_info_UID_jLKtbrB1V1dRD1QHAhwevYxVnHta","user_info_UID_AgHySDtRKqqo3wYuiOqwfpTQjKfk","user_info_UID_JAKoivK8LhMRNZ4hWIk6YFGXKa9u","user_info_UID_NNikwAIyX4nVsg5ShvytR5T73XAZ"]
24-07-12.19:20:37.673 [scheduling-1    ] INFO  GetNewData             - 定时任务扫描的keys:["user_info_UID_YRaZptE7mQpwqkV5XIr1hucsQ2Tx","user_info_UID_i2KXTMg5g6nhAOgWQwo1itlwHnQz","user_info_UID_jLKtbrB1V1dRD1QHAhwevYxVnHta","user_info_UID_AgHySDtRKqqo3wYuiOqwfpTQjKfk","user_info_UID_JAKoivK8LhMRNZ4hWIk6YFGXKa9u","user_info_UID_NNikwAIyX4nVsg5ShvytR5T73XAZ"]
24-07-12.19:20:40.602 [scheduling-1    ] INFO  GetNewData             - 定时任务扫描的keys:["user_info_UID_YRaZptE7mQpwqkV5XIr1hucsQ2Tx","user_info_UID_i2KXTMg5g6nhAOgWQwo1itlwHnQz","user_info_UID_jLKtbrB1V1dRD1QHAhwevYxVnHta","user_info_UID_AgHySDtRKqqo3wYuiOqwfpTQjKfk","user_info_UID_JAKoivK8LhMRNZ4hWIk6YFGXKa9u","user_info_UID_NNikwAIyX4nVsg5ShvytR5T73XAZ"]
24-07-12.19:20:43.578 [scheduling-1    ] INFO  GetNewData             - 定时任务扫描的keys:["user_info_UID_YRaZptE7mQpwqkV5XIr1hucsQ2Tx","user_info_UID_i2KXTMg5g6nhAOgWQwo1itlwHnQz","user_info_UID_jLKtbrB1V1dRD1QHAhwevYxVnHta","user_info_UID_AgHySDtRKqqo3wYuiOqwfpTQjKfk","user_info_UID_JAKoivK8LhMRNZ4hWIk6YFGXKa9u","user_info_UID_NNikwAIyX4nVsg5ShvytR5T73XAZ"]
24-07-12.19:20:46.611 [scheduling-1    ] INFO  GetNewData             - 定时任务扫描的keys:["user_info_UID_YRaZptE7mQpwqkV5XIr1hucsQ2Tx","user_info_UID_i2KXTMg5g6nhAOgWQwo1itlwHnQz","user_info_UID_jLKtbrB1V1dRD1QHAhwevYxVnHta","user_info_UID_AgHySDtRKqqo3wYuiOqwfpTQjKfk","user_info_UID_JAKoivK8LhMRNZ4hWIk6YFGXKa9u","user_info_UID_NNikwAIyX4nVsg5ShvytR5T73XAZ"]
24-07-12.19:20:49.603 [scheduling-1    ] INFO  GetNewData             - 定时任务扫描的keys:["user_info_UID_YRaZptE7mQpwqkV5XIr1hucsQ2Tx","user_info_UID_i2KXTMg5g6nhAOgWQwo1itlwHnQz","user_info_UID_jLKtbrB1V1dRD1QHAhwevYxVnHta","user_info_UID_AgHySDtRKqqo3wYuiOqwfpTQjKfk","user_info_UID_JAKoivK8LhMRNZ4hWIk6YFGXKa9u","user_info_UID_NNikwAIyX4nVsg5ShvytR5T73XAZ"]
24-07-12.19:20:52.605 [scheduling-1    ] INFO  GetNewData             - 定时任务扫描的keys:["user_info_UID_YRaZptE7mQpwqkV5XIr1hucsQ2Tx","user_info_UID_i2KXTMg5g6nhAOgWQwo1itlwHnQz","user_info_UID_jLKtbrB1V1dRD1QHAhwevYxVnHta","user_info_UID_AgHySDtRKqqo3wYuiOqwfpTQjKfk","user_info_UID_JAKoivK8LhMRNZ4hWIk6YFGXKa9u","user_info_UID_NNikwAIyX4nVsg5ShvytR5T73XAZ"]
24-07-12.19:20:55.595 [scheduling-1    ] INFO  GetNewData             - 定时任务扫描的keys:["user_info_UID_YRaZptE7mQpwqkV5XIr1hucsQ2Tx","user_info_UID_i2KXTMg5g6nhAOgWQwo1itlwHnQz","user_info_UID_jLKtbrB1V1dRD1QHAhwevYxVnHta","user_info_UID_AgHySDtRKqqo3wYuiOqwfpTQjKfk","user_info_UID_JAKoivK8LhMRNZ4hWIk6YFGXKa9u","user_info_UID_NNikwAIyX4nVsg5ShvytR5T73XAZ"]
24-07-12.19:20:58.579 [scheduling-1    ] INFO  GetNewData             - 定时任务扫描的keys:["user_info_UID_YRaZptE7mQpwqkV5XIr1hucsQ2Tx","user_info_UID_i2KXTMg5g6nhAOgWQwo1itlwHnQz","user_info_UID_jLKtbrB1V1dRD1QHAhwevYxVnHta","user_info_UID_AgHySDtRKqqo3wYuiOqwfpTQjKfk","user_info_UID_JAKoivK8LhMRNZ4hWIk6YFGXKa9u","user_info_UID_NNikwAIyX4nVsg5ShvytR5T73XAZ"]
24-07-12.19:21:01.611 [scheduling-1    ] INFO  GetNewData             - 定时任务扫描的keys:["user_info_UID_YRaZptE7mQpwqkV5XIr1hucsQ2Tx","user_info_UID_i2KXTMg5g6nhAOgWQwo1itlwHnQz","user_info_UID_jLKtbrB1V1dRD1QHAhwevYxVnHta","user_info_UID_AgHySDtRKqqo3wYuiOqwfpTQjKfk","user_info_UID_JAKoivK8LhMRNZ4hWIk6YFGXKa9u","user_info_UID_NNikwAIyX4nVsg5ShvytR5T73XAZ"]
24-07-12.19:21:04.577 [scheduling-1    ] INFO  GetNewData             - 定时任务扫描的keys:["user_info_UID_YRaZptE7mQpwqkV5XIr1hucsQ2Tx","user_info_UID_i2KXTMg5g6nhAOgWQwo1itlwHnQz","user_info_UID_jLKtbrB1V1dRD1QHAhwevYxVnHta","user_info_UID_AgHySDtRKqqo3wYuiOqwfpTQjKfk","user_info_UID_JAKoivK8LhMRNZ4hWIk6YFGXKa9u","user_info_UID_NNikwAIyX4nVsg5ShvytR5T73XAZ"]
24-07-12.19:21:07.597 [scheduling-1    ] INFO  GetNewData             - 定时任务扫描的keys:["user_info_UID_YRaZptE7mQpwqkV5XIr1hucsQ2Tx","user_info_UID_i2KXTMg5g6nhAOgWQwo1itlwHnQz","user_info_UID_jLKtbrB1V1dRD1QHAhwevYxVnHta","user_info_UID_AgHySDtRKqqo3wYuiOqwfpTQjKfk","user_info_UID_JAKoivK8LhMRNZ4hWIk6YFGXKa9u","user_info_UID_NNikwAIyX4nVsg5ShvytR5T73XAZ"]
24-07-12.19:21:10.610 [scheduling-1    ] INFO  GetNewData             - 定时任务扫描的keys:["user_info_UID_YRaZptE7mQpwqkV5XIr1hucsQ2Tx","user_info_UID_i2KXTMg5g6nhAOgWQwo1itlwHnQz","user_info_UID_jLKtbrB1V1dRD1QHAhwevYxVnHta","user_info_UID_AgHySDtRKqqo3wYuiOqwfpTQjKfk","user_info_UID_JAKoivK8LhMRNZ4hWIk6YFGXKa9u","user_info_UID_NNikwAIyX4nVsg5ShvytR5T73XAZ"]
24-07-12.19:21:13.580 [scheduling-1    ] INFO  GetNewData             - 定时任务扫描的keys:["user_info_UID_YRaZptE7mQpwqkV5XIr1hucsQ2Tx","user_info_UID_i2KXTMg5g6nhAOgWQwo1itlwHnQz","user_info_UID_jLKtbrB1V1dRD1QHAhwevYxVnHta","user_info_UID_AgHySDtRKqqo3wYuiOqwfpTQjKfk","user_info_UID_JAKoivK8LhMRNZ4hWIk6YFGXKa9u","user_info_UID_NNikwAIyX4nVsg5ShvytR5T73XAZ"]
24-07-12.19:21:16.580 [scheduling-1    ] INFO  GetNewData             - 定时任务扫描的keys:["user_info_UID_YRaZptE7mQpwqkV5XIr1hucsQ2Tx","user_info_UID_i2KXTMg5g6nhAOgWQwo1itlwHnQz","user_info_UID_jLKtbrB1V1dRD1QHAhwevYxVnHta","user_info_UID_AgHySDtRKqqo3wYuiOqwfpTQjKfk","user_info_UID_JAKoivK8LhMRNZ4hWIk6YFGXKa9u","user_info_UID_NNikwAIyX4nVsg5ShvytR5T73XAZ"]
24-07-12.19:21:19.582 [scheduling-1    ] INFO  GetNewData             - 定时任务扫描的keys:["user_info_UID_YRaZptE7mQpwqkV5XIr1hucsQ2Tx","user_info_UID_i2KXTMg5g6nhAOgWQwo1itlwHnQz","user_info_UID_jLKtbrB1V1dRD1QHAhwevYxVnHta","user_info_UID_AgHySDtRKqqo3wYuiOqwfpTQjKfk","user_info_UID_JAKoivK8LhMRNZ4hWIk6YFGXKa9u","user_info_UID_NNikwAIyX4nVsg5ShvytR5T73XAZ"]
24-07-12.19:21:22.596 [scheduling-1    ] INFO  GetNewData             - 定时任务扫描的keys:["user_info_UID_YRaZptE7mQpwqkV5XIr1hucsQ2Tx","user_info_UID_i2KXTMg5g6nhAOgWQwo1itlwHnQz","user_info_UID_jLKtbrB1V1dRD1QHAhwevYxVnHta","user_info_UID_AgHySDtRKqqo3wYuiOqwfpTQjKfk","user_info_UID_JAKoivK8LhMRNZ4hWIk6YFGXKa9u","user_info_UID_NNikwAIyX4nVsg5ShvytR5T73XAZ"]
24-07-12.19:21:25.571 [scheduling-1    ] INFO  GetNewData             - 定时任务扫描的keys:["user_info_UID_YRaZptE7mQpwqkV5XIr1hucsQ2Tx","user_info_UID_i2KXTMg5g6nhAOgWQwo1itlwHnQz","user_info_UID_jLKtbrB1V1dRD1QHAhwevYxVnHta","user_info_UID_AgHySDtRKqqo3wYuiOqwfpTQjKfk","user_info_UID_JAKoivK8LhMRNZ4hWIk6YFGXKa9u","user_info_UID_NNikwAIyX4nVsg5ShvytR5T73XAZ"]
24-07-12.19:21:28.591 [scheduling-1    ] INFO  GetNewData             - 定时任务扫描的keys:["user_info_UID_YRaZptE7mQpwqkV5XIr1hucsQ2Tx","user_info_UID_i2KXTMg5g6nhAOgWQwo1itlwHnQz","user_info_UID_jLKtbrB1V1dRD1QHAhwevYxVnHta","user_info_UID_AgHySDtRKqqo3wYuiOqwfpTQjKfk","user_info_UID_JAKoivK8LhMRNZ4hWIk6YFGXKa9u","user_info_UID_NNikwAIyX4nVsg5ShvytR5T73XAZ"]
24-07-12.19:21:31.609 [scheduling-1    ] INFO  GetNewData             - 定时任务扫描的keys:["user_info_UID_YRaZptE7mQpwqkV5XIr1hucsQ2Tx","user_info_UID_i2KXTMg5g6nhAOgWQwo1itlwHnQz","user_info_UID_jLKtbrB1V1dRD1QHAhwevYxVnHta","user_info_UID_AgHySDtRKqqo3wYuiOqwfpTQjKfk","user_info_UID_JAKoivK8LhMRNZ4hWIk6YFGXKa9u","user_info_UID_NNikwAIyX4nVsg5ShvytR5T73XAZ"]
24-07-12.19:21:34.599 [scheduling-1    ] INFO  GetNewData             - 定时任务扫描的keys:["user_info_UID_YRaZptE7mQpwqkV5XIr1hucsQ2Tx","user_info_UID_i2KXTMg5g6nhAOgWQwo1itlwHnQz","user_info_UID_jLKtbrB1V1dRD1QHAhwevYxVnHta","user_info_UID_AgHySDtRKqqo3wYuiOqwfpTQjKfk","user_info_UID_JAKoivK8LhMRNZ4hWIk6YFGXKa9u","user_info_UID_NNikwAIyX4nVsg5ShvytR5T73XAZ"]
24-07-12.19:21:37.604 [scheduling-1    ] INFO  GetNewData             - 定时任务扫描的keys:["user_info_UID_YRaZptE7mQpwqkV5XIr1hucsQ2Tx","user_info_UID_i2KXTMg5g6nhAOgWQwo1itlwHnQz","user_info_UID_jLKtbrB1V1dRD1QHAhwevYxVnHta","user_info_UID_AgHySDtRKqqo3wYuiOqwfpTQjKfk","user_info_UID_JAKoivK8LhMRNZ4hWIk6YFGXKa9u","user_info_UID_NNikwAIyX4nVsg5ShvytR5T73XAZ"]
24-07-12.19:21:40.618 [scheduling-1    ] INFO  GetNewData             - 定时任务扫描的keys:["user_info_UID_YRaZptE7mQpwqkV5XIr1hucsQ2Tx","user_info_UID_i2KXTMg5g6nhAOgWQwo1itlwHnQz","user_info_UID_jLKtbrB1V1dRD1QHAhwevYxVnHta","user_info_UID_AgHySDtRKqqo3wYuiOqwfpTQjKfk","user_info_UID_JAKoivK8LhMRNZ4hWIk6YFGXKa9u","user_info_UID_NNikwAIyX4nVsg5ShvytR5T73XAZ"]
24-07-12.19:21:43.600 [scheduling-1    ] INFO  GetNewData             - 定时任务扫描的keys:["user_info_UID_YRaZptE7mQpwqkV5XIr1hucsQ2Tx","user_info_UID_i2KXTMg5g6nhAOgWQwo1itlwHnQz","user_info_UID_jLKtbrB1V1dRD1QHAhwevYxVnHta","user_info_UID_AgHySDtRKqqo3wYuiOqwfpTQjKfk","user_info_UID_JAKoivK8LhMRNZ4hWIk6YFGXKa9u","user_info_UID_NNikwAIyX4nVsg5ShvytR5T73XAZ"]
24-07-12.19:21:46.585 [scheduling-1    ] INFO  GetNewData             - 定时任务扫描的keys:["user_info_UID_YRaZptE7mQpwqkV5XIr1hucsQ2Tx","user_info_UID_i2KXTMg5g6nhAOgWQwo1itlwHnQz","user_info_UID_jLKtbrB1V1dRD1QHAhwevYxVnHta","user_info_UID_AgHySDtRKqqo3wYuiOqwfpTQjKfk","user_info_UID_JAKoivK8LhMRNZ4hWIk6YFGXKa9u","user_info_UID_NNikwAIyX4nVsg5ShvytR5T73XAZ"]
24-07-12.19:21:49.583 [scheduling-1    ] INFO  GetNewData             - 定时任务扫描的keys:["user_info_UID_YRaZptE7mQpwqkV5XIr1hucsQ2Tx","user_info_UID_i2KXTMg5g6nhAOgWQwo1itlwHnQz","user_info_UID_jLKtbrB1V1dRD1QHAhwevYxVnHta","user_info_UID_AgHySDtRKqqo3wYuiOqwfpTQjKfk","user_info_UID_JAKoivK8LhMRNZ4hWIk6YFGXKa9u","user_info_UID_NNikwAIyX4nVsg5ShvytR5T73XAZ"]
24-07-12.19:21:52.598 [scheduling-1    ] INFO  GetNewData             - 定时任务扫描的keys:["user_info_UID_YRaZptE7mQpwqkV5XIr1hucsQ2Tx","user_info_UID_i2KXTMg5g6nhAOgWQwo1itlwHnQz","user_info_UID_jLKtbrB1V1dRD1QHAhwevYxVnHta","user_info_UID_AgHySDtRKqqo3wYuiOqwfpTQjKfk","user_info_UID_JAKoivK8LhMRNZ4hWIk6YFGXKa9u","user_info_UID_NNikwAIyX4nVsg5ShvytR5T73XAZ"]
24-07-12.19:21:55.675 [scheduling-1    ] INFO  GetNewData             - 定时任务扫描的keys:["user_info_UID_YRaZptE7mQpwqkV5XIr1hucsQ2Tx","user_info_UID_i2KXTMg5g6nhAOgWQwo1itlwHnQz","user_info_UID_jLKtbrB1V1dRD1QHAhwevYxVnHta","user_info_UID_AgHySDtRKqqo3wYuiOqwfpTQjKfk","user_info_UID_JAKoivK8LhMRNZ4hWIk6YFGXKa9u","user_info_UID_NNikwAIyX4nVsg5ShvytR5T73XAZ"]
24-07-12.19:21:58.607 [scheduling-1    ] INFO  GetNewData             - 定时任务扫描的keys:["user_info_UID_YRaZptE7mQpwqkV5XIr1hucsQ2Tx","user_info_UID_i2KXTMg5g6nhAOgWQwo1itlwHnQz","user_info_UID_jLKtbrB1V1dRD1QHAhwevYxVnHta","user_info_UID_AgHySDtRKqqo3wYuiOqwfpTQjKfk","user_info_UID_JAKoivK8LhMRNZ4hWIk6YFGXKa9u","user_info_UID_NNikwAIyX4nVsg5ShvytR5T73XAZ"]
24-07-12.19:22:01.598 [scheduling-1    ] INFO  GetNewData             - 定时任务扫描的keys:["user_info_UID_YRaZptE7mQpwqkV5XIr1hucsQ2Tx","user_info_UID_i2KXTMg5g6nhAOgWQwo1itlwHnQz","user_info_UID_jLKtbrB1V1dRD1QHAhwevYxVnHta","user_info_UID_AgHySDtRKqqo3wYuiOqwfpTQjKfk","user_info_UID_JAKoivK8LhMRNZ4hWIk6YFGXKa9u","user_info_UID_NNikwAIyX4nVsg5ShvytR5T73XAZ"]
24-07-12.19:22:04.601 [scheduling-1    ] INFO  GetNewData             - 定时任务扫描的keys:["user_info_UID_YRaZptE7mQpwqkV5XIr1hucsQ2Tx","user_info_UID_i2KXTMg5g6nhAOgWQwo1itlwHnQz","user_info_UID_jLKtbrB1V1dRD1QHAhwevYxVnHta","user_info_UID_AgHySDtRKqqo3wYuiOqwfpTQjKfk","user_info_UID_JAKoivK8LhMRNZ4hWIk6YFGXKa9u","user_info_UID_NNikwAIyX4nVsg5ShvytR5T73XAZ"]
24-07-12.19:22:07.579 [scheduling-1    ] INFO  GetNewData             - 定时任务扫描的keys:["user_info_UID_YRaZptE7mQpwqkV5XIr1hucsQ2Tx","user_info_UID_i2KXTMg5g6nhAOgWQwo1itlwHnQz","user_info_UID_jLKtbrB1V1dRD1QHAhwevYxVnHta","user_info_UID_AgHySDtRKqqo3wYuiOqwfpTQjKfk","user_info_UID_JAKoivK8LhMRNZ4hWIk6YFGXKa9u","user_info_UID_NNikwAIyX4nVsg5ShvytR5T73XAZ"]
24-07-12.19:22:10.592 [scheduling-1    ] INFO  GetNewData             - 定时任务扫描的keys:["user_info_UID_YRaZptE7mQpwqkV5XIr1hucsQ2Tx","user_info_UID_i2KXTMg5g6nhAOgWQwo1itlwHnQz","user_info_UID_jLKtbrB1V1dRD1QHAhwevYxVnHta","user_info_UID_AgHySDtRKqqo3wYuiOqwfpTQjKfk","user_info_UID_JAKoivK8LhMRNZ4hWIk6YFGXKa9u","user_info_UID_NNikwAIyX4nVsg5ShvytR5T73XAZ"]
24-07-12.19:22:13.578 [scheduling-1    ] INFO  GetNewData             - 定时任务扫描的keys:["user_info_UID_YRaZptE7mQpwqkV5XIr1hucsQ2Tx","user_info_UID_i2KXTMg5g6nhAOgWQwo1itlwHnQz","user_info_UID_jLKtbrB1V1dRD1QHAhwevYxVnHta","user_info_UID_AgHySDtRKqqo3wYuiOqwfpTQjKfk","user_info_UID_JAKoivK8LhMRNZ4hWIk6YFGXKa9u","user_info_UID_NNikwAIyX4nVsg5ShvytR5T73XAZ"]
24-07-12.19:22:16.579 [scheduling-1    ] INFO  GetNewData             - 定时任务扫描的keys:["user_info_UID_YRaZptE7mQpwqkV5XIr1hucsQ2Tx","user_info_UID_i2KXTMg5g6nhAOgWQwo1itlwHnQz","user_info_UID_jLKtbrB1V1dRD1QHAhwevYxVnHta","user_info_UID_AgHySDtRKqqo3wYuiOqwfpTQjKfk","user_info_UID_JAKoivK8LhMRNZ4hWIk6YFGXKa9u","user_info_UID_NNikwAIyX4nVsg5ShvytR5T73XAZ"]
24-07-12.19:22:19.603 [scheduling-1    ] INFO  GetNewData             - 定时任务扫描的keys:["user_info_UID_YRaZptE7mQpwqkV5XIr1hucsQ2Tx","user_info_UID_i2KXTMg5g6nhAOgWQwo1itlwHnQz","user_info_UID_jLKtbrB1V1dRD1QHAhwevYxVnHta","user_info_UID_AgHySDtRKqqo3wYuiOqwfpTQjKfk","user_info_UID_JAKoivK8LhMRNZ4hWIk6YFGXKa9u","user_info_UID_NNikwAIyX4nVsg5ShvytR5T73XAZ"]
24-07-12.19:22:22.598 [scheduling-1    ] INFO  GetNewData             - 定时任务扫描的keys:["user_info_UID_YRaZptE7mQpwqkV5XIr1hucsQ2Tx","user_info_UID_i2KXTMg5g6nhAOgWQwo1itlwHnQz","user_info_UID_jLKtbrB1V1dRD1QHAhwevYxVnHta","user_info_UID_AgHySDtRKqqo3wYuiOqwfpTQjKfk","user_info_UID_JAKoivK8LhMRNZ4hWIk6YFGXKa9u","user_info_UID_NNikwAIyX4nVsg5ShvytR5T73XAZ"]
24-07-12.19:22:25.679 [scheduling-1    ] INFO  GetNewData             - 定时任务扫描的keys:["user_info_UID_YRaZptE7mQpwqkV5XIr1hucsQ2Tx","user_info_UID_i2KXTMg5g6nhAOgWQwo1itlwHnQz","user_info_UID_jLKtbrB1V1dRD1QHAhwevYxVnHta","user_info_UID_AgHySDtRKqqo3wYuiOqwfpTQjKfk","user_info_UID_JAKoivK8LhMRNZ4hWIk6YFGXKa9u","user_info_UID_NNikwAIyX4nVsg5ShvytR5T73XAZ"]
24-07-12.19:22:28.593 [scheduling-1    ] INFO  GetNewData             - 定时任务扫描的keys:["user_info_UID_YRaZptE7mQpwqkV5XIr1hucsQ2Tx","user_info_UID_i2KXTMg5g6nhAOgWQwo1itlwHnQz","user_info_UID_jLKtbrB1V1dRD1QHAhwevYxVnHta","user_info_UID_AgHySDtRKqqo3wYuiOqwfpTQjKfk","user_info_UID_JAKoivK8LhMRNZ4hWIk6YFGXKa9u","user_info_UID_NNikwAIyX4nVsg5ShvytR5T73XAZ"]
24-07-12.19:22:31.595 [scheduling-1    ] INFO  GetNewData             - 定时任务扫描的keys:["user_info_UID_YRaZptE7mQpwqkV5XIr1hucsQ2Tx","user_info_UID_i2KXTMg5g6nhAOgWQwo1itlwHnQz","user_info_UID_jLKtbrB1V1dRD1QHAhwevYxVnHta","user_info_UID_AgHySDtRKqqo3wYuiOqwfpTQjKfk","user_info_UID_JAKoivK8LhMRNZ4hWIk6YFGXKa9u","user_info_UID_NNikwAIyX4nVsg5ShvytR5T73XAZ"]
24-07-12.19:22:34.576 [scheduling-1    ] INFO  GetNewData             - 定时任务扫描的keys:["user_info_UID_YRaZptE7mQpwqkV5XIr1hucsQ2Tx","user_info_UID_i2KXTMg5g6nhAOgWQwo1itlwHnQz","user_info_UID_jLKtbrB1V1dRD1QHAhwevYxVnHta","user_info_UID_AgHySDtRKqqo3wYuiOqwfpTQjKfk","user_info_UID_JAKoivK8LhMRNZ4hWIk6YFGXKa9u","user_info_UID_NNikwAIyX4nVsg5ShvytR5T73XAZ"]
24-07-12.19:22:37.603 [scheduling-1    ] INFO  GetNewData             - 定时任务扫描的keys:["user_info_UID_YRaZptE7mQpwqkV5XIr1hucsQ2Tx","user_info_UID_i2KXTMg5g6nhAOgWQwo1itlwHnQz","user_info_UID_jLKtbrB1V1dRD1QHAhwevYxVnHta","user_info_UID_AgHySDtRKqqo3wYuiOqwfpTQjKfk","user_info_UID_JAKoivK8LhMRNZ4hWIk6YFGXKa9u","user_info_UID_NNikwAIyX4nVsg5ShvytR5T73XAZ"]
24-07-12.19:22:40.612 [scheduling-1    ] INFO  GetNewData             - 定时任务扫描的keys:["user_info_UID_YRaZptE7mQpwqkV5XIr1hucsQ2Tx","user_info_UID_i2KXTMg5g6nhAOgWQwo1itlwHnQz","user_info_UID_jLKtbrB1V1dRD1QHAhwevYxVnHta","user_info_UID_AgHySDtRKqqo3wYuiOqwfpTQjKfk","user_info_UID_JAKoivK8LhMRNZ4hWIk6YFGXKa9u","user_info_UID_NNikwAIyX4nVsg5ShvytR5T73XAZ"]
24-07-12.19:22:43.607 [scheduling-1    ] INFO  GetNewData             - 定时任务扫描的keys:["user_info_UID_YRaZptE7mQpwqkV5XIr1hucsQ2Tx","user_info_UID_i2KXTMg5g6nhAOgWQwo1itlwHnQz","user_info_UID_jLKtbrB1V1dRD1QHAhwevYxVnHta","user_info_UID_AgHySDtRKqqo3wYuiOqwfpTQjKfk","user_info_UID_JAKoivK8LhMRNZ4hWIk6YFGXKa9u","user_info_UID_NNikwAIyX4nVsg5ShvytR5T73XAZ"]
24-07-12.19:22:46.645 [scheduling-1    ] INFO  GetNewData             - 定时任务扫描的keys:["user_info_UID_YRaZptE7mQpwqkV5XIr1hucsQ2Tx","user_info_UID_i2KXTMg5g6nhAOgWQwo1itlwHnQz","user_info_UID_jLKtbrB1V1dRD1QHAhwevYxVnHta","user_info_UID_AgHySDtRKqqo3wYuiOqwfpTQjKfk","user_info_UID_JAKoivK8LhMRNZ4hWIk6YFGXKa9u","user_info_UID_NNikwAIyX4nVsg5ShvytR5T73XAZ"]
24-07-12.19:22:49.594 [scheduling-1    ] INFO  GetNewData             - 定时任务扫描的keys:["user_info_UID_YRaZptE7mQpwqkV5XIr1hucsQ2Tx","user_info_UID_i2KXTMg5g6nhAOgWQwo1itlwHnQz","user_info_UID_jLKtbrB1V1dRD1QHAhwevYxVnHta","user_info_UID_AgHySDtRKqqo3wYuiOqwfpTQjKfk","user_info_UID_JAKoivK8LhMRNZ4hWIk6YFGXKa9u","user_info_UID_NNikwAIyX4nVsg5ShvytR5T73XAZ"]
24-07-12.19:22:52.583 [scheduling-1    ] INFO  GetNewData             - 定时任务扫描的keys:["user_info_UID_YRaZptE7mQpwqkV5XIr1hucsQ2Tx","user_info_UID_i2KXTMg5g6nhAOgWQwo1itlwHnQz","user_info_UID_jLKtbrB1V1dRD1QHAhwevYxVnHta","user_info_UID_AgHySDtRKqqo3wYuiOqwfpTQjKfk","user_info_UID_JAKoivK8LhMRNZ4hWIk6YFGXKa9u","user_info_UID_NNikwAIyX4nVsg5ShvytR5T73XAZ"]
24-07-12.19:22:55.583 [scheduling-1    ] INFO  GetNewData             - 定时任务扫描的keys:["user_info_UID_YRaZptE7mQpwqkV5XIr1hucsQ2Tx","user_info_UID_i2KXTMg5g6nhAOgWQwo1itlwHnQz","user_info_UID_jLKtbrB1V1dRD1QHAhwevYxVnHta","user_info_UID_AgHySDtRKqqo3wYuiOqwfpTQjKfk","user_info_UID_JAKoivK8LhMRNZ4hWIk6YFGXKa9u","user_info_UID_NNikwAIyX4nVsg5ShvytR5T73XAZ"]
24-07-12.19:22:58.601 [scheduling-1    ] INFO  GetNewData             - 定时任务扫描的keys:["user_info_UID_YRaZptE7mQpwqkV5XIr1hucsQ2Tx","user_info_UID_i2KXTMg5g6nhAOgWQwo1itlwHnQz","user_info_UID_jLKtbrB1V1dRD1QHAhwevYxVnHta","user_info_UID_AgHySDtRKqqo3wYuiOqwfpTQjKfk","user_info_UID_JAKoivK8LhMRNZ4hWIk6YFGXKa9u","user_info_UID_NNikwAIyX4nVsg5ShvytR5T73XAZ"]
24-07-12.19:23:01.608 [scheduling-1    ] INFO  GetNewData             - 定时任务扫描的keys:["user_info_UID_YRaZptE7mQpwqkV5XIr1hucsQ2Tx","user_info_UID_i2KXTMg5g6nhAOgWQwo1itlwHnQz","user_info_UID_jLKtbrB1V1dRD1QHAhwevYxVnHta","user_info_UID_AgHySDtRKqqo3wYuiOqwfpTQjKfk","user_info_UID_JAKoivK8LhMRNZ4hWIk6YFGXKa9u","user_info_UID_NNikwAIyX4nVsg5ShvytR5T73XAZ"]
24-07-12.19:23:04.606 [scheduling-1    ] INFO  GetNewData             - 定时任务扫描的keys:["user_info_UID_YRaZptE7mQpwqkV5XIr1hucsQ2Tx","user_info_UID_i2KXTMg5g6nhAOgWQwo1itlwHnQz","user_info_UID_jLKtbrB1V1dRD1QHAhwevYxVnHta","user_info_UID_AgHySDtRKqqo3wYuiOqwfpTQjKfk","user_info_UID_JAKoivK8LhMRNZ4hWIk6YFGXKa9u","user_info_UID_NNikwAIyX4nVsg5ShvytR5T73XAZ"]
24-07-12.19:23:07.598 [scheduling-1    ] INFO  GetNewData             - 定时任务扫描的keys:["user_info_UID_YRaZptE7mQpwqkV5XIr1hucsQ2Tx","user_info_UID_i2KXTMg5g6nhAOgWQwo1itlwHnQz","user_info_UID_jLKtbrB1V1dRD1QHAhwevYxVnHta","user_info_UID_AgHySDtRKqqo3wYuiOqwfpTQjKfk","user_info_UID_JAKoivK8LhMRNZ4hWIk6YFGXKa9u","user_info_UID_NNikwAIyX4nVsg5ShvytR5T73XAZ"]
24-07-12.19:23:10.616 [scheduling-1    ] INFO  GetNewData             - 定时任务扫描的keys:["user_info_UID_YRaZptE7mQpwqkV5XIr1hucsQ2Tx","user_info_UID_i2KXTMg5g6nhAOgWQwo1itlwHnQz","user_info_UID_jLKtbrB1V1dRD1QHAhwevYxVnHta","user_info_UID_AgHySDtRKqqo3wYuiOqwfpTQjKfk","user_info_UID_JAKoivK8LhMRNZ4hWIk6YFGXKa9u","user_info_UID_NNikwAIyX4nVsg5ShvytR5T73XAZ"]
24-07-12.19:23:13.574 [scheduling-1    ] INFO  GetNewData             - 定时任务扫描的keys:["user_info_UID_YRaZptE7mQpwqkV5XIr1hucsQ2Tx","user_info_UID_i2KXTMg5g6nhAOgWQwo1itlwHnQz","user_info_UID_jLKtbrB1V1dRD1QHAhwevYxVnHta","user_info_UID_AgHySDtRKqqo3wYuiOqwfpTQjKfk","user_info_UID_JAKoivK8LhMRNZ4hWIk6YFGXKa9u","user_info_UID_NNikwAIyX4nVsg5ShvytR5T73XAZ"]
24-07-12.19:23:16.617 [scheduling-1    ] INFO  GetNewData             - 定时任务扫描的keys:["user_info_UID_YRaZptE7mQpwqkV5XIr1hucsQ2Tx","user_info_UID_i2KXTMg5g6nhAOgWQwo1itlwHnQz","user_info_UID_jLKtbrB1V1dRD1QHAhwevYxVnHta","user_info_UID_AgHySDtRKqqo3wYuiOqwfpTQjKfk","user_info_UID_JAKoivK8LhMRNZ4hWIk6YFGXKa9u","user_info_UID_NNikwAIyX4nVsg5ShvytR5T73XAZ"]
24-07-12.19:23:19.579 [scheduling-1    ] INFO  GetNewData             - 定时任务扫描的keys:["user_info_UID_YRaZptE7mQpwqkV5XIr1hucsQ2Tx","user_info_UID_i2KXTMg5g6nhAOgWQwo1itlwHnQz","user_info_UID_jLKtbrB1V1dRD1QHAhwevYxVnHta","user_info_UID_AgHySDtRKqqo3wYuiOqwfpTQjKfk","user_info_UID_JAKoivK8LhMRNZ4hWIk6YFGXKa9u","user_info_UID_NNikwAIyX4nVsg5ShvytR5T73XAZ"]
24-07-12.19:23:22.575 [scheduling-1    ] INFO  GetNewData             - 定时任务扫描的keys:["user_info_UID_YRaZptE7mQpwqkV5XIr1hucsQ2Tx","user_info_UID_i2KXTMg5g6nhAOgWQwo1itlwHnQz","user_info_UID_jLKtbrB1V1dRD1QHAhwevYxVnHta","user_info_UID_AgHySDtRKqqo3wYuiOqwfpTQjKfk","user_info_UID_JAKoivK8LhMRNZ4hWIk6YFGXKa9u","user_info_UID_NNikwAIyX4nVsg5ShvytR5T73XAZ"]
24-07-12.19:23:25.574 [scheduling-1    ] INFO  GetNewData             - 定时任务扫描的keys:["user_info_UID_YRaZptE7mQpwqkV5XIr1hucsQ2Tx","user_info_UID_i2KXTMg5g6nhAOgWQwo1itlwHnQz","user_info_UID_jLKtbrB1V1dRD1QHAhwevYxVnHta","user_info_UID_AgHySDtRKqqo3wYuiOqwfpTQjKfk","user_info_UID_JAKoivK8LhMRNZ4hWIk6YFGXKa9u","user_info_UID_NNikwAIyX4nVsg5ShvytR5T73XAZ"]
24-07-12.19:23:28.579 [scheduling-1    ] INFO  GetNewData             - 定时任务扫描的keys:["user_info_UID_YRaZptE7mQpwqkV5XIr1hucsQ2Tx","user_info_UID_i2KXTMg5g6nhAOgWQwo1itlwHnQz","user_info_UID_jLKtbrB1V1dRD1QHAhwevYxVnHta","user_info_UID_AgHySDtRKqqo3wYuiOqwfpTQjKfk","user_info_UID_JAKoivK8LhMRNZ4hWIk6YFGXKa9u","user_info_UID_NNikwAIyX4nVsg5ShvytR5T73XAZ"]
24-07-12.19:23:31.578 [scheduling-1    ] INFO  GetNewData             - 定时任务扫描的keys:["user_info_UID_YRaZptE7mQpwqkV5XIr1hucsQ2Tx","user_info_UID_i2KXTMg5g6nhAOgWQwo1itlwHnQz","user_info_UID_jLKtbrB1V1dRD1QHAhwevYxVnHta","user_info_UID_AgHySDtRKqqo3wYuiOqwfpTQjKfk","user_info_UID_JAKoivK8LhMRNZ4hWIk6YFGXKa9u","user_info_UID_NNikwAIyX4nVsg5ShvytR5T73XAZ"]
24-07-12.19:23:34.583 [scheduling-1    ] INFO  GetNewData             - 定时任务扫描的keys:["user_info_UID_YRaZptE7mQpwqkV5XIr1hucsQ2Tx","user_info_UID_i2KXTMg5g6nhAOgWQwo1itlwHnQz","user_info_UID_jLKtbrB1V1dRD1QHAhwevYxVnHta","user_info_UID_AgHySDtRKqqo3wYuiOqwfpTQjKfk","user_info_UID_JAKoivK8LhMRNZ4hWIk6YFGXKa9u","user_info_UID_NNikwAIyX4nVsg5ShvytR5T73XAZ"]
24-07-12.19:23:37.600 [scheduling-1    ] INFO  GetNewData             - 定时任务扫描的keys:["user_info_UID_YRaZptE7mQpwqkV5XIr1hucsQ2Tx","user_info_UID_i2KXTMg5g6nhAOgWQwo1itlwHnQz","user_info_UID_jLKtbrB1V1dRD1QHAhwevYxVnHta","user_info_UID_AgHySDtRKqqo3wYuiOqwfpTQjKfk","user_info_UID_JAKoivK8LhMRNZ4hWIk6YFGXKa9u","user_info_UID_NNikwAIyX4nVsg5ShvytR5T73XAZ"]
24-07-12.19:23:40.582 [scheduling-1    ] INFO  GetNewData             - 定时任务扫描的keys:["user_info_UID_YRaZptE7mQpwqkV5XIr1hucsQ2Tx","user_info_UID_i2KXTMg5g6nhAOgWQwo1itlwHnQz","user_info_UID_jLKtbrB1V1dRD1QHAhwevYxVnHta","user_info_UID_AgHySDtRKqqo3wYuiOqwfpTQjKfk","user_info_UID_JAKoivK8LhMRNZ4hWIk6YFGXKa9u","user_info_UID_NNikwAIyX4nVsg5ShvytR5T73XAZ"]
24-07-12.19:23:43.586 [scheduling-1    ] INFO  GetNewData             - 定时任务扫描的keys:["user_info_UID_YRaZptE7mQpwqkV5XIr1hucsQ2Tx","user_info_UID_i2KXTMg5g6nhAOgWQwo1itlwHnQz","user_info_UID_jLKtbrB1V1dRD1QHAhwevYxVnHta","user_info_UID_AgHySDtRKqqo3wYuiOqwfpTQjKfk","user_info_UID_JAKoivK8LhMRNZ4hWIk6YFGXKa9u","user_info_UID_NNikwAIyX4nVsg5ShvytR5T73XAZ"]
24-07-12.19:23:46.626 [scheduling-1    ] INFO  GetNewData             - 定时任务扫描的keys:["user_info_UID_YRaZptE7mQpwqkV5XIr1hucsQ2Tx","user_info_UID_i2KXTMg5g6nhAOgWQwo1itlwHnQz","user_info_UID_jLKtbrB1V1dRD1QHAhwevYxVnHta","user_info_UID_AgHySDtRKqqo3wYuiOqwfpTQjKfk","user_info_UID_JAKoivK8LhMRNZ4hWIk6YFGXKa9u","user_info_UID_NNikwAIyX4nVsg5ShvytR5T73XAZ"]
24-07-12.19:23:49.584 [scheduling-1    ] INFO  GetNewData             - 定时任务扫描的keys:["user_info_UID_YRaZptE7mQpwqkV5XIr1hucsQ2Tx","user_info_UID_i2KXTMg5g6nhAOgWQwo1itlwHnQz","user_info_UID_jLKtbrB1V1dRD1QHAhwevYxVnHta","user_info_UID_AgHySDtRKqqo3wYuiOqwfpTQjKfk","user_info_UID_JAKoivK8LhMRNZ4hWIk6YFGXKa9u","user_info_UID_NNikwAIyX4nVsg5ShvytR5T73XAZ"]
24-07-12.19:23:52.579 [scheduling-1    ] INFO  GetNewData             - 定时任务扫描的keys:["user_info_UID_YRaZptE7mQpwqkV5XIr1hucsQ2Tx","user_info_UID_i2KXTMg5g6nhAOgWQwo1itlwHnQz","user_info_UID_jLKtbrB1V1dRD1QHAhwevYxVnHta","user_info_UID_AgHySDtRKqqo3wYuiOqwfpTQjKfk","user_info_UID_JAKoivK8LhMRNZ4hWIk6YFGXKa9u","user_info_UID_NNikwAIyX4nVsg5ShvytR5T73XAZ"]
24-07-12.19:23:55.694 [scheduling-1    ] INFO  GetNewData             - 定时任务扫描的keys:["user_info_UID_YRaZptE7mQpwqkV5XIr1hucsQ2Tx","user_info_UID_i2KXTMg5g6nhAOgWQwo1itlwHnQz","user_info_UID_jLKtbrB1V1dRD1QHAhwevYxVnHta","user_info_UID_AgHySDtRKqqo3wYuiOqwfpTQjKfk","user_info_UID_JAKoivK8LhMRNZ4hWIk6YFGXKa9u","user_info_UID_NNikwAIyX4nVsg5ShvytR5T73XAZ"]
24-07-12.19:23:58.582 [scheduling-1    ] INFO  GetNewData             - 定时任务扫描的keys:["user_info_UID_YRaZptE7mQpwqkV5XIr1hucsQ2Tx","user_info_UID_i2KXTMg5g6nhAOgWQwo1itlwHnQz","user_info_UID_jLKtbrB1V1dRD1QHAhwevYxVnHta","user_info_UID_AgHySDtRKqqo3wYuiOqwfpTQjKfk","user_info_UID_JAKoivK8LhMRNZ4hWIk6YFGXKa9u","user_info_UID_NNikwAIyX4nVsg5ShvytR5T73XAZ"]
24-07-12.19:24:01.576 [scheduling-1    ] INFO  GetNewData             - 定时任务扫描的keys:["user_info_UID_YRaZptE7mQpwqkV5XIr1hucsQ2Tx","user_info_UID_i2KXTMg5g6nhAOgWQwo1itlwHnQz","user_info_UID_jLKtbrB1V1dRD1QHAhwevYxVnHta","user_info_UID_AgHySDtRKqqo3wYuiOqwfpTQjKfk","user_info_UID_JAKoivK8LhMRNZ4hWIk6YFGXKa9u","user_info_UID_NNikwAIyX4nVsg5ShvytR5T73XAZ"]
24-07-12.19:24:04.582 [scheduling-1    ] INFO  GetNewData             - 定时任务扫描的keys:["user_info_UID_YRaZptE7mQpwqkV5XIr1hucsQ2Tx","user_info_UID_i2KXTMg5g6nhAOgWQwo1itlwHnQz","user_info_UID_jLKtbrB1V1dRD1QHAhwevYxVnHta","user_info_UID_AgHySDtRKqqo3wYuiOqwfpTQjKfk","user_info_UID_JAKoivK8LhMRNZ4hWIk6YFGXKa9u","user_info_UID_NNikwAIyX4nVsg5ShvytR5T73XAZ"]
24-07-12.19:24:07.608 [scheduling-1    ] INFO  GetNewData             - 定时任务扫描的keys:["user_info_UID_YRaZptE7mQpwqkV5XIr1hucsQ2Tx","user_info_UID_i2KXTMg5g6nhAOgWQwo1itlwHnQz","user_info_UID_jLKtbrB1V1dRD1QHAhwevYxVnHta","user_info_UID_AgHySDtRKqqo3wYuiOqwfpTQjKfk","user_info_UID_JAKoivK8LhMRNZ4hWIk6YFGXKa9u","user_info_UID_NNikwAIyX4nVsg5ShvytR5T73XAZ"]
24-07-12.19:24:10.602 [scheduling-1    ] INFO  GetNewData             - 定时任务扫描的keys:["user_info_UID_YRaZptE7mQpwqkV5XIr1hucsQ2Tx","user_info_UID_i2KXTMg5g6nhAOgWQwo1itlwHnQz","user_info_UID_jLKtbrB1V1dRD1QHAhwevYxVnHta","user_info_UID_AgHySDtRKqqo3wYuiOqwfpTQjKfk","user_info_UID_JAKoivK8LhMRNZ4hWIk6YFGXKa9u","user_info_UID_NNikwAIyX4nVsg5ShvytR5T73XAZ"]
24-07-12.19:24:13.589 [scheduling-1    ] INFO  GetNewData             - 定时任务扫描的keys:["user_info_UID_YRaZptE7mQpwqkV5XIr1hucsQ2Tx","user_info_UID_i2KXTMg5g6nhAOgWQwo1itlwHnQz","user_info_UID_jLKtbrB1V1dRD1QHAhwevYxVnHta","user_info_UID_AgHySDtRKqqo3wYuiOqwfpTQjKfk","user_info_UID_JAKoivK8LhMRNZ4hWIk6YFGXKa9u","user_info_UID_NNikwAIyX4nVsg5ShvytR5T73XAZ"]
24-07-12.19:24:16.605 [scheduling-1    ] INFO  GetNewData             - 定时任务扫描的keys:["user_info_UID_YRaZptE7mQpwqkV5XIr1hucsQ2Tx","user_info_UID_i2KXTMg5g6nhAOgWQwo1itlwHnQz","user_info_UID_jLKtbrB1V1dRD1QHAhwevYxVnHta","user_info_UID_AgHySDtRKqqo3wYuiOqwfpTQjKfk","user_info_UID_JAKoivK8LhMRNZ4hWIk6YFGXKa9u","user_info_UID_NNikwAIyX4nVsg5ShvytR5T73XAZ"]
24-07-12.19:24:19.597 [scheduling-1    ] INFO  GetNewData             - 定时任务扫描的keys:["user_info_UID_YRaZptE7mQpwqkV5XIr1hucsQ2Tx","user_info_UID_i2KXTMg5g6nhAOgWQwo1itlwHnQz","user_info_UID_jLKtbrB1V1dRD1QHAhwevYxVnHta","user_info_UID_AgHySDtRKqqo3wYuiOqwfpTQjKfk","user_info_UID_JAKoivK8LhMRNZ4hWIk6YFGXKa9u","user_info_UID_NNikwAIyX4nVsg5ShvytR5T73XAZ"]
24-07-12.19:24:22.606 [scheduling-1    ] INFO  GetNewData             - 定时任务扫描的keys:["user_info_UID_YRaZptE7mQpwqkV5XIr1hucsQ2Tx","user_info_UID_i2KXTMg5g6nhAOgWQwo1itlwHnQz","user_info_UID_jLKtbrB1V1dRD1QHAhwevYxVnHta","user_info_UID_AgHySDtRKqqo3wYuiOqwfpTQjKfk","user_info_UID_JAKoivK8LhMRNZ4hWIk6YFGXKa9u","user_info_UID_NNikwAIyX4nVsg5ShvytR5T73XAZ"]
24-07-12.19:24:25.613 [scheduling-1    ] INFO  GetNewData             - 定时任务扫描的keys:["user_info_UID_YRaZptE7mQpwqkV5XIr1hucsQ2Tx","user_info_UID_i2KXTMg5g6nhAOgWQwo1itlwHnQz","user_info_UID_jLKtbrB1V1dRD1QHAhwevYxVnHta","user_info_UID_AgHySDtRKqqo3wYuiOqwfpTQjKfk","user_info_UID_JAKoivK8LhMRNZ4hWIk6YFGXKa9u","user_info_UID_NNikwAIyX4nVsg5ShvytR5T73XAZ"]
24-07-12.19:24:28.591 [scheduling-1    ] INFO  GetNewData             - 定时任务扫描的keys:["user_info_UID_YRaZptE7mQpwqkV5XIr1hucsQ2Tx","user_info_UID_i2KXTMg5g6nhAOgWQwo1itlwHnQz","user_info_UID_jLKtbrB1V1dRD1QHAhwevYxVnHta","user_info_UID_AgHySDtRKqqo3wYuiOqwfpTQjKfk","user_info_UID_JAKoivK8LhMRNZ4hWIk6YFGXKa9u","user_info_UID_NNikwAIyX4nVsg5ShvytR5T73XAZ"]
24-07-12.19:24:31.615 [scheduling-1    ] INFO  GetNewData             - 定时任务扫描的keys:["user_info_UID_YRaZptE7mQpwqkV5XIr1hucsQ2Tx","user_info_UID_i2KXTMg5g6nhAOgWQwo1itlwHnQz","user_info_UID_jLKtbrB1V1dRD1QHAhwevYxVnHta","user_info_UID_AgHySDtRKqqo3wYuiOqwfpTQjKfk","user_info_UID_JAKoivK8LhMRNZ4hWIk6YFGXKa9u","user_info_UID_NNikwAIyX4nVsg5ShvytR5T73XAZ"]
24-07-12.19:24:34.582 [scheduling-1    ] INFO  GetNewData             - 定时任务扫描的keys:["user_info_UID_YRaZptE7mQpwqkV5XIr1hucsQ2Tx","user_info_UID_i2KXTMg5g6nhAOgWQwo1itlwHnQz","user_info_UID_jLKtbrB1V1dRD1QHAhwevYxVnHta","user_info_UID_AgHySDtRKqqo3wYuiOqwfpTQjKfk","user_info_UID_JAKoivK8LhMRNZ4hWIk6YFGXKa9u","user_info_UID_NNikwAIyX4nVsg5ShvytR5T73XAZ"]
24-07-12.19:24:37.591 [scheduling-1    ] INFO  GetNewData             - 定时任务扫描的keys:["user_info_UID_YRaZptE7mQpwqkV5XIr1hucsQ2Tx","user_info_UID_i2KXTMg5g6nhAOgWQwo1itlwHnQz","user_info_UID_jLKtbrB1V1dRD1QHAhwevYxVnHta","user_info_UID_AgHySDtRKqqo3wYuiOqwfpTQjKfk","user_info_UID_JAKoivK8LhMRNZ4hWIk6YFGXKa9u","user_info_UID_NNikwAIyX4nVsg5ShvytR5T73XAZ"]
24-07-12.19:24:40.576 [scheduling-1    ] INFO  GetNewData             - 定时任务扫描的keys:["user_info_UID_YRaZptE7mQpwqkV5XIr1hucsQ2Tx","user_info_UID_i2KXTMg5g6nhAOgWQwo1itlwHnQz","user_info_UID_jLKtbrB1V1dRD1QHAhwevYxVnHta","user_info_UID_AgHySDtRKqqo3wYuiOqwfpTQjKfk","user_info_UID_JAKoivK8LhMRNZ4hWIk6YFGXKa9u","user_info_UID_NNikwAIyX4nVsg5ShvytR5T73XAZ"]
24-07-12.19:24:43.592 [scheduling-1    ] INFO  GetNewData             - 定时任务扫描的keys:["user_info_UID_YRaZptE7mQpwqkV5XIr1hucsQ2Tx","user_info_UID_i2KXTMg5g6nhAOgWQwo1itlwHnQz","user_info_UID_jLKtbrB1V1dRD1QHAhwevYxVnHta","user_info_UID_AgHySDtRKqqo3wYuiOqwfpTQjKfk","user_info_UID_JAKoivK8LhMRNZ4hWIk6YFGXKa9u","user_info_UID_NNikwAIyX4nVsg5ShvytR5T73XAZ"]
24-07-12.19:24:46.583 [scheduling-1    ] INFO  GetNewData             - 定时任务扫描的keys:["user_info_UID_YRaZptE7mQpwqkV5XIr1hucsQ2Tx","user_info_UID_i2KXTMg5g6nhAOgWQwo1itlwHnQz","user_info_UID_jLKtbrB1V1dRD1QHAhwevYxVnHta","user_info_UID_AgHySDtRKqqo3wYuiOqwfpTQjKfk","user_info_UID_JAKoivK8LhMRNZ4hWIk6YFGXKa9u","user_info_UID_NNikwAIyX4nVsg5ShvytR5T73XAZ"]
24-07-12.19:24:49.599 [scheduling-1    ] INFO  GetNewData             - 定时任务扫描的keys:["user_info_UID_YRaZptE7mQpwqkV5XIr1hucsQ2Tx","user_info_UID_i2KXTMg5g6nhAOgWQwo1itlwHnQz","user_info_UID_jLKtbrB1V1dRD1QHAhwevYxVnHta","user_info_UID_AgHySDtRKqqo3wYuiOqwfpTQjKfk","user_info_UID_JAKoivK8LhMRNZ4hWIk6YFGXKa9u","user_info_UID_NNikwAIyX4nVsg5ShvytR5T73XAZ"]
24-07-12.19:24:52.608 [scheduling-1    ] INFO  GetNewData             - 定时任务扫描的keys:["user_info_UID_YRaZptE7mQpwqkV5XIr1hucsQ2Tx","user_info_UID_i2KXTMg5g6nhAOgWQwo1itlwHnQz","user_info_UID_jLKtbrB1V1dRD1QHAhwevYxVnHta","user_info_UID_AgHySDtRKqqo3wYuiOqwfpTQjKfk","user_info_UID_JAKoivK8LhMRNZ4hWIk6YFGXKa9u","user_info_UID_NNikwAIyX4nVsg5ShvytR5T73XAZ"]
24-07-12.19:24:55.590 [scheduling-1    ] INFO  GetNewData             - 定时任务扫描的keys:["user_info_UID_YRaZptE7mQpwqkV5XIr1hucsQ2Tx","user_info_UID_i2KXTMg5g6nhAOgWQwo1itlwHnQz","user_info_UID_jLKtbrB1V1dRD1QHAhwevYxVnHta","user_info_UID_AgHySDtRKqqo3wYuiOqwfpTQjKfk","user_info_UID_JAKoivK8LhMRNZ4hWIk6YFGXKa9u","user_info_UID_NNikwAIyX4nVsg5ShvytR5T73XAZ"]
24-07-12.19:24:58.583 [scheduling-1    ] INFO  GetNewData             - 定时任务扫描的keys:["user_info_UID_YRaZptE7mQpwqkV5XIr1hucsQ2Tx","user_info_UID_i2KXTMg5g6nhAOgWQwo1itlwHnQz","user_info_UID_jLKtbrB1V1dRD1QHAhwevYxVnHta","user_info_UID_AgHySDtRKqqo3wYuiOqwfpTQjKfk","user_info_UID_JAKoivK8LhMRNZ4hWIk6YFGXKa9u","user_info_UID_NNikwAIyX4nVsg5ShvytR5T73XAZ"]
24-07-12.19:25:01.594 [scheduling-1    ] INFO  GetNewData             - 定时任务扫描的keys:["user_info_UID_YRaZptE7mQpwqkV5XIr1hucsQ2Tx","user_info_UID_i2KXTMg5g6nhAOgWQwo1itlwHnQz","user_info_UID_jLKtbrB1V1dRD1QHAhwevYxVnHta","user_info_UID_AgHySDtRKqqo3wYuiOqwfpTQjKfk","user_info_UID_JAKoivK8LhMRNZ4hWIk6YFGXKa9u","user_info_UID_NNikwAIyX4nVsg5ShvytR5T73XAZ"]
24-07-12.19:25:04.577 [scheduling-1    ] INFO  GetNewData             - 定时任务扫描的keys:["user_info_UID_YRaZptE7mQpwqkV5XIr1hucsQ2Tx","user_info_UID_i2KXTMg5g6nhAOgWQwo1itlwHnQz","user_info_UID_jLKtbrB1V1dRD1QHAhwevYxVnHta","user_info_UID_AgHySDtRKqqo3wYuiOqwfpTQjKfk","user_info_UID_JAKoivK8LhMRNZ4hWIk6YFGXKa9u","user_info_UID_NNikwAIyX4nVsg5ShvytR5T73XAZ"]
24-07-12.19:25:07.583 [scheduling-1    ] INFO  GetNewData             - 定时任务扫描的keys:["user_info_UID_YRaZptE7mQpwqkV5XIr1hucsQ2Tx","user_info_UID_i2KXTMg5g6nhAOgWQwo1itlwHnQz","user_info_UID_jLKtbrB1V1dRD1QHAhwevYxVnHta","user_info_UID_AgHySDtRKqqo3wYuiOqwfpTQjKfk","user_info_UID_JAKoivK8LhMRNZ4hWIk6YFGXKa9u","user_info_UID_NNikwAIyX4nVsg5ShvytR5T73XAZ"]
24-07-12.19:25:10.643 [scheduling-1    ] INFO  GetNewData             - 定时任务扫描的keys:["user_info_UID_YRaZptE7mQpwqkV5XIr1hucsQ2Tx","user_info_UID_i2KXTMg5g6nhAOgWQwo1itlwHnQz","user_info_UID_jLKtbrB1V1dRD1QHAhwevYxVnHta","user_info_UID_AgHySDtRKqqo3wYuiOqwfpTQjKfk","user_info_UID_JAKoivK8LhMRNZ4hWIk6YFGXKa9u","user_info_UID_NNikwAIyX4nVsg5ShvytR5T73XAZ"]
24-07-12.19:25:13.582 [scheduling-1    ] INFO  GetNewData             - 定时任务扫描的keys:["user_info_UID_YRaZptE7mQpwqkV5XIr1hucsQ2Tx","user_info_UID_i2KXTMg5g6nhAOgWQwo1itlwHnQz","user_info_UID_jLKtbrB1V1dRD1QHAhwevYxVnHta","user_info_UID_AgHySDtRKqqo3wYuiOqwfpTQjKfk","user_info_UID_JAKoivK8LhMRNZ4hWIk6YFGXKa9u","user_info_UID_NNikwAIyX4nVsg5ShvytR5T73XAZ"]
24-07-12.19:25:16.600 [scheduling-1    ] INFO  GetNewData             - 定时任务扫描的keys:["user_info_UID_YRaZptE7mQpwqkV5XIr1hucsQ2Tx","user_info_UID_i2KXTMg5g6nhAOgWQwo1itlwHnQz","user_info_UID_jLKtbrB1V1dRD1QHAhwevYxVnHta","user_info_UID_AgHySDtRKqqo3wYuiOqwfpTQjKfk","user_info_UID_JAKoivK8LhMRNZ4hWIk6YFGXKa9u","user_info_UID_NNikwAIyX4nVsg5ShvytR5T73XAZ"]
24-07-12.19:25:19.566 [scheduling-1    ] INFO  GetNewData             - 定时任务扫描的keys:["user_info_UID_YRaZptE7mQpwqkV5XIr1hucsQ2Tx","user_info_UID_i2KXTMg5g6nhAOgWQwo1itlwHnQz","user_info_UID_jLKtbrB1V1dRD1QHAhwevYxVnHta","user_info_UID_AgHySDtRKqqo3wYuiOqwfpTQjKfk","user_info_UID_JAKoivK8LhMRNZ4hWIk6YFGXKa9u","user_info_UID_NNikwAIyX4nVsg5ShvytR5T73XAZ"]
24-07-12.19:25:22.594 [scheduling-1    ] INFO  GetNewData             - 定时任务扫描的keys:["user_info_UID_YRaZptE7mQpwqkV5XIr1hucsQ2Tx","user_info_UID_i2KXTMg5g6nhAOgWQwo1itlwHnQz","user_info_UID_jLKtbrB1V1dRD1QHAhwevYxVnHta","user_info_UID_AgHySDtRKqqo3wYuiOqwfpTQjKfk","user_info_UID_JAKoivK8LhMRNZ4hWIk6YFGXKa9u","user_info_UID_NNikwAIyX4nVsg5ShvytR5T73XAZ"]
24-07-12.19:25:25.674 [scheduling-1    ] INFO  GetNewData             - 定时任务扫描的keys:["user_info_UID_YRaZptE7mQpwqkV5XIr1hucsQ2Tx","user_info_UID_i2KXTMg5g6nhAOgWQwo1itlwHnQz","user_info_UID_jLKtbrB1V1dRD1QHAhwevYxVnHta","user_info_UID_AgHySDtRKqqo3wYuiOqwfpTQjKfk","user_info_UID_JAKoivK8LhMRNZ4hWIk6YFGXKa9u","user_info_UID_NNikwAIyX4nVsg5ShvytR5T73XAZ"]
24-07-12.19:25:28.582 [scheduling-1    ] INFO  GetNewData             - 定时任务扫描的keys:["user_info_UID_YRaZptE7mQpwqkV5XIr1hucsQ2Tx","user_info_UID_i2KXTMg5g6nhAOgWQwo1itlwHnQz","user_info_UID_jLKtbrB1V1dRD1QHAhwevYxVnHta","user_info_UID_AgHySDtRKqqo3wYuiOqwfpTQjKfk","user_info_UID_JAKoivK8LhMRNZ4hWIk6YFGXKa9u","user_info_UID_NNikwAIyX4nVsg5ShvytR5T73XAZ"]
24-07-12.19:25:31.602 [scheduling-1    ] INFO  GetNewData             - 定时任务扫描的keys:["user_info_UID_YRaZptE7mQpwqkV5XIr1hucsQ2Tx","user_info_UID_i2KXTMg5g6nhAOgWQwo1itlwHnQz","user_info_UID_jLKtbrB1V1dRD1QHAhwevYxVnHta","user_info_UID_AgHySDtRKqqo3wYuiOqwfpTQjKfk","user_info_UID_JAKoivK8LhMRNZ4hWIk6YFGXKa9u","user_info_UID_NNikwAIyX4nVsg5ShvytR5T73XAZ"]
24-07-12.19:25:34.620 [scheduling-1    ] INFO  GetNewData             - 定时任务扫描的keys:["user_info_UID_YRaZptE7mQpwqkV5XIr1hucsQ2Tx","user_info_UID_i2KXTMg5g6nhAOgWQwo1itlwHnQz","user_info_UID_jLKtbrB1V1dRD1QHAhwevYxVnHta","user_info_UID_AgHySDtRKqqo3wYuiOqwfpTQjKfk","user_info_UID_JAKoivK8LhMRNZ4hWIk6YFGXKa9u","user_info_UID_NNikwAIyX4nVsg5ShvytR5T73XAZ"]
24-07-12.19:25:37.582 [scheduling-1    ] INFO  GetNewData             - 定时任务扫描的keys:["user_info_UID_YRaZptE7mQpwqkV5XIr1hucsQ2Tx","user_info_UID_i2KXTMg5g6nhAOgWQwo1itlwHnQz","user_info_UID_jLKtbrB1V1dRD1QHAhwevYxVnHta","user_info_UID_AgHySDtRKqqo3wYuiOqwfpTQjKfk","user_info_UID_JAKoivK8LhMRNZ4hWIk6YFGXKa9u","user_info_UID_NNikwAIyX4nVsg5ShvytR5T73XAZ"]
24-07-12.19:25:40.599 [scheduling-1    ] INFO  GetNewData             - 定时任务扫描的keys:["user_info_UID_YRaZptE7mQpwqkV5XIr1hucsQ2Tx","user_info_UID_i2KXTMg5g6nhAOgWQwo1itlwHnQz","user_info_UID_jLKtbrB1V1dRD1QHAhwevYxVnHta","user_info_UID_AgHySDtRKqqo3wYuiOqwfpTQjKfk","user_info_UID_JAKoivK8LhMRNZ4hWIk6YFGXKa9u","user_info_UID_NNikwAIyX4nVsg5ShvytR5T73XAZ"]
24-07-12.19:25:43.593 [scheduling-1    ] INFO  GetNewData             - 定时任务扫描的keys:["user_info_UID_YRaZptE7mQpwqkV5XIr1hucsQ2Tx","user_info_UID_i2KXTMg5g6nhAOgWQwo1itlwHnQz","user_info_UID_jLKtbrB1V1dRD1QHAhwevYxVnHta","user_info_UID_AgHySDtRKqqo3wYuiOqwfpTQjKfk","user_info_UID_JAKoivK8LhMRNZ4hWIk6YFGXKa9u","user_info_UID_NNikwAIyX4nVsg5ShvytR5T73XAZ"]
24-07-12.19:25:46.604 [scheduling-1    ] INFO  GetNewData             - 定时任务扫描的keys:["user_info_UID_YRaZptE7mQpwqkV5XIr1hucsQ2Tx","user_info_UID_i2KXTMg5g6nhAOgWQwo1itlwHnQz","user_info_UID_jLKtbrB1V1dRD1QHAhwevYxVnHta","user_info_UID_AgHySDtRKqqo3wYuiOqwfpTQjKfk","user_info_UID_JAKoivK8LhMRNZ4hWIk6YFGXKa9u","user_info_UID_NNikwAIyX4nVsg5ShvytR5T73XAZ"]
24-07-12.19:25:49.601 [scheduling-1    ] INFO  GetNewData             - 定时任务扫描的keys:["user_info_UID_YRaZptE7mQpwqkV5XIr1hucsQ2Tx","user_info_UID_i2KXTMg5g6nhAOgWQwo1itlwHnQz","user_info_UID_jLKtbrB1V1dRD1QHAhwevYxVnHta","user_info_UID_AgHySDtRKqqo3wYuiOqwfpTQjKfk","user_info_UID_JAKoivK8LhMRNZ4hWIk6YFGXKa9u","user_info_UID_NNikwAIyX4nVsg5ShvytR5T73XAZ"]
24-07-12.19:25:52.603 [scheduling-1    ] INFO  GetNewData             - 定时任务扫描的keys:["user_info_UID_YRaZptE7mQpwqkV5XIr1hucsQ2Tx","user_info_UID_i2KXTMg5g6nhAOgWQwo1itlwHnQz","user_info_UID_jLKtbrB1V1dRD1QHAhwevYxVnHta","user_info_UID_AgHySDtRKqqo3wYuiOqwfpTQjKfk","user_info_UID_JAKoivK8LhMRNZ4hWIk6YFGXKa9u","user_info_UID_NNikwAIyX4nVsg5ShvytR5T73XAZ"]
24-07-12.19:25:55.638 [scheduling-1    ] INFO  GetNewData             - 定时任务扫描的keys:["user_info_UID_YRaZptE7mQpwqkV5XIr1hucsQ2Tx","user_info_UID_i2KXTMg5g6nhAOgWQwo1itlwHnQz","user_info_UID_jLKtbrB1V1dRD1QHAhwevYxVnHta","user_info_UID_AgHySDtRKqqo3wYuiOqwfpTQjKfk","user_info_UID_JAKoivK8LhMRNZ4hWIk6YFGXKa9u","user_info_UID_NNikwAIyX4nVsg5ShvytR5T73XAZ"]
24-07-12.19:25:58.724 [scheduling-1    ] INFO  GetNewData             - 定时任务扫描的keys:["user_info_UID_YRaZptE7mQpwqkV5XIr1hucsQ2Tx","user_info_UID_i2KXTMg5g6nhAOgWQwo1itlwHnQz","user_info_UID_jLKtbrB1V1dRD1QHAhwevYxVnHta","user_info_UID_AgHySDtRKqqo3wYuiOqwfpTQjKfk","user_info_UID_JAKoivK8LhMRNZ4hWIk6YFGXKa9u","user_info_UID_NNikwAIyX4nVsg5ShvytR5T73XAZ"]
24-07-12.19:26:01.607 [scheduling-1    ] INFO  GetNewData             - 定时任务扫描的keys:["user_info_UID_YRaZptE7mQpwqkV5XIr1hucsQ2Tx","user_info_UID_i2KXTMg5g6nhAOgWQwo1itlwHnQz","user_info_UID_jLKtbrB1V1dRD1QHAhwevYxVnHta","user_info_UID_AgHySDtRKqqo3wYuiOqwfpTQjKfk","user_info_UID_JAKoivK8LhMRNZ4hWIk6YFGXKa9u","user_info_UID_NNikwAIyX4nVsg5ShvytR5T73XAZ"]
24-07-12.19:26:04.596 [scheduling-1    ] INFO  GetNewData             - 定时任务扫描的keys:["user_info_UID_YRaZptE7mQpwqkV5XIr1hucsQ2Tx","user_info_UID_i2KXTMg5g6nhAOgWQwo1itlwHnQz","user_info_UID_jLKtbrB1V1dRD1QHAhwevYxVnHta","user_info_UID_AgHySDtRKqqo3wYuiOqwfpTQjKfk","user_info_UID_JAKoivK8LhMRNZ4hWIk6YFGXKa9u","user_info_UID_NNikwAIyX4nVsg5ShvytR5T73XAZ"]
24-07-12.19:26:07.599 [scheduling-1    ] INFO  GetNewData             - 定时任务扫描的keys:["user_info_UID_YRaZptE7mQpwqkV5XIr1hucsQ2Tx","user_info_UID_i2KXTMg5g6nhAOgWQwo1itlwHnQz","user_info_UID_jLKtbrB1V1dRD1QHAhwevYxVnHta","user_info_UID_AgHySDtRKqqo3wYuiOqwfpTQjKfk","user_info_UID_JAKoivK8LhMRNZ4hWIk6YFGXKa9u","user_info_UID_NNikwAIyX4nVsg5ShvytR5T73XAZ"]
24-07-12.19:26:10.574 [scheduling-1    ] INFO  GetNewData             - 定时任务扫描的keys:["user_info_UID_YRaZptE7mQpwqkV5XIr1hucsQ2Tx","user_info_UID_i2KXTMg5g6nhAOgWQwo1itlwHnQz","user_info_UID_jLKtbrB1V1dRD1QHAhwevYxVnHta","user_info_UID_AgHySDtRKqqo3wYuiOqwfpTQjKfk","user_info_UID_JAKoivK8LhMRNZ4hWIk6YFGXKa9u","user_info_UID_NNikwAIyX4nVsg5ShvytR5T73XAZ"]
24-07-12.19:26:13.604 [scheduling-1    ] INFO  GetNewData             - 定时任务扫描的keys:["user_info_UID_YRaZptE7mQpwqkV5XIr1hucsQ2Tx","user_info_UID_i2KXTMg5g6nhAOgWQwo1itlwHnQz","user_info_UID_jLKtbrB1V1dRD1QHAhwevYxVnHta","user_info_UID_AgHySDtRKqqo3wYuiOqwfpTQjKfk","user_info_UID_JAKoivK8LhMRNZ4hWIk6YFGXKa9u","user_info_UID_NNikwAIyX4nVsg5ShvytR5T73XAZ"]
24-07-12.19:26:16.605 [scheduling-1    ] INFO  GetNewData             - 定时任务扫描的keys:["user_info_UID_YRaZptE7mQpwqkV5XIr1hucsQ2Tx","user_info_UID_i2KXTMg5g6nhAOgWQwo1itlwHnQz","user_info_UID_jLKtbrB1V1dRD1QHAhwevYxVnHta","user_info_UID_AgHySDtRKqqo3wYuiOqwfpTQjKfk","user_info_UID_JAKoivK8LhMRNZ4hWIk6YFGXKa9u","user_info_UID_NNikwAIyX4nVsg5ShvytR5T73XAZ"]
24-07-12.19:26:19.589 [scheduling-1    ] INFO  GetNewData             - 定时任务扫描的keys:["user_info_UID_YRaZptE7mQpwqkV5XIr1hucsQ2Tx","user_info_UID_i2KXTMg5g6nhAOgWQwo1itlwHnQz","user_info_UID_jLKtbrB1V1dRD1QHAhwevYxVnHta","user_info_UID_AgHySDtRKqqo3wYuiOqwfpTQjKfk","user_info_UID_JAKoivK8LhMRNZ4hWIk6YFGXKa9u","user_info_UID_NNikwAIyX4nVsg5ShvytR5T73XAZ"]
24-07-12.19:26:22.584 [scheduling-1    ] INFO  GetNewData             - 定时任务扫描的keys:["user_info_UID_YRaZptE7mQpwqkV5XIr1hucsQ2Tx","user_info_UID_i2KXTMg5g6nhAOgWQwo1itlwHnQz","user_info_UID_jLKtbrB1V1dRD1QHAhwevYxVnHta","user_info_UID_AgHySDtRKqqo3wYuiOqwfpTQjKfk","user_info_UID_JAKoivK8LhMRNZ4hWIk6YFGXKa9u","user_info_UID_NNikwAIyX4nVsg5ShvytR5T73XAZ"]
24-07-12.19:26:25.592 [scheduling-1    ] INFO  GetNewData             - 定时任务扫描的keys:["user_info_UID_YRaZptE7mQpwqkV5XIr1hucsQ2Tx","user_info_UID_i2KXTMg5g6nhAOgWQwo1itlwHnQz","user_info_UID_jLKtbrB1V1dRD1QHAhwevYxVnHta","user_info_UID_AgHySDtRKqqo3wYuiOqwfpTQjKfk","user_info_UID_JAKoivK8LhMRNZ4hWIk6YFGXKa9u","user_info_UID_NNikwAIyX4nVsg5ShvytR5T73XAZ"]
24-07-12.19:26:28.608 [scheduling-1    ] INFO  GetNewData             - 定时任务扫描的keys:["user_info_UID_YRaZptE7mQpwqkV5XIr1hucsQ2Tx","user_info_UID_i2KXTMg5g6nhAOgWQwo1itlwHnQz","user_info_UID_jLKtbrB1V1dRD1QHAhwevYxVnHta","user_info_UID_AgHySDtRKqqo3wYuiOqwfpTQjKfk","user_info_UID_JAKoivK8LhMRNZ4hWIk6YFGXKa9u","user_info_UID_NNikwAIyX4nVsg5ShvytR5T73XAZ"]
24-07-12.19:26:31.582 [scheduling-1    ] INFO  GetNewData             - 定时任务扫描的keys:["user_info_UID_YRaZptE7mQpwqkV5XIr1hucsQ2Tx","user_info_UID_i2KXTMg5g6nhAOgWQwo1itlwHnQz","user_info_UID_jLKtbrB1V1dRD1QHAhwevYxVnHta","user_info_UID_AgHySDtRKqqo3wYuiOqwfpTQjKfk","user_info_UID_JAKoivK8LhMRNZ4hWIk6YFGXKa9u","user_info_UID_NNikwAIyX4nVsg5ShvytR5T73XAZ"]
24-07-12.19:26:34.612 [scheduling-1    ] INFO  GetNewData             - 定时任务扫描的keys:["user_info_UID_YRaZptE7mQpwqkV5XIr1hucsQ2Tx","user_info_UID_i2KXTMg5g6nhAOgWQwo1itlwHnQz","user_info_UID_jLKtbrB1V1dRD1QHAhwevYxVnHta","user_info_UID_AgHySDtRKqqo3wYuiOqwfpTQjKfk","user_info_UID_JAKoivK8LhMRNZ4hWIk6YFGXKa9u","user_info_UID_NNikwAIyX4nVsg5ShvytR5T73XAZ"]
24-07-12.19:26:37.617 [scheduling-1    ] INFO  GetNewData             - 定时任务扫描的keys:["user_info_UID_YRaZptE7mQpwqkV5XIr1hucsQ2Tx","user_info_UID_i2KXTMg5g6nhAOgWQwo1itlwHnQz","user_info_UID_jLKtbrB1V1dRD1QHAhwevYxVnHta","user_info_UID_AgHySDtRKqqo3wYuiOqwfpTQjKfk","user_info_UID_JAKoivK8LhMRNZ4hWIk6YFGXKa9u","user_info_UID_NNikwAIyX4nVsg5ShvytR5T73XAZ"]
24-07-12.19:26:40.599 [scheduling-1    ] INFO  GetNewData             - 定时任务扫描的keys:["user_info_UID_YRaZptE7mQpwqkV5XIr1hucsQ2Tx","user_info_UID_i2KXTMg5g6nhAOgWQwo1itlwHnQz","user_info_UID_jLKtbrB1V1dRD1QHAhwevYxVnHta","user_info_UID_AgHySDtRKqqo3wYuiOqwfpTQjKfk","user_info_UID_JAKoivK8LhMRNZ4hWIk6YFGXKa9u","user_info_UID_NNikwAIyX4nVsg5ShvytR5T73XAZ"]
24-07-12.19:26:43.605 [scheduling-1    ] INFO  GetNewData             - 定时任务扫描的keys:["user_info_UID_YRaZptE7mQpwqkV5XIr1hucsQ2Tx","user_info_UID_i2KXTMg5g6nhAOgWQwo1itlwHnQz","user_info_UID_jLKtbrB1V1dRD1QHAhwevYxVnHta","user_info_UID_AgHySDtRKqqo3wYuiOqwfpTQjKfk","user_info_UID_JAKoivK8LhMRNZ4hWIk6YFGXKa9u","user_info_UID_NNikwAIyX4nVsg5ShvytR5T73XAZ"]
24-07-12.19:26:46.610 [scheduling-1    ] INFO  GetNewData             - 定时任务扫描的keys:["user_info_UID_YRaZptE7mQpwqkV5XIr1hucsQ2Tx","user_info_UID_i2KXTMg5g6nhAOgWQwo1itlwHnQz","user_info_UID_jLKtbrB1V1dRD1QHAhwevYxVnHta","user_info_UID_AgHySDtRKqqo3wYuiOqwfpTQjKfk","user_info_UID_JAKoivK8LhMRNZ4hWIk6YFGXKa9u","user_info_UID_NNikwAIyX4nVsg5ShvytR5T73XAZ"]
24-07-12.19:26:49.604 [scheduling-1    ] INFO  GetNewData             - 定时任务扫描的keys:["user_info_UID_YRaZptE7mQpwqkV5XIr1hucsQ2Tx","user_info_UID_i2KXTMg5g6nhAOgWQwo1itlwHnQz","user_info_UID_jLKtbrB1V1dRD1QHAhwevYxVnHta","user_info_UID_AgHySDtRKqqo3wYuiOqwfpTQjKfk","user_info_UID_JAKoivK8LhMRNZ4hWIk6YFGXKa9u","user_info_UID_NNikwAIyX4nVsg5ShvytR5T73XAZ"]
24-07-12.19:26:52.608 [scheduling-1    ] INFO  GetNewData             - 定时任务扫描的keys:["user_info_UID_YRaZptE7mQpwqkV5XIr1hucsQ2Tx","user_info_UID_i2KXTMg5g6nhAOgWQwo1itlwHnQz","user_info_UID_jLKtbrB1V1dRD1QHAhwevYxVnHta","user_info_UID_AgHySDtRKqqo3wYuiOqwfpTQjKfk","user_info_UID_JAKoivK8LhMRNZ4hWIk6YFGXKa9u","user_info_UID_NNikwAIyX4nVsg5ShvytR5T73XAZ"]
24-07-12.19:26:55.602 [scheduling-1    ] INFO  GetNewData             - 定时任务扫描的keys:["user_info_UID_YRaZptE7mQpwqkV5XIr1hucsQ2Tx","user_info_UID_i2KXTMg5g6nhAOgWQwo1itlwHnQz","user_info_UID_jLKtbrB1V1dRD1QHAhwevYxVnHta","user_info_UID_AgHySDtRKqqo3wYuiOqwfpTQjKfk","user_info_UID_JAKoivK8LhMRNZ4hWIk6YFGXKa9u","user_info_UID_NNikwAIyX4nVsg5ShvytR5T73XAZ"]
24-07-12.19:26:58.587 [scheduling-1    ] INFO  GetNewData             - 定时任务扫描的keys:["user_info_UID_YRaZptE7mQpwqkV5XIr1hucsQ2Tx","user_info_UID_i2KXTMg5g6nhAOgWQwo1itlwHnQz","user_info_UID_jLKtbrB1V1dRD1QHAhwevYxVnHta","user_info_UID_AgHySDtRKqqo3wYuiOqwfpTQjKfk","user_info_UID_JAKoivK8LhMRNZ4hWIk6YFGXKa9u","user_info_UID_NNikwAIyX4nVsg5ShvytR5T73XAZ"]
24-07-12.19:27:01.612 [scheduling-1    ] INFO  GetNewData             - 定时任务扫描的keys:["user_info_UID_YRaZptE7mQpwqkV5XIr1hucsQ2Tx","user_info_UID_i2KXTMg5g6nhAOgWQwo1itlwHnQz","user_info_UID_jLKtbrB1V1dRD1QHAhwevYxVnHta","user_info_UID_AgHySDtRKqqo3wYuiOqwfpTQjKfk","user_info_UID_JAKoivK8LhMRNZ4hWIk6YFGXKa9u","user_info_UID_NNikwAIyX4nVsg5ShvytR5T73XAZ"]
24-07-12.19:27:04.581 [scheduling-1    ] INFO  GetNewData             - 定时任务扫描的keys:["user_info_UID_YRaZptE7mQpwqkV5XIr1hucsQ2Tx","user_info_UID_i2KXTMg5g6nhAOgWQwo1itlwHnQz","user_info_UID_jLKtbrB1V1dRD1QHAhwevYxVnHta","user_info_UID_AgHySDtRKqqo3wYuiOqwfpTQjKfk","user_info_UID_JAKoivK8LhMRNZ4hWIk6YFGXKa9u","user_info_UID_NNikwAIyX4nVsg5ShvytR5T73XAZ"]
24-07-12.19:27:07.580 [scheduling-1    ] INFO  GetNewData             - 定时任务扫描的keys:["user_info_UID_YRaZptE7mQpwqkV5XIr1hucsQ2Tx","user_info_UID_i2KXTMg5g6nhAOgWQwo1itlwHnQz","user_info_UID_jLKtbrB1V1dRD1QHAhwevYxVnHta","user_info_UID_AgHySDtRKqqo3wYuiOqwfpTQjKfk","user_info_UID_JAKoivK8LhMRNZ4hWIk6YFGXKa9u","user_info_UID_NNikwAIyX4nVsg5ShvytR5T73XAZ"]
24-07-12.19:27:10.587 [scheduling-1    ] INFO  GetNewData             - 定时任务扫描的keys:["user_info_UID_YRaZptE7mQpwqkV5XIr1hucsQ2Tx","user_info_UID_i2KXTMg5g6nhAOgWQwo1itlwHnQz","user_info_UID_jLKtbrB1V1dRD1QHAhwevYxVnHta","user_info_UID_AgHySDtRKqqo3wYuiOqwfpTQjKfk","user_info_UID_JAKoivK8LhMRNZ4hWIk6YFGXKa9u","user_info_UID_NNikwAIyX4nVsg5ShvytR5T73XAZ"]
24-07-12.19:27:13.609 [scheduling-1    ] INFO  GetNewData             - 定时任务扫描的keys:["user_info_UID_YRaZptE7mQpwqkV5XIr1hucsQ2Tx","user_info_UID_i2KXTMg5g6nhAOgWQwo1itlwHnQz","user_info_UID_jLKtbrB1V1dRD1QHAhwevYxVnHta","user_info_UID_AgHySDtRKqqo3wYuiOqwfpTQjKfk","user_info_UID_JAKoivK8LhMRNZ4hWIk6YFGXKa9u","user_info_UID_NNikwAIyX4nVsg5ShvytR5T73XAZ"]
24-07-12.19:27:16.608 [scheduling-1    ] INFO  GetNewData             - 定时任务扫描的keys:["user_info_UID_YRaZptE7mQpwqkV5XIr1hucsQ2Tx","user_info_UID_i2KXTMg5g6nhAOgWQwo1itlwHnQz","user_info_UID_jLKtbrB1V1dRD1QHAhwevYxVnHta","user_info_UID_AgHySDtRKqqo3wYuiOqwfpTQjKfk","user_info_UID_JAKoivK8LhMRNZ4hWIk6YFGXKa9u","user_info_UID_NNikwAIyX4nVsg5ShvytR5T73XAZ"]
24-07-12.19:27:19.606 [scheduling-1    ] INFO  GetNewData             - 定时任务扫描的keys:["user_info_UID_YRaZptE7mQpwqkV5XIr1hucsQ2Tx","user_info_UID_i2KXTMg5g6nhAOgWQwo1itlwHnQz","user_info_UID_jLKtbrB1V1dRD1QHAhwevYxVnHta","user_info_UID_AgHySDtRKqqo3wYuiOqwfpTQjKfk","user_info_UID_JAKoivK8LhMRNZ4hWIk6YFGXKa9u","user_info_UID_NNikwAIyX4nVsg5ShvytR5T73XAZ"]
24-07-12.19:27:22.581 [scheduling-1    ] INFO  GetNewData             - 定时任务扫描的keys:["user_info_UID_YRaZptE7mQpwqkV5XIr1hucsQ2Tx","user_info_UID_i2KXTMg5g6nhAOgWQwo1itlwHnQz","user_info_UID_jLKtbrB1V1dRD1QHAhwevYxVnHta","user_info_UID_AgHySDtRKqqo3wYuiOqwfpTQjKfk","user_info_UID_JAKoivK8LhMRNZ4hWIk6YFGXKa9u","user_info_UID_NNikwAIyX4nVsg5ShvytR5T73XAZ"]
24-07-12.19:27:25.604 [scheduling-1    ] INFO  GetNewData             - 定时任务扫描的keys:["user_info_UID_YRaZptE7mQpwqkV5XIr1hucsQ2Tx","user_info_UID_i2KXTMg5g6nhAOgWQwo1itlwHnQz","user_info_UID_jLKtbrB1V1dRD1QHAhwevYxVnHta","user_info_UID_AgHySDtRKqqo3wYuiOqwfpTQjKfk","user_info_UID_JAKoivK8LhMRNZ4hWIk6YFGXKa9u","user_info_UID_NNikwAIyX4nVsg5ShvytR5T73XAZ"]
24-07-12.19:27:28.586 [scheduling-1    ] INFO  GetNewData             - 定时任务扫描的keys:["user_info_UID_YRaZptE7mQpwqkV5XIr1hucsQ2Tx","user_info_UID_i2KXTMg5g6nhAOgWQwo1itlwHnQz","user_info_UID_jLKtbrB1V1dRD1QHAhwevYxVnHta","user_info_UID_AgHySDtRKqqo3wYuiOqwfpTQjKfk","user_info_UID_JAKoivK8LhMRNZ4hWIk6YFGXKa9u","user_info_UID_NNikwAIyX4nVsg5ShvytR5T73XAZ"]
24-07-12.19:27:31.580 [scheduling-1    ] INFO  GetNewData             - 定时任务扫描的keys:["user_info_UID_YRaZptE7mQpwqkV5XIr1hucsQ2Tx","user_info_UID_i2KXTMg5g6nhAOgWQwo1itlwHnQz","user_info_UID_jLKtbrB1V1dRD1QHAhwevYxVnHta","user_info_UID_AgHySDtRKqqo3wYuiOqwfpTQjKfk","user_info_UID_JAKoivK8LhMRNZ4hWIk6YFGXKa9u","user_info_UID_NNikwAIyX4nVsg5ShvytR5T73XAZ"]
24-07-12.19:27:34.586 [scheduling-1    ] INFO  GetNewData             - 定时任务扫描的keys:["user_info_UID_YRaZptE7mQpwqkV5XIr1hucsQ2Tx","user_info_UID_i2KXTMg5g6nhAOgWQwo1itlwHnQz","user_info_UID_jLKtbrB1V1dRD1QHAhwevYxVnHta","user_info_UID_AgHySDtRKqqo3wYuiOqwfpTQjKfk","user_info_UID_JAKoivK8LhMRNZ4hWIk6YFGXKa9u","user_info_UID_NNikwAIyX4nVsg5ShvytR5T73XAZ"]
24-07-12.19:27:37.598 [scheduling-1    ] INFO  GetNewData             - 定时任务扫描的keys:["user_info_UID_YRaZptE7mQpwqkV5XIr1hucsQ2Tx","user_info_UID_i2KXTMg5g6nhAOgWQwo1itlwHnQz","user_info_UID_jLKtbrB1V1dRD1QHAhwevYxVnHta","user_info_UID_AgHySDtRKqqo3wYuiOqwfpTQjKfk","user_info_UID_JAKoivK8LhMRNZ4hWIk6YFGXKa9u","user_info_UID_NNikwAIyX4nVsg5ShvytR5T73XAZ"]
24-07-12.19:27:40.606 [scheduling-1    ] INFO  GetNewData             - 定时任务扫描的keys:["user_info_UID_YRaZptE7mQpwqkV5XIr1hucsQ2Tx","user_info_UID_i2KXTMg5g6nhAOgWQwo1itlwHnQz","user_info_UID_jLKtbrB1V1dRD1QHAhwevYxVnHta","user_info_UID_AgHySDtRKqqo3wYuiOqwfpTQjKfk","user_info_UID_JAKoivK8LhMRNZ4hWIk6YFGXKa9u","user_info_UID_NNikwAIyX4nVsg5ShvytR5T73XAZ"]
24-07-12.19:27:43.619 [scheduling-1    ] INFO  GetNewData             - 定时任务扫描的keys:["user_info_UID_YRaZptE7mQpwqkV5XIr1hucsQ2Tx","user_info_UID_i2KXTMg5g6nhAOgWQwo1itlwHnQz","user_info_UID_jLKtbrB1V1dRD1QHAhwevYxVnHta","user_info_UID_AgHySDtRKqqo3wYuiOqwfpTQjKfk","user_info_UID_JAKoivK8LhMRNZ4hWIk6YFGXKa9u","user_info_UID_NNikwAIyX4nVsg5ShvytR5T73XAZ"]
24-07-12.19:27:46.574 [scheduling-1    ] INFO  GetNewData             - 定时任务扫描的keys:["user_info_UID_YRaZptE7mQpwqkV5XIr1hucsQ2Tx","user_info_UID_i2KXTMg5g6nhAOgWQwo1itlwHnQz","user_info_UID_jLKtbrB1V1dRD1QHAhwevYxVnHta","user_info_UID_AgHySDtRKqqo3wYuiOqwfpTQjKfk","user_info_UID_JAKoivK8LhMRNZ4hWIk6YFGXKa9u","user_info_UID_NNikwAIyX4nVsg5ShvytR5T73XAZ"]
24-07-12.19:27:49.614 [scheduling-1    ] INFO  GetNewData             - 定时任务扫描的keys:["user_info_UID_YRaZptE7mQpwqkV5XIr1hucsQ2Tx","user_info_UID_i2KXTMg5g6nhAOgWQwo1itlwHnQz","user_info_UID_jLKtbrB1V1dRD1QHAhwevYxVnHta","user_info_UID_AgHySDtRKqqo3wYuiOqwfpTQjKfk","user_info_UID_JAKoivK8LhMRNZ4hWIk6YFGXKa9u","user_info_UID_NNikwAIyX4nVsg5ShvytR5T73XAZ"]
24-07-12.19:27:52.607 [scheduling-1    ] INFO  GetNewData             - 定时任务扫描的keys:["user_info_UID_YRaZptE7mQpwqkV5XIr1hucsQ2Tx","user_info_UID_i2KXTMg5g6nhAOgWQwo1itlwHnQz","user_info_UID_jLKtbrB1V1dRD1QHAhwevYxVnHta","user_info_UID_AgHySDtRKqqo3wYuiOqwfpTQjKfk","user_info_UID_JAKoivK8LhMRNZ4hWIk6YFGXKa9u","user_info_UID_NNikwAIyX4nVsg5ShvytR5T73XAZ"]
24-07-12.19:27:55.674 [scheduling-1    ] INFO  GetNewData             - 定时任务扫描的keys:["user_info_UID_YRaZptE7mQpwqkV5XIr1hucsQ2Tx","user_info_UID_i2KXTMg5g6nhAOgWQwo1itlwHnQz","user_info_UID_jLKtbrB1V1dRD1QHAhwevYxVnHta","user_info_UID_AgHySDtRKqqo3wYuiOqwfpTQjKfk","user_info_UID_JAKoivK8LhMRNZ4hWIk6YFGXKa9u","user_info_UID_NNikwAIyX4nVsg5ShvytR5T73XAZ"]
24-07-12.19:27:58.578 [scheduling-1    ] INFO  GetNewData             - 定时任务扫描的keys:["user_info_UID_YRaZptE7mQpwqkV5XIr1hucsQ2Tx","user_info_UID_i2KXTMg5g6nhAOgWQwo1itlwHnQz","user_info_UID_jLKtbrB1V1dRD1QHAhwevYxVnHta","user_info_UID_AgHySDtRKqqo3wYuiOqwfpTQjKfk","user_info_UID_JAKoivK8LhMRNZ4hWIk6YFGXKa9u","user_info_UID_NNikwAIyX4nVsg5ShvytR5T73XAZ"]
24-07-12.19:28:01.589 [scheduling-1    ] INFO  GetNewData             - 定时任务扫描的keys:["user_info_UID_YRaZptE7mQpwqkV5XIr1hucsQ2Tx","user_info_UID_i2KXTMg5g6nhAOgWQwo1itlwHnQz","user_info_UID_jLKtbrB1V1dRD1QHAhwevYxVnHta","user_info_UID_AgHySDtRKqqo3wYuiOqwfpTQjKfk","user_info_UID_JAKoivK8LhMRNZ4hWIk6YFGXKa9u","user_info_UID_NNikwAIyX4nVsg5ShvytR5T73XAZ"]
24-07-12.19:28:04.591 [scheduling-1    ] INFO  GetNewData             - 定时任务扫描的keys:["user_info_UID_YRaZptE7mQpwqkV5XIr1hucsQ2Tx","user_info_UID_i2KXTMg5g6nhAOgWQwo1itlwHnQz","user_info_UID_jLKtbrB1V1dRD1QHAhwevYxVnHta","user_info_UID_AgHySDtRKqqo3wYuiOqwfpTQjKfk","user_info_UID_JAKoivK8LhMRNZ4hWIk6YFGXKa9u","user_info_UID_NNikwAIyX4nVsg5ShvytR5T73XAZ"]
24-07-12.19:28:07.579 [scheduling-1    ] INFO  GetNewData             - 定时任务扫描的keys:["user_info_UID_YRaZptE7mQpwqkV5XIr1hucsQ2Tx","user_info_UID_i2KXTMg5g6nhAOgWQwo1itlwHnQz","user_info_UID_jLKtbrB1V1dRD1QHAhwevYxVnHta","user_info_UID_AgHySDtRKqqo3wYuiOqwfpTQjKfk","user_info_UID_JAKoivK8LhMRNZ4hWIk6YFGXKa9u","user_info_UID_NNikwAIyX4nVsg5ShvytR5T73XAZ"]
24-07-12.19:28:10.573 [scheduling-1    ] INFO  GetNewData             - 定时任务扫描的keys:["user_info_UID_YRaZptE7mQpwqkV5XIr1hucsQ2Tx","user_info_UID_i2KXTMg5g6nhAOgWQwo1itlwHnQz","user_info_UID_jLKtbrB1V1dRD1QHAhwevYxVnHta","user_info_UID_AgHySDtRKqqo3wYuiOqwfpTQjKfk","user_info_UID_JAKoivK8LhMRNZ4hWIk6YFGXKa9u","user_info_UID_NNikwAIyX4nVsg5ShvytR5T73XAZ"]
24-07-12.19:28:13.579 [scheduling-1    ] INFO  GetNewData             - 定时任务扫描的keys:["user_info_UID_YRaZptE7mQpwqkV5XIr1hucsQ2Tx","user_info_UID_i2KXTMg5g6nhAOgWQwo1itlwHnQz","user_info_UID_jLKtbrB1V1dRD1QHAhwevYxVnHta","user_info_UID_AgHySDtRKqqo3wYuiOqwfpTQjKfk","user_info_UID_JAKoivK8LhMRNZ4hWIk6YFGXKa9u","user_info_UID_NNikwAIyX4nVsg5ShvytR5T73XAZ"]
24-07-12.19:28:16.584 [scheduling-1    ] INFO  GetNewData             - 定时任务扫描的keys:["user_info_UID_YRaZptE7mQpwqkV5XIr1hucsQ2Tx","user_info_UID_i2KXTMg5g6nhAOgWQwo1itlwHnQz","user_info_UID_jLKtbrB1V1dRD1QHAhwevYxVnHta","user_info_UID_AgHySDtRKqqo3wYuiOqwfpTQjKfk","user_info_UID_JAKoivK8LhMRNZ4hWIk6YFGXKa9u","user_info_UID_NNikwAIyX4nVsg5ShvytR5T73XAZ"]
24-07-12.19:28:19.621 [scheduling-1    ] INFO  GetNewData             - 定时任务扫描的keys:["user_info_UID_YRaZptE7mQpwqkV5XIr1hucsQ2Tx","user_info_UID_i2KXTMg5g6nhAOgWQwo1itlwHnQz","user_info_UID_jLKtbrB1V1dRD1QHAhwevYxVnHta","user_info_UID_AgHySDtRKqqo3wYuiOqwfpTQjKfk","user_info_UID_JAKoivK8LhMRNZ4hWIk6YFGXKa9u","user_info_UID_NNikwAIyX4nVsg5ShvytR5T73XAZ"]
24-07-12.19:28:22.607 [scheduling-1    ] INFO  GetNewData             - 定时任务扫描的keys:["user_info_UID_YRaZptE7mQpwqkV5XIr1hucsQ2Tx","user_info_UID_i2KXTMg5g6nhAOgWQwo1itlwHnQz","user_info_UID_jLKtbrB1V1dRD1QHAhwevYxVnHta","user_info_UID_AgHySDtRKqqo3wYuiOqwfpTQjKfk","user_info_UID_JAKoivK8LhMRNZ4hWIk6YFGXKa9u","user_info_UID_NNikwAIyX4nVsg5ShvytR5T73XAZ"]
24-07-12.19:28:25.677 [scheduling-1    ] INFO  GetNewData             - 定时任务扫描的keys:["user_info_UID_YRaZptE7mQpwqkV5XIr1hucsQ2Tx","user_info_UID_i2KXTMg5g6nhAOgWQwo1itlwHnQz","user_info_UID_jLKtbrB1V1dRD1QHAhwevYxVnHta","user_info_UID_AgHySDtRKqqo3wYuiOqwfpTQjKfk","user_info_UID_JAKoivK8LhMRNZ4hWIk6YFGXKa9u","user_info_UID_NNikwAIyX4nVsg5ShvytR5T73XAZ"]
24-07-12.19:28:28.598 [scheduling-1    ] INFO  GetNewData             - 定时任务扫描的keys:["user_info_UID_YRaZptE7mQpwqkV5XIr1hucsQ2Tx","user_info_UID_i2KXTMg5g6nhAOgWQwo1itlwHnQz","user_info_UID_jLKtbrB1V1dRD1QHAhwevYxVnHta","user_info_UID_AgHySDtRKqqo3wYuiOqwfpTQjKfk","user_info_UID_JAKoivK8LhMRNZ4hWIk6YFGXKa9u","user_info_UID_NNikwAIyX4nVsg5ShvytR5T73XAZ"]
24-07-12.19:28:31.621 [scheduling-1    ] INFO  GetNewData             - 定时任务扫描的keys:["user_info_UID_YRaZptE7mQpwqkV5XIr1hucsQ2Tx","user_info_UID_i2KXTMg5g6nhAOgWQwo1itlwHnQz","user_info_UID_jLKtbrB1V1dRD1QHAhwevYxVnHta","user_info_UID_AgHySDtRKqqo3wYuiOqwfpTQjKfk","user_info_UID_JAKoivK8LhMRNZ4hWIk6YFGXKa9u","user_info_UID_NNikwAIyX4nVsg5ShvytR5T73XAZ"]
24-07-12.19:28:34.614 [scheduling-1    ] INFO  GetNewData             - 定时任务扫描的keys:["user_info_UID_YRaZptE7mQpwqkV5XIr1hucsQ2Tx","user_info_UID_i2KXTMg5g6nhAOgWQwo1itlwHnQz","user_info_UID_jLKtbrB1V1dRD1QHAhwevYxVnHta","user_info_UID_AgHySDtRKqqo3wYuiOqwfpTQjKfk","user_info_UID_JAKoivK8LhMRNZ4hWIk6YFGXKa9u","user_info_UID_NNikwAIyX4nVsg5ShvytR5T73XAZ"]
24-07-12.19:28:37.600 [scheduling-1    ] INFO  GetNewData             - 定时任务扫描的keys:["user_info_UID_YRaZptE7mQpwqkV5XIr1hucsQ2Tx","user_info_UID_i2KXTMg5g6nhAOgWQwo1itlwHnQz","user_info_UID_jLKtbrB1V1dRD1QHAhwevYxVnHta","user_info_UID_AgHySDtRKqqo3wYuiOqwfpTQjKfk","user_info_UID_JAKoivK8LhMRNZ4hWIk6YFGXKa9u","user_info_UID_NNikwAIyX4nVsg5ShvytR5T73XAZ"]
24-07-12.19:28:40.577 [scheduling-1    ] INFO  GetNewData             - 定时任务扫描的keys:["user_info_UID_YRaZptE7mQpwqkV5XIr1hucsQ2Tx","user_info_UID_i2KXTMg5g6nhAOgWQwo1itlwHnQz","user_info_UID_jLKtbrB1V1dRD1QHAhwevYxVnHta","user_info_UID_AgHySDtRKqqo3wYuiOqwfpTQjKfk","user_info_UID_JAKoivK8LhMRNZ4hWIk6YFGXKa9u","user_info_UID_NNikwAIyX4nVsg5ShvytR5T73XAZ"]
24-07-12.19:28:43.606 [scheduling-1    ] INFO  GetNewData             - 定时任务扫描的keys:["user_info_UID_YRaZptE7mQpwqkV5XIr1hucsQ2Tx","user_info_UID_i2KXTMg5g6nhAOgWQwo1itlwHnQz","user_info_UID_jLKtbrB1V1dRD1QHAhwevYxVnHta","user_info_UID_AgHySDtRKqqo3wYuiOqwfpTQjKfk","user_info_UID_JAKoivK8LhMRNZ4hWIk6YFGXKa9u","user_info_UID_NNikwAIyX4nVsg5ShvytR5T73XAZ"]
24-07-12.19:28:46.612 [scheduling-1    ] INFO  GetNewData             - 定时任务扫描的keys:["user_info_UID_YRaZptE7mQpwqkV5XIr1hucsQ2Tx","user_info_UID_i2KXTMg5g6nhAOgWQwo1itlwHnQz","user_info_UID_jLKtbrB1V1dRD1QHAhwevYxVnHta","user_info_UID_AgHySDtRKqqo3wYuiOqwfpTQjKfk","user_info_UID_JAKoivK8LhMRNZ4hWIk6YFGXKa9u","user_info_UID_NNikwAIyX4nVsg5ShvytR5T73XAZ"]
24-07-12.19:28:49.609 [scheduling-1    ] INFO  GetNewData             - 定时任务扫描的keys:["user_info_UID_YRaZptE7mQpwqkV5XIr1hucsQ2Tx","user_info_UID_i2KXTMg5g6nhAOgWQwo1itlwHnQz","user_info_UID_jLKtbrB1V1dRD1QHAhwevYxVnHta","user_info_UID_AgHySDtRKqqo3wYuiOqwfpTQjKfk","user_info_UID_JAKoivK8LhMRNZ4hWIk6YFGXKa9u","user_info_UID_NNikwAIyX4nVsg5ShvytR5T73XAZ"]
24-07-12.19:28:52.584 [scheduling-1    ] INFO  GetNewData             - 定时任务扫描的keys:["user_info_UID_YRaZptE7mQpwqkV5XIr1hucsQ2Tx","user_info_UID_i2KXTMg5g6nhAOgWQwo1itlwHnQz","user_info_UID_jLKtbrB1V1dRD1QHAhwevYxVnHta","user_info_UID_AgHySDtRKqqo3wYuiOqwfpTQjKfk","user_info_UID_JAKoivK8LhMRNZ4hWIk6YFGXKa9u","user_info_UID_NNikwAIyX4nVsg5ShvytR5T73XAZ"]
24-07-12.19:28:55.601 [scheduling-1    ] INFO  GetNewData             - 定时任务扫描的keys:["user_info_UID_YRaZptE7mQpwqkV5XIr1hucsQ2Tx","user_info_UID_i2KXTMg5g6nhAOgWQwo1itlwHnQz","user_info_UID_jLKtbrB1V1dRD1QHAhwevYxVnHta","user_info_UID_AgHySDtRKqqo3wYuiOqwfpTQjKfk","user_info_UID_JAKoivK8LhMRNZ4hWIk6YFGXKa9u","user_info_UID_NNikwAIyX4nVsg5ShvytR5T73XAZ"]
24-07-12.19:28:58.602 [scheduling-1    ] INFO  GetNewData             - 定时任务扫描的keys:["user_info_UID_YRaZptE7mQpwqkV5XIr1hucsQ2Tx","user_info_UID_i2KXTMg5g6nhAOgWQwo1itlwHnQz","user_info_UID_jLKtbrB1V1dRD1QHAhwevYxVnHta","user_info_UID_AgHySDtRKqqo3wYuiOqwfpTQjKfk","user_info_UID_JAKoivK8LhMRNZ4hWIk6YFGXKa9u","user_info_UID_NNikwAIyX4nVsg5ShvytR5T73XAZ"]
24-07-12.19:29:01.579 [scheduling-1    ] INFO  GetNewData             - 定时任务扫描的keys:["user_info_UID_YRaZptE7mQpwqkV5XIr1hucsQ2Tx","user_info_UID_i2KXTMg5g6nhAOgWQwo1itlwHnQz","user_info_UID_jLKtbrB1V1dRD1QHAhwevYxVnHta","user_info_UID_AgHySDtRKqqo3wYuiOqwfpTQjKfk","user_info_UID_JAKoivK8LhMRNZ4hWIk6YFGXKa9u","user_info_UID_NNikwAIyX4nVsg5ShvytR5T73XAZ"]
24-07-12.19:29:04.604 [scheduling-1    ] INFO  GetNewData             - 定时任务扫描的keys:["user_info_UID_YRaZptE7mQpwqkV5XIr1hucsQ2Tx","user_info_UID_i2KXTMg5g6nhAOgWQwo1itlwHnQz","user_info_UID_jLKtbrB1V1dRD1QHAhwevYxVnHta","user_info_UID_AgHySDtRKqqo3wYuiOqwfpTQjKfk","user_info_UID_JAKoivK8LhMRNZ4hWIk6YFGXKa9u","user_info_UID_NNikwAIyX4nVsg5ShvytR5T73XAZ"]
24-07-12.19:29:07.587 [scheduling-1    ] INFO  GetNewData             - 定时任务扫描的keys:["user_info_UID_YRaZptE7mQpwqkV5XIr1hucsQ2Tx","user_info_UID_i2KXTMg5g6nhAOgWQwo1itlwHnQz","user_info_UID_jLKtbrB1V1dRD1QHAhwevYxVnHta","user_info_UID_AgHySDtRKqqo3wYuiOqwfpTQjKfk","user_info_UID_JAKoivK8LhMRNZ4hWIk6YFGXKa9u","user_info_UID_NNikwAIyX4nVsg5ShvytR5T73XAZ"]
24-07-12.19:29:10.628 [scheduling-1    ] INFO  GetNewData             - 定时任务扫描的keys:["user_info_UID_YRaZptE7mQpwqkV5XIr1hucsQ2Tx","user_info_UID_i2KXTMg5g6nhAOgWQwo1itlwHnQz","user_info_UID_jLKtbrB1V1dRD1QHAhwevYxVnHta","user_info_UID_AgHySDtRKqqo3wYuiOqwfpTQjKfk","user_info_UID_JAKoivK8LhMRNZ4hWIk6YFGXKa9u","user_info_UID_NNikwAIyX4nVsg5ShvytR5T73XAZ"]
24-07-12.19:29:13.613 [scheduling-1    ] INFO  GetNewData             - 定时任务扫描的keys:["user_info_UID_YRaZptE7mQpwqkV5XIr1hucsQ2Tx","user_info_UID_i2KXTMg5g6nhAOgWQwo1itlwHnQz","user_info_UID_jLKtbrB1V1dRD1QHAhwevYxVnHta","user_info_UID_AgHySDtRKqqo3wYuiOqwfpTQjKfk","user_info_UID_JAKoivK8LhMRNZ4hWIk6YFGXKa9u","user_info_UID_NNikwAIyX4nVsg5ShvytR5T73XAZ"]
24-07-12.19:29:16.600 [scheduling-1    ] INFO  GetNewData             - 定时任务扫描的keys:["user_info_UID_YRaZptE7mQpwqkV5XIr1hucsQ2Tx","user_info_UID_i2KXTMg5g6nhAOgWQwo1itlwHnQz","user_info_UID_jLKtbrB1V1dRD1QHAhwevYxVnHta","user_info_UID_AgHySDtRKqqo3wYuiOqwfpTQjKfk","user_info_UID_JAKoivK8LhMRNZ4hWIk6YFGXKa9u","user_info_UID_NNikwAIyX4nVsg5ShvytR5T73XAZ"]
24-07-12.19:29:19.578 [scheduling-1    ] INFO  GetNewData             - 定时任务扫描的keys:["user_info_UID_YRaZptE7mQpwqkV5XIr1hucsQ2Tx","user_info_UID_i2KXTMg5g6nhAOgWQwo1itlwHnQz","user_info_UID_jLKtbrB1V1dRD1QHAhwevYxVnHta","user_info_UID_AgHySDtRKqqo3wYuiOqwfpTQjKfk","user_info_UID_JAKoivK8LhMRNZ4hWIk6YFGXKa9u","user_info_UID_NNikwAIyX4nVsg5ShvytR5T73XAZ"]
24-07-12.19:29:22.580 [scheduling-1    ] INFO  GetNewData             - 定时任务扫描的keys:["user_info_UID_YRaZptE7mQpwqkV5XIr1hucsQ2Tx","user_info_UID_i2KXTMg5g6nhAOgWQwo1itlwHnQz","user_info_UID_jLKtbrB1V1dRD1QHAhwevYxVnHta","user_info_UID_AgHySDtRKqqo3wYuiOqwfpTQjKfk","user_info_UID_JAKoivK8LhMRNZ4hWIk6YFGXKa9u","user_info_UID_NNikwAIyX4nVsg5ShvytR5T73XAZ"]
24-07-12.19:29:25.602 [scheduling-1    ] INFO  GetNewData             - 定时任务扫描的keys:["user_info_UID_YRaZptE7mQpwqkV5XIr1hucsQ2Tx","user_info_UID_i2KXTMg5g6nhAOgWQwo1itlwHnQz","user_info_UID_jLKtbrB1V1dRD1QHAhwevYxVnHta","user_info_UID_AgHySDtRKqqo3wYuiOqwfpTQjKfk","user_info_UID_JAKoivK8LhMRNZ4hWIk6YFGXKa9u","user_info_UID_NNikwAIyX4nVsg5ShvytR5T73XAZ"]
24-07-12.19:29:28.597 [scheduling-1    ] INFO  GetNewData             - 定时任务扫描的keys:["user_info_UID_YRaZptE7mQpwqkV5XIr1hucsQ2Tx","user_info_UID_i2KXTMg5g6nhAOgWQwo1itlwHnQz","user_info_UID_jLKtbrB1V1dRD1QHAhwevYxVnHta","user_info_UID_AgHySDtRKqqo3wYuiOqwfpTQjKfk","user_info_UID_JAKoivK8LhMRNZ4hWIk6YFGXKa9u","user_info_UID_NNikwAIyX4nVsg5ShvytR5T73XAZ"]
24-07-12.19:29:31.585 [scheduling-1    ] INFO  GetNewData             - 定时任务扫描的keys:["user_info_UID_YRaZptE7mQpwqkV5XIr1hucsQ2Tx","user_info_UID_i2KXTMg5g6nhAOgWQwo1itlwHnQz","user_info_UID_jLKtbrB1V1dRD1QHAhwevYxVnHta","user_info_UID_AgHySDtRKqqo3wYuiOqwfpTQjKfk","user_info_UID_JAKoivK8LhMRNZ4hWIk6YFGXKa9u","user_info_UID_NNikwAIyX4nVsg5ShvytR5T73XAZ"]
24-07-12.19:29:34.602 [scheduling-1    ] INFO  GetNewData             - 定时任务扫描的keys:["user_info_UID_YRaZptE7mQpwqkV5XIr1hucsQ2Tx","user_info_UID_i2KXTMg5g6nhAOgWQwo1itlwHnQz","user_info_UID_jLKtbrB1V1dRD1QHAhwevYxVnHta","user_info_UID_AgHySDtRKqqo3wYuiOqwfpTQjKfk","user_info_UID_JAKoivK8LhMRNZ4hWIk6YFGXKa9u","user_info_UID_NNikwAIyX4nVsg5ShvytR5T73XAZ"]
24-07-12.19:29:37.583 [scheduling-1    ] INFO  GetNewData             - 定时任务扫描的keys:["user_info_UID_YRaZptE7mQpwqkV5XIr1hucsQ2Tx","user_info_UID_i2KXTMg5g6nhAOgWQwo1itlwHnQz","user_info_UID_jLKtbrB1V1dRD1QHAhwevYxVnHta","user_info_UID_AgHySDtRKqqo3wYuiOqwfpTQjKfk","user_info_UID_JAKoivK8LhMRNZ4hWIk6YFGXKa9u","user_info_UID_NNikwAIyX4nVsg5ShvytR5T73XAZ"]
24-07-12.19:29:40.625 [scheduling-1    ] INFO  GetNewData             - 定时任务扫描的keys:["user_info_UID_YRaZptE7mQpwqkV5XIr1hucsQ2Tx","user_info_UID_i2KXTMg5g6nhAOgWQwo1itlwHnQz","user_info_UID_jLKtbrB1V1dRD1QHAhwevYxVnHta","user_info_UID_AgHySDtRKqqo3wYuiOqwfpTQjKfk","user_info_UID_JAKoivK8LhMRNZ4hWIk6YFGXKa9u","user_info_UID_NNikwAIyX4nVsg5ShvytR5T73XAZ"]
24-07-12.19:29:43.579 [scheduling-1    ] INFO  GetNewData             - 定时任务扫描的keys:["user_info_UID_YRaZptE7mQpwqkV5XIr1hucsQ2Tx","user_info_UID_i2KXTMg5g6nhAOgWQwo1itlwHnQz","user_info_UID_jLKtbrB1V1dRD1QHAhwevYxVnHta","user_info_UID_AgHySDtRKqqo3wYuiOqwfpTQjKfk","user_info_UID_JAKoivK8LhMRNZ4hWIk6YFGXKa9u","user_info_UID_NNikwAIyX4nVsg5ShvytR5T73XAZ"]
24-07-12.19:29:46.588 [scheduling-1    ] INFO  GetNewData             - 定时任务扫描的keys:["user_info_UID_YRaZptE7mQpwqkV5XIr1hucsQ2Tx","user_info_UID_i2KXTMg5g6nhAOgWQwo1itlwHnQz","user_info_UID_jLKtbrB1V1dRD1QHAhwevYxVnHta","user_info_UID_AgHySDtRKqqo3wYuiOqwfpTQjKfk","user_info_UID_JAKoivK8LhMRNZ4hWIk6YFGXKa9u","user_info_UID_NNikwAIyX4nVsg5ShvytR5T73XAZ"]
24-07-12.19:29:49.610 [scheduling-1    ] INFO  GetNewData             - 定时任务扫描的keys:["user_info_UID_YRaZptE7mQpwqkV5XIr1hucsQ2Tx","user_info_UID_i2KXTMg5g6nhAOgWQwo1itlwHnQz","user_info_UID_jLKtbrB1V1dRD1QHAhwevYxVnHta","user_info_UID_AgHySDtRKqqo3wYuiOqwfpTQjKfk","user_info_UID_JAKoivK8LhMRNZ4hWIk6YFGXKa9u","user_info_UID_NNikwAIyX4nVsg5ShvytR5T73XAZ"]
24-07-12.19:29:52.731 [scheduling-1    ] INFO  GetNewData             - 定时任务扫描的keys:["user_info_UID_YRaZptE7mQpwqkV5XIr1hucsQ2Tx","user_info_UID_i2KXTMg5g6nhAOgWQwo1itlwHnQz","user_info_UID_jLKtbrB1V1dRD1QHAhwevYxVnHta","user_info_UID_AgHySDtRKqqo3wYuiOqwfpTQjKfk","user_info_UID_JAKoivK8LhMRNZ4hWIk6YFGXKa9u","user_info_UID_NNikwAIyX4nVsg5ShvytR5T73XAZ"]
24-07-12.19:29:55.664 [scheduling-1    ] INFO  GetNewData             - 定时任务扫描的keys:["user_info_UID_YRaZptE7mQpwqkV5XIr1hucsQ2Tx","user_info_UID_i2KXTMg5g6nhAOgWQwo1itlwHnQz","user_info_UID_jLKtbrB1V1dRD1QHAhwevYxVnHta","user_info_UID_AgHySDtRKqqo3wYuiOqwfpTQjKfk","user_info_UID_JAKoivK8LhMRNZ4hWIk6YFGXKa9u","user_info_UID_NNikwAIyX4nVsg5ShvytR5T73XAZ"]
24-07-12.19:29:58.621 [scheduling-1    ] INFO  GetNewData             - 定时任务扫描的keys:["user_info_UID_YRaZptE7mQpwqkV5XIr1hucsQ2Tx","user_info_UID_i2KXTMg5g6nhAOgWQwo1itlwHnQz","user_info_UID_jLKtbrB1V1dRD1QHAhwevYxVnHta","user_info_UID_AgHySDtRKqqo3wYuiOqwfpTQjKfk","user_info_UID_JAKoivK8LhMRNZ4hWIk6YFGXKa9u","user_info_UID_NNikwAIyX4nVsg5ShvytR5T73XAZ"]
24-07-12.19:30:01.583 [scheduling-1    ] INFO  GetNewData             - 定时任务扫描的keys:["user_info_UID_YRaZptE7mQpwqkV5XIr1hucsQ2Tx","user_info_UID_i2KXTMg5g6nhAOgWQwo1itlwHnQz","user_info_UID_jLKtbrB1V1dRD1QHAhwevYxVnHta","user_info_UID_AgHySDtRKqqo3wYuiOqwfpTQjKfk","user_info_UID_JAKoivK8LhMRNZ4hWIk6YFGXKa9u","user_info_UID_NNikwAIyX4nVsg5ShvytR5T73XAZ"]
24-07-12.19:30:04.582 [scheduling-1    ] INFO  GetNewData             - 定时任务扫描的keys:["user_info_UID_YRaZptE7mQpwqkV5XIr1hucsQ2Tx","user_info_UID_i2KXTMg5g6nhAOgWQwo1itlwHnQz","user_info_UID_jLKtbrB1V1dRD1QHAhwevYxVnHta","user_info_UID_AgHySDtRKqqo3wYuiOqwfpTQjKfk","user_info_UID_JAKoivK8LhMRNZ4hWIk6YFGXKa9u","user_info_UID_NNikwAIyX4nVsg5ShvytR5T73XAZ"]
24-07-12.19:30:07.612 [scheduling-1    ] INFO  GetNewData             - 定时任务扫描的keys:["user_info_UID_YRaZptE7mQpwqkV5XIr1hucsQ2Tx","user_info_UID_i2KXTMg5g6nhAOgWQwo1itlwHnQz","user_info_UID_jLKtbrB1V1dRD1QHAhwevYxVnHta","user_info_UID_AgHySDtRKqqo3wYuiOqwfpTQjKfk","user_info_UID_JAKoivK8LhMRNZ4hWIk6YFGXKa9u","user_info_UID_NNikwAIyX4nVsg5ShvytR5T73XAZ"]
24-07-12.19:30:10.612 [scheduling-1    ] INFO  GetNewData             - 定时任务扫描的keys:["user_info_UID_YRaZptE7mQpwqkV5XIr1hucsQ2Tx","user_info_UID_i2KXTMg5g6nhAOgWQwo1itlwHnQz","user_info_UID_jLKtbrB1V1dRD1QHAhwevYxVnHta","user_info_UID_AgHySDtRKqqo3wYuiOqwfpTQjKfk","user_info_UID_JAKoivK8LhMRNZ4hWIk6YFGXKa9u","user_info_UID_NNikwAIyX4nVsg5ShvytR5T73XAZ"]
24-07-12.19:30:13.623 [scheduling-1    ] INFO  GetNewData             - 定时任务扫描的keys:["user_info_UID_YRaZptE7mQpwqkV5XIr1hucsQ2Tx","user_info_UID_i2KXTMg5g6nhAOgWQwo1itlwHnQz","user_info_UID_jLKtbrB1V1dRD1QHAhwevYxVnHta","user_info_UID_AgHySDtRKqqo3wYuiOqwfpTQjKfk","user_info_UID_JAKoivK8LhMRNZ4hWIk6YFGXKa9u","user_info_UID_NNikwAIyX4nVsg5ShvytR5T73XAZ"]
24-07-12.19:30:16.590 [scheduling-1    ] INFO  GetNewData             - 定时任务扫描的keys:["user_info_UID_YRaZptE7mQpwqkV5XIr1hucsQ2Tx","user_info_UID_i2KXTMg5g6nhAOgWQwo1itlwHnQz","user_info_UID_jLKtbrB1V1dRD1QHAhwevYxVnHta","user_info_UID_AgHySDtRKqqo3wYuiOqwfpTQjKfk","user_info_UID_JAKoivK8LhMRNZ4hWIk6YFGXKa9u","user_info_UID_NNikwAIyX4nVsg5ShvytR5T73XAZ"]
24-07-12.19:30:19.612 [scheduling-1    ] INFO  GetNewData             - 定时任务扫描的keys:["user_info_UID_YRaZptE7mQpwqkV5XIr1hucsQ2Tx","user_info_UID_i2KXTMg5g6nhAOgWQwo1itlwHnQz","user_info_UID_jLKtbrB1V1dRD1QHAhwevYxVnHta","user_info_UID_AgHySDtRKqqo3wYuiOqwfpTQjKfk","user_info_UID_JAKoivK8LhMRNZ4hWIk6YFGXKa9u","user_info_UID_NNikwAIyX4nVsg5ShvytR5T73XAZ"]
24-07-12.19:30:22.599 [scheduling-1    ] INFO  GetNewData             - 定时任务扫描的keys:["user_info_UID_YRaZptE7mQpwqkV5XIr1hucsQ2Tx","user_info_UID_i2KXTMg5g6nhAOgWQwo1itlwHnQz","user_info_UID_jLKtbrB1V1dRD1QHAhwevYxVnHta","user_info_UID_AgHySDtRKqqo3wYuiOqwfpTQjKfk","user_info_UID_JAKoivK8LhMRNZ4hWIk6YFGXKa9u","user_info_UID_NNikwAIyX4nVsg5ShvytR5T73XAZ"]
24-07-12.19:30:25.601 [scheduling-1    ] INFO  GetNewData             - 定时任务扫描的keys:["user_info_UID_YRaZptE7mQpwqkV5XIr1hucsQ2Tx","user_info_UID_i2KXTMg5g6nhAOgWQwo1itlwHnQz","user_info_UID_jLKtbrB1V1dRD1QHAhwevYxVnHta","user_info_UID_AgHySDtRKqqo3wYuiOqwfpTQjKfk","user_info_UID_JAKoivK8LhMRNZ4hWIk6YFGXKa9u","user_info_UID_NNikwAIyX4nVsg5ShvytR5T73XAZ"]
24-07-12.19:30:28.612 [scheduling-1    ] INFO  GetNewData             - 定时任务扫描的keys:["user_info_UID_YRaZptE7mQpwqkV5XIr1hucsQ2Tx","user_info_UID_i2KXTMg5g6nhAOgWQwo1itlwHnQz","user_info_UID_jLKtbrB1V1dRD1QHAhwevYxVnHta","user_info_UID_AgHySDtRKqqo3wYuiOqwfpTQjKfk","user_info_UID_JAKoivK8LhMRNZ4hWIk6YFGXKa9u","user_info_UID_NNikwAIyX4nVsg5ShvytR5T73XAZ"]
24-07-12.19:30:31.616 [scheduling-1    ] INFO  GetNewData             - 定时任务扫描的keys:["user_info_UID_YRaZptE7mQpwqkV5XIr1hucsQ2Tx","user_info_UID_i2KXTMg5g6nhAOgWQwo1itlwHnQz","user_info_UID_jLKtbrB1V1dRD1QHAhwevYxVnHta","user_info_UID_AgHySDtRKqqo3wYuiOqwfpTQjKfk","user_info_UID_JAKoivK8LhMRNZ4hWIk6YFGXKa9u","user_info_UID_NNikwAIyX4nVsg5ShvytR5T73XAZ"]
24-07-12.19:30:34.599 [scheduling-1    ] INFO  GetNewData             - 定时任务扫描的keys:["user_info_UID_YRaZptE7mQpwqkV5XIr1hucsQ2Tx","user_info_UID_i2KXTMg5g6nhAOgWQwo1itlwHnQz","user_info_UID_jLKtbrB1V1dRD1QHAhwevYxVnHta","user_info_UID_AgHySDtRKqqo3wYuiOqwfpTQjKfk","user_info_UID_JAKoivK8LhMRNZ4hWIk6YFGXKa9u","user_info_UID_NNikwAIyX4nVsg5ShvytR5T73XAZ"]
24-07-12.19:30:37.578 [scheduling-1    ] INFO  GetNewData             - 定时任务扫描的keys:["user_info_UID_YRaZptE7mQpwqkV5XIr1hucsQ2Tx","user_info_UID_i2KXTMg5g6nhAOgWQwo1itlwHnQz","user_info_UID_jLKtbrB1V1dRD1QHAhwevYxVnHta","user_info_UID_AgHySDtRKqqo3wYuiOqwfpTQjKfk","user_info_UID_JAKoivK8LhMRNZ4hWIk6YFGXKa9u","user_info_UID_NNikwAIyX4nVsg5ShvytR5T73XAZ"]
24-07-12.19:30:40.588 [scheduling-1    ] INFO  GetNewData             - 定时任务扫描的keys:["user_info_UID_YRaZptE7mQpwqkV5XIr1hucsQ2Tx","user_info_UID_i2KXTMg5g6nhAOgWQwo1itlwHnQz","user_info_UID_jLKtbrB1V1dRD1QHAhwevYxVnHta","user_info_UID_AgHySDtRKqqo3wYuiOqwfpTQjKfk","user_info_UID_JAKoivK8LhMRNZ4hWIk6YFGXKa9u","user_info_UID_NNikwAIyX4nVsg5ShvytR5T73XAZ"]
24-07-12.19:30:43.585 [scheduling-1    ] INFO  GetNewData             - 定时任务扫描的keys:["user_info_UID_YRaZptE7mQpwqkV5XIr1hucsQ2Tx","user_info_UID_i2KXTMg5g6nhAOgWQwo1itlwHnQz","user_info_UID_jLKtbrB1V1dRD1QHAhwevYxVnHta","user_info_UID_AgHySDtRKqqo3wYuiOqwfpTQjKfk","user_info_UID_JAKoivK8LhMRNZ4hWIk6YFGXKa9u","user_info_UID_NNikwAIyX4nVsg5ShvytR5T73XAZ"]
24-07-12.19:30:46.617 [scheduling-1    ] INFO  GetNewData             - 定时任务扫描的keys:["user_info_UID_YRaZptE7mQpwqkV5XIr1hucsQ2Tx","user_info_UID_i2KXTMg5g6nhAOgWQwo1itlwHnQz","user_info_UID_jLKtbrB1V1dRD1QHAhwevYxVnHta","user_info_UID_AgHySDtRKqqo3wYuiOqwfpTQjKfk","user_info_UID_JAKoivK8LhMRNZ4hWIk6YFGXKa9u","user_info_UID_NNikwAIyX4nVsg5ShvytR5T73XAZ"]
24-07-12.19:30:49.588 [scheduling-1    ] INFO  GetNewData             - 定时任务扫描的keys:["user_info_UID_YRaZptE7mQpwqkV5XIr1hucsQ2Tx","user_info_UID_i2KXTMg5g6nhAOgWQwo1itlwHnQz","user_info_UID_jLKtbrB1V1dRD1QHAhwevYxVnHta","user_info_UID_AgHySDtRKqqo3wYuiOqwfpTQjKfk","user_info_UID_JAKoivK8LhMRNZ4hWIk6YFGXKa9u","user_info_UID_NNikwAIyX4nVsg5ShvytR5T73XAZ"]
24-07-12.19:30:52.595 [scheduling-1    ] INFO  GetNewData             - 定时任务扫描的keys:["user_info_UID_YRaZptE7mQpwqkV5XIr1hucsQ2Tx","user_info_UID_i2KXTMg5g6nhAOgWQwo1itlwHnQz","user_info_UID_jLKtbrB1V1dRD1QHAhwevYxVnHta","user_info_UID_AgHySDtRKqqo3wYuiOqwfpTQjKfk","user_info_UID_JAKoivK8LhMRNZ4hWIk6YFGXKa9u","user_info_UID_NNikwAIyX4nVsg5ShvytR5T73XAZ"]
24-07-12.19:30:55.587 [scheduling-1    ] INFO  GetNewData             - 定时任务扫描的keys:["user_info_UID_YRaZptE7mQpwqkV5XIr1hucsQ2Tx","user_info_UID_i2KXTMg5g6nhAOgWQwo1itlwHnQz","user_info_UID_jLKtbrB1V1dRD1QHAhwevYxVnHta","user_info_UID_AgHySDtRKqqo3wYuiOqwfpTQjKfk","user_info_UID_JAKoivK8LhMRNZ4hWIk6YFGXKa9u","user_info_UID_NNikwAIyX4nVsg5ShvytR5T73XAZ"]
24-07-12.19:30:58.602 [scheduling-1    ] INFO  GetNewData             - 定时任务扫描的keys:["user_info_UID_YRaZptE7mQpwqkV5XIr1hucsQ2Tx","user_info_UID_i2KXTMg5g6nhAOgWQwo1itlwHnQz","user_info_UID_jLKtbrB1V1dRD1QHAhwevYxVnHta","user_info_UID_AgHySDtRKqqo3wYuiOqwfpTQjKfk","user_info_UID_JAKoivK8LhMRNZ4hWIk6YFGXKa9u","user_info_UID_NNikwAIyX4nVsg5ShvytR5T73XAZ"]
24-07-12.19:31:01.609 [scheduling-1    ] INFO  GetNewData             - 定时任务扫描的keys:["user_info_UID_YRaZptE7mQpwqkV5XIr1hucsQ2Tx","user_info_UID_i2KXTMg5g6nhAOgWQwo1itlwHnQz","user_info_UID_jLKtbrB1V1dRD1QHAhwevYxVnHta","user_info_UID_AgHySDtRKqqo3wYuiOqwfpTQjKfk","user_info_UID_JAKoivK8LhMRNZ4hWIk6YFGXKa9u","user_info_UID_NNikwAIyX4nVsg5ShvytR5T73XAZ"]
24-07-12.19:31:04.622 [scheduling-1    ] INFO  GetNewData             - 定时任务扫描的keys:["user_info_UID_YRaZptE7mQpwqkV5XIr1hucsQ2Tx","user_info_UID_i2KXTMg5g6nhAOgWQwo1itlwHnQz","user_info_UID_jLKtbrB1V1dRD1QHAhwevYxVnHta","user_info_UID_AgHySDtRKqqo3wYuiOqwfpTQjKfk","user_info_UID_JAKoivK8LhMRNZ4hWIk6YFGXKa9u","user_info_UID_NNikwAIyX4nVsg5ShvytR5T73XAZ"]
24-07-12.19:31:07.620 [scheduling-1    ] INFO  GetNewData             - 定时任务扫描的keys:["user_info_UID_YRaZptE7mQpwqkV5XIr1hucsQ2Tx","user_info_UID_i2KXTMg5g6nhAOgWQwo1itlwHnQz","user_info_UID_jLKtbrB1V1dRD1QHAhwevYxVnHta","user_info_UID_AgHySDtRKqqo3wYuiOqwfpTQjKfk","user_info_UID_JAKoivK8LhMRNZ4hWIk6YFGXKa9u","user_info_UID_NNikwAIyX4nVsg5ShvytR5T73XAZ"]
24-07-12.19:31:10.602 [scheduling-1    ] INFO  GetNewData             - 定时任务扫描的keys:["user_info_UID_YRaZptE7mQpwqkV5XIr1hucsQ2Tx","user_info_UID_i2KXTMg5g6nhAOgWQwo1itlwHnQz","user_info_UID_jLKtbrB1V1dRD1QHAhwevYxVnHta","user_info_UID_AgHySDtRKqqo3wYuiOqwfpTQjKfk","user_info_UID_JAKoivK8LhMRNZ4hWIk6YFGXKa9u","user_info_UID_NNikwAIyX4nVsg5ShvytR5T73XAZ"]
24-07-12.19:31:13.583 [scheduling-1    ] INFO  GetNewData             - 定时任务扫描的keys:["user_info_UID_YRaZptE7mQpwqkV5XIr1hucsQ2Tx","user_info_UID_i2KXTMg5g6nhAOgWQwo1itlwHnQz","user_info_UID_jLKtbrB1V1dRD1QHAhwevYxVnHta","user_info_UID_AgHySDtRKqqo3wYuiOqwfpTQjKfk","user_info_UID_JAKoivK8LhMRNZ4hWIk6YFGXKa9u","user_info_UID_NNikwAIyX4nVsg5ShvytR5T73XAZ"]
24-07-12.19:31:16.691 [scheduling-1    ] INFO  GetNewData             - 定时任务扫描的keys:["user_info_UID_YRaZptE7mQpwqkV5XIr1hucsQ2Tx","user_info_UID_i2KXTMg5g6nhAOgWQwo1itlwHnQz","user_info_UID_jLKtbrB1V1dRD1QHAhwevYxVnHta","user_info_UID_AgHySDtRKqqo3wYuiOqwfpTQjKfk","user_info_UID_JAKoivK8LhMRNZ4hWIk6YFGXKa9u","user_info_UID_NNikwAIyX4nVsg5ShvytR5T73XAZ"]
24-07-12.19:31:19.581 [scheduling-1    ] INFO  GetNewData             - 定时任务扫描的keys:["user_info_UID_YRaZptE7mQpwqkV5XIr1hucsQ2Tx","user_info_UID_i2KXTMg5g6nhAOgWQwo1itlwHnQz","user_info_UID_jLKtbrB1V1dRD1QHAhwevYxVnHta","user_info_UID_AgHySDtRKqqo3wYuiOqwfpTQjKfk","user_info_UID_JAKoivK8LhMRNZ4hWIk6YFGXKa9u","user_info_UID_NNikwAIyX4nVsg5ShvytR5T73XAZ"]
24-07-12.19:31:22.588 [scheduling-1    ] INFO  GetNewData             - 定时任务扫描的keys:["user_info_UID_YRaZptE7mQpwqkV5XIr1hucsQ2Tx","user_info_UID_i2KXTMg5g6nhAOgWQwo1itlwHnQz","user_info_UID_jLKtbrB1V1dRD1QHAhwevYxVnHta","user_info_UID_AgHySDtRKqqo3wYuiOqwfpTQjKfk","user_info_UID_JAKoivK8LhMRNZ4hWIk6YFGXKa9u","user_info_UID_NNikwAIyX4nVsg5ShvytR5T73XAZ"]
24-07-12.19:31:25.656 [scheduling-1    ] INFO  GetNewData             - 定时任务扫描的keys:["user_info_UID_YRaZptE7mQpwqkV5XIr1hucsQ2Tx","user_info_UID_i2KXTMg5g6nhAOgWQwo1itlwHnQz","user_info_UID_jLKtbrB1V1dRD1QHAhwevYxVnHta","user_info_UID_AgHySDtRKqqo3wYuiOqwfpTQjKfk","user_info_UID_JAKoivK8LhMRNZ4hWIk6YFGXKa9u","user_info_UID_NNikwAIyX4nVsg5ShvytR5T73XAZ"]
24-07-12.19:31:28.571 [scheduling-1    ] INFO  GetNewData             - 定时任务扫描的keys:["user_info_UID_YRaZptE7mQpwqkV5XIr1hucsQ2Tx","user_info_UID_i2KXTMg5g6nhAOgWQwo1itlwHnQz","user_info_UID_jLKtbrB1V1dRD1QHAhwevYxVnHta","user_info_UID_AgHySDtRKqqo3wYuiOqwfpTQjKfk","user_info_UID_JAKoivK8LhMRNZ4hWIk6YFGXKa9u","user_info_UID_NNikwAIyX4nVsg5ShvytR5T73XAZ"]
24-07-12.19:31:31.585 [scheduling-1    ] INFO  GetNewData             - 定时任务扫描的keys:["user_info_UID_YRaZptE7mQpwqkV5XIr1hucsQ2Tx","user_info_UID_i2KXTMg5g6nhAOgWQwo1itlwHnQz","user_info_UID_jLKtbrB1V1dRD1QHAhwevYxVnHta","user_info_UID_AgHySDtRKqqo3wYuiOqwfpTQjKfk","user_info_UID_JAKoivK8LhMRNZ4hWIk6YFGXKa9u","user_info_UID_NNikwAIyX4nVsg5ShvytR5T73XAZ"]
24-07-12.19:31:34.576 [scheduling-1    ] INFO  GetNewData             - 定时任务扫描的keys:["user_info_UID_YRaZptE7mQpwqkV5XIr1hucsQ2Tx","user_info_UID_i2KXTMg5g6nhAOgWQwo1itlwHnQz","user_info_UID_jLKtbrB1V1dRD1QHAhwevYxVnHta","user_info_UID_AgHySDtRKqqo3wYuiOqwfpTQjKfk","user_info_UID_JAKoivK8LhMRNZ4hWIk6YFGXKa9u","user_info_UID_NNikwAIyX4nVsg5ShvytR5T73XAZ"]
24-07-12.19:31:37.602 [scheduling-1    ] INFO  GetNewData             - 定时任务扫描的keys:["user_info_UID_YRaZptE7mQpwqkV5XIr1hucsQ2Tx","user_info_UID_i2KXTMg5g6nhAOgWQwo1itlwHnQz","user_info_UID_jLKtbrB1V1dRD1QHAhwevYxVnHta","user_info_UID_AgHySDtRKqqo3wYuiOqwfpTQjKfk","user_info_UID_JAKoivK8LhMRNZ4hWIk6YFGXKa9u","user_info_UID_NNikwAIyX4nVsg5ShvytR5T73XAZ"]
24-07-12.19:31:40.593 [scheduling-1    ] INFO  GetNewData             - 定时任务扫描的keys:["user_info_UID_YRaZptE7mQpwqkV5XIr1hucsQ2Tx","user_info_UID_i2KXTMg5g6nhAOgWQwo1itlwHnQz","user_info_UID_jLKtbrB1V1dRD1QHAhwevYxVnHta","user_info_UID_AgHySDtRKqqo3wYuiOqwfpTQjKfk","user_info_UID_JAKoivK8LhMRNZ4hWIk6YFGXKa9u","user_info_UID_NNikwAIyX4nVsg5ShvytR5T73XAZ"]
24-07-12.19:31:43.598 [scheduling-1    ] INFO  GetNewData             - 定时任务扫描的keys:["user_info_UID_YRaZptE7mQpwqkV5XIr1hucsQ2Tx","user_info_UID_i2KXTMg5g6nhAOgWQwo1itlwHnQz","user_info_UID_jLKtbrB1V1dRD1QHAhwevYxVnHta","user_info_UID_AgHySDtRKqqo3wYuiOqwfpTQjKfk","user_info_UID_JAKoivK8LhMRNZ4hWIk6YFGXKa9u","user_info_UID_NNikwAIyX4nVsg5ShvytR5T73XAZ"]
24-07-12.19:31:46.580 [scheduling-1    ] INFO  GetNewData             - 定时任务扫描的keys:["user_info_UID_YRaZptE7mQpwqkV5XIr1hucsQ2Tx","user_info_UID_i2KXTMg5g6nhAOgWQwo1itlwHnQz","user_info_UID_jLKtbrB1V1dRD1QHAhwevYxVnHta","user_info_UID_AgHySDtRKqqo3wYuiOqwfpTQjKfk","user_info_UID_JAKoivK8LhMRNZ4hWIk6YFGXKa9u","user_info_UID_NNikwAIyX4nVsg5ShvytR5T73XAZ"]
24-07-12.19:31:49.609 [scheduling-1    ] INFO  GetNewData             - 定时任务扫描的keys:["user_info_UID_YRaZptE7mQpwqkV5XIr1hucsQ2Tx","user_info_UID_i2KXTMg5g6nhAOgWQwo1itlwHnQz","user_info_UID_jLKtbrB1V1dRD1QHAhwevYxVnHta","user_info_UID_AgHySDtRKqqo3wYuiOqwfpTQjKfk","user_info_UID_JAKoivK8LhMRNZ4hWIk6YFGXKa9u","user_info_UID_NNikwAIyX4nVsg5ShvytR5T73XAZ"]
24-07-12.19:31:52.599 [scheduling-1    ] INFO  GetNewData             - 定时任务扫描的keys:["user_info_UID_YRaZptE7mQpwqkV5XIr1hucsQ2Tx","user_info_UID_i2KXTMg5g6nhAOgWQwo1itlwHnQz","user_info_UID_jLKtbrB1V1dRD1QHAhwevYxVnHta","user_info_UID_AgHySDtRKqqo3wYuiOqwfpTQjKfk","user_info_UID_JAKoivK8LhMRNZ4hWIk6YFGXKa9u","user_info_UID_NNikwAIyX4nVsg5ShvytR5T73XAZ"]
24-07-12.19:31:55.681 [scheduling-1    ] INFO  GetNewData             - 定时任务扫描的keys:["user_info_UID_YRaZptE7mQpwqkV5XIr1hucsQ2Tx","user_info_UID_i2KXTMg5g6nhAOgWQwo1itlwHnQz","user_info_UID_jLKtbrB1V1dRD1QHAhwevYxVnHta","user_info_UID_AgHySDtRKqqo3wYuiOqwfpTQjKfk","user_info_UID_JAKoivK8LhMRNZ4hWIk6YFGXKa9u","user_info_UID_NNikwAIyX4nVsg5ShvytR5T73XAZ"]
24-07-12.19:31:58.570 [scheduling-1    ] INFO  GetNewData             - 定时任务扫描的keys:["user_info_UID_YRaZptE7mQpwqkV5XIr1hucsQ2Tx","user_info_UID_i2KXTMg5g6nhAOgWQwo1itlwHnQz","user_info_UID_jLKtbrB1V1dRD1QHAhwevYxVnHta","user_info_UID_AgHySDtRKqqo3wYuiOqwfpTQjKfk","user_info_UID_JAKoivK8LhMRNZ4hWIk6YFGXKa9u","user_info_UID_NNikwAIyX4nVsg5ShvytR5T73XAZ"]
24-07-12.19:32:01.575 [scheduling-1    ] INFO  GetNewData             - 定时任务扫描的keys:["user_info_UID_YRaZptE7mQpwqkV5XIr1hucsQ2Tx","user_info_UID_i2KXTMg5g6nhAOgWQwo1itlwHnQz","user_info_UID_jLKtbrB1V1dRD1QHAhwevYxVnHta","user_info_UID_AgHySDtRKqqo3wYuiOqwfpTQjKfk","user_info_UID_JAKoivK8LhMRNZ4hWIk6YFGXKa9u","user_info_UID_NNikwAIyX4nVsg5ShvytR5T73XAZ"]
24-07-12.19:32:04.580 [scheduling-1    ] INFO  GetNewData             - 定时任务扫描的keys:["user_info_UID_YRaZptE7mQpwqkV5XIr1hucsQ2Tx","user_info_UID_i2KXTMg5g6nhAOgWQwo1itlwHnQz","user_info_UID_jLKtbrB1V1dRD1QHAhwevYxVnHta","user_info_UID_AgHySDtRKqqo3wYuiOqwfpTQjKfk","user_info_UID_JAKoivK8LhMRNZ4hWIk6YFGXKa9u","user_info_UID_NNikwAIyX4nVsg5ShvytR5T73XAZ"]
24-07-12.19:32:07.605 [scheduling-1    ] INFO  GetNewData             - 定时任务扫描的keys:["user_info_UID_YRaZptE7mQpwqkV5XIr1hucsQ2Tx","user_info_UID_i2KXTMg5g6nhAOgWQwo1itlwHnQz","user_info_UID_jLKtbrB1V1dRD1QHAhwevYxVnHta","user_info_UID_AgHySDtRKqqo3wYuiOqwfpTQjKfk","user_info_UID_JAKoivK8LhMRNZ4hWIk6YFGXKa9u","user_info_UID_NNikwAIyX4nVsg5ShvytR5T73XAZ"]
24-07-12.19:32:10.601 [scheduling-1    ] INFO  GetNewData             - 定时任务扫描的keys:["user_info_UID_YRaZptE7mQpwqkV5XIr1hucsQ2Tx","user_info_UID_i2KXTMg5g6nhAOgWQwo1itlwHnQz","user_info_UID_jLKtbrB1V1dRD1QHAhwevYxVnHta","user_info_UID_AgHySDtRKqqo3wYuiOqwfpTQjKfk","user_info_UID_JAKoivK8LhMRNZ4hWIk6YFGXKa9u","user_info_UID_NNikwAIyX4nVsg5ShvytR5T73XAZ"]
24-07-12.19:32:13.576 [scheduling-1    ] INFO  GetNewData             - 定时任务扫描的keys:["user_info_UID_YRaZptE7mQpwqkV5XIr1hucsQ2Tx","user_info_UID_i2KXTMg5g6nhAOgWQwo1itlwHnQz","user_info_UID_jLKtbrB1V1dRD1QHAhwevYxVnHta","user_info_UID_AgHySDtRKqqo3wYuiOqwfpTQjKfk","user_info_UID_JAKoivK8LhMRNZ4hWIk6YFGXKa9u","user_info_UID_NNikwAIyX4nVsg5ShvytR5T73XAZ"]
24-07-12.19:32:16.594 [scheduling-1    ] INFO  GetNewData             - 定时任务扫描的keys:["user_info_UID_YRaZptE7mQpwqkV5XIr1hucsQ2Tx","user_info_UID_i2KXTMg5g6nhAOgWQwo1itlwHnQz","user_info_UID_jLKtbrB1V1dRD1QHAhwevYxVnHta","user_info_UID_AgHySDtRKqqo3wYuiOqwfpTQjKfk","user_info_UID_JAKoivK8LhMRNZ4hWIk6YFGXKa9u","user_info_UID_NNikwAIyX4nVsg5ShvytR5T73XAZ"]
24-07-12.19:32:19.573 [scheduling-1    ] INFO  GetNewData             - 定时任务扫描的keys:["user_info_UID_YRaZptE7mQpwqkV5XIr1hucsQ2Tx","user_info_UID_i2KXTMg5g6nhAOgWQwo1itlwHnQz","user_info_UID_jLKtbrB1V1dRD1QHAhwevYxVnHta","user_info_UID_AgHySDtRKqqo3wYuiOqwfpTQjKfk","user_info_UID_JAKoivK8LhMRNZ4hWIk6YFGXKa9u","user_info_UID_NNikwAIyX4nVsg5ShvytR5T73XAZ"]
24-07-12.19:32:22.599 [scheduling-1    ] INFO  GetNewData             - 定时任务扫描的keys:["user_info_UID_YRaZptE7mQpwqkV5XIr1hucsQ2Tx","user_info_UID_i2KXTMg5g6nhAOgWQwo1itlwHnQz","user_info_UID_jLKtbrB1V1dRD1QHAhwevYxVnHta","user_info_UID_AgHySDtRKqqo3wYuiOqwfpTQjKfk","user_info_UID_JAKoivK8LhMRNZ4hWIk6YFGXKa9u","user_info_UID_NNikwAIyX4nVsg5ShvytR5T73XAZ"]
24-07-12.19:32:25.598 [scheduling-1    ] INFO  GetNewData             - 定时任务扫描的keys:["user_info_UID_YRaZptE7mQpwqkV5XIr1hucsQ2Tx","user_info_UID_i2KXTMg5g6nhAOgWQwo1itlwHnQz","user_info_UID_jLKtbrB1V1dRD1QHAhwevYxVnHta","user_info_UID_AgHySDtRKqqo3wYuiOqwfpTQjKfk","user_info_UID_JAKoivK8LhMRNZ4hWIk6YFGXKa9u","user_info_UID_NNikwAIyX4nVsg5ShvytR5T73XAZ"]
24-07-12.19:32:28.582 [scheduling-1    ] INFO  GetNewData             - 定时任务扫描的keys:["user_info_UID_YRaZptE7mQpwqkV5XIr1hucsQ2Tx","user_info_UID_i2KXTMg5g6nhAOgWQwo1itlwHnQz","user_info_UID_jLKtbrB1V1dRD1QHAhwevYxVnHta","user_info_UID_AgHySDtRKqqo3wYuiOqwfpTQjKfk","user_info_UID_JAKoivK8LhMRNZ4hWIk6YFGXKa9u","user_info_UID_NNikwAIyX4nVsg5ShvytR5T73XAZ"]
24-07-12.19:32:31.604 [scheduling-1    ] INFO  GetNewData             - 定时任务扫描的keys:["user_info_UID_YRaZptE7mQpwqkV5XIr1hucsQ2Tx","user_info_UID_i2KXTMg5g6nhAOgWQwo1itlwHnQz","user_info_UID_jLKtbrB1V1dRD1QHAhwevYxVnHta","user_info_UID_AgHySDtRKqqo3wYuiOqwfpTQjKfk","user_info_UID_JAKoivK8LhMRNZ4hWIk6YFGXKa9u","user_info_UID_NNikwAIyX4nVsg5ShvytR5T73XAZ"]
24-07-12.19:32:34.607 [scheduling-1    ] INFO  GetNewData             - 定时任务扫描的keys:["user_info_UID_YRaZptE7mQpwqkV5XIr1hucsQ2Tx","user_info_UID_i2KXTMg5g6nhAOgWQwo1itlwHnQz","user_info_UID_jLKtbrB1V1dRD1QHAhwevYxVnHta","user_info_UID_AgHySDtRKqqo3wYuiOqwfpTQjKfk","user_info_UID_JAKoivK8LhMRNZ4hWIk6YFGXKa9u","user_info_UID_NNikwAIyX4nVsg5ShvytR5T73XAZ"]
24-07-12.19:32:37.601 [scheduling-1    ] INFO  GetNewData             - 定时任务扫描的keys:["user_info_UID_YRaZptE7mQpwqkV5XIr1hucsQ2Tx","user_info_UID_i2KXTMg5g6nhAOgWQwo1itlwHnQz","user_info_UID_jLKtbrB1V1dRD1QHAhwevYxVnHta","user_info_UID_AgHySDtRKqqo3wYuiOqwfpTQjKfk","user_info_UID_JAKoivK8LhMRNZ4hWIk6YFGXKa9u","user_info_UID_NNikwAIyX4nVsg5ShvytR5T73XAZ"]
24-07-12.19:32:40.576 [scheduling-1    ] INFO  GetNewData             - 定时任务扫描的keys:["user_info_UID_YRaZptE7mQpwqkV5XIr1hucsQ2Tx","user_info_UID_i2KXTMg5g6nhAOgWQwo1itlwHnQz","user_info_UID_jLKtbrB1V1dRD1QHAhwevYxVnHta","user_info_UID_AgHySDtRKqqo3wYuiOqwfpTQjKfk","user_info_UID_JAKoivK8LhMRNZ4hWIk6YFGXKa9u","user_info_UID_NNikwAIyX4nVsg5ShvytR5T73XAZ"]
24-07-12.19:32:43.573 [scheduling-1    ] INFO  GetNewData             - 定时任务扫描的keys:["user_info_UID_YRaZptE7mQpwqkV5XIr1hucsQ2Tx","user_info_UID_i2KXTMg5g6nhAOgWQwo1itlwHnQz","user_info_UID_jLKtbrB1V1dRD1QHAhwevYxVnHta","user_info_UID_AgHySDtRKqqo3wYuiOqwfpTQjKfk","user_info_UID_JAKoivK8LhMRNZ4hWIk6YFGXKa9u","user_info_UID_NNikwAIyX4nVsg5ShvytR5T73XAZ"]
24-07-12.19:32:46.590 [scheduling-1    ] INFO  GetNewData             - 定时任务扫描的keys:["user_info_UID_YRaZptE7mQpwqkV5XIr1hucsQ2Tx","user_info_UID_i2KXTMg5g6nhAOgWQwo1itlwHnQz","user_info_UID_jLKtbrB1V1dRD1QHAhwevYxVnHta","user_info_UID_AgHySDtRKqqo3wYuiOqwfpTQjKfk","user_info_UID_JAKoivK8LhMRNZ4hWIk6YFGXKa9u","user_info_UID_NNikwAIyX4nVsg5ShvytR5T73XAZ"]
24-07-12.19:32:49.611 [scheduling-1    ] INFO  GetNewData             - 定时任务扫描的keys:["user_info_UID_YRaZptE7mQpwqkV5XIr1hucsQ2Tx","user_info_UID_i2KXTMg5g6nhAOgWQwo1itlwHnQz","user_info_UID_jLKtbrB1V1dRD1QHAhwevYxVnHta","user_info_UID_AgHySDtRKqqo3wYuiOqwfpTQjKfk","user_info_UID_JAKoivK8LhMRNZ4hWIk6YFGXKa9u","user_info_UID_NNikwAIyX4nVsg5ShvytR5T73XAZ"]
24-07-12.19:32:52.604 [scheduling-1    ] INFO  GetNewData             - 定时任务扫描的keys:["user_info_UID_YRaZptE7mQpwqkV5XIr1hucsQ2Tx","user_info_UID_i2KXTMg5g6nhAOgWQwo1itlwHnQz","user_info_UID_jLKtbrB1V1dRD1QHAhwevYxVnHta","user_info_UID_AgHySDtRKqqo3wYuiOqwfpTQjKfk","user_info_UID_JAKoivK8LhMRNZ4hWIk6YFGXKa9u","user_info_UID_NNikwAIyX4nVsg5ShvytR5T73XAZ"]
24-07-12.19:32:55.577 [scheduling-1    ] INFO  GetNewData             - 定时任务扫描的keys:["user_info_UID_YRaZptE7mQpwqkV5XIr1hucsQ2Tx","user_info_UID_i2KXTMg5g6nhAOgWQwo1itlwHnQz","user_info_UID_jLKtbrB1V1dRD1QHAhwevYxVnHta","user_info_UID_AgHySDtRKqqo3wYuiOqwfpTQjKfk","user_info_UID_JAKoivK8LhMRNZ4hWIk6YFGXKa9u","user_info_UID_NNikwAIyX4nVsg5ShvytR5T73XAZ"]
24-07-12.19:32:58.576 [scheduling-1    ] INFO  GetNewData             - 定时任务扫描的keys:["user_info_UID_YRaZptE7mQpwqkV5XIr1hucsQ2Tx","user_info_UID_i2KXTMg5g6nhAOgWQwo1itlwHnQz","user_info_UID_jLKtbrB1V1dRD1QHAhwevYxVnHta","user_info_UID_AgHySDtRKqqo3wYuiOqwfpTQjKfk","user_info_UID_JAKoivK8LhMRNZ4hWIk6YFGXKa9u","user_info_UID_NNikwAIyX4nVsg5ShvytR5T73XAZ"]
24-07-12.19:33:01.571 [scheduling-1    ] INFO  GetNewData             - 定时任务扫描的keys:["user_info_UID_YRaZptE7mQpwqkV5XIr1hucsQ2Tx","user_info_UID_i2KXTMg5g6nhAOgWQwo1itlwHnQz","user_info_UID_jLKtbrB1V1dRD1QHAhwevYxVnHta","user_info_UID_AgHySDtRKqqo3wYuiOqwfpTQjKfk","user_info_UID_JAKoivK8LhMRNZ4hWIk6YFGXKa9u","user_info_UID_NNikwAIyX4nVsg5ShvytR5T73XAZ"]
24-07-12.19:33:04.582 [scheduling-1    ] INFO  GetNewData             - 定时任务扫描的keys:["user_info_UID_YRaZptE7mQpwqkV5XIr1hucsQ2Tx","user_info_UID_i2KXTMg5g6nhAOgWQwo1itlwHnQz","user_info_UID_jLKtbrB1V1dRD1QHAhwevYxVnHta","user_info_UID_AgHySDtRKqqo3wYuiOqwfpTQjKfk","user_info_UID_JAKoivK8LhMRNZ4hWIk6YFGXKa9u","user_info_UID_NNikwAIyX4nVsg5ShvytR5T73XAZ"]
24-07-12.19:33:07.588 [scheduling-1    ] INFO  GetNewData             - 定时任务扫描的keys:["user_info_UID_YRaZptE7mQpwqkV5XIr1hucsQ2Tx","user_info_UID_i2KXTMg5g6nhAOgWQwo1itlwHnQz","user_info_UID_jLKtbrB1V1dRD1QHAhwevYxVnHta","user_info_UID_AgHySDtRKqqo3wYuiOqwfpTQjKfk","user_info_UID_JAKoivK8LhMRNZ4hWIk6YFGXKa9u","user_info_UID_NNikwAIyX4nVsg5ShvytR5T73XAZ"]
24-07-12.19:33:10.579 [scheduling-1    ] INFO  GetNewData             - 定时任务扫描的keys:["user_info_UID_YRaZptE7mQpwqkV5XIr1hucsQ2Tx","user_info_UID_i2KXTMg5g6nhAOgWQwo1itlwHnQz","user_info_UID_jLKtbrB1V1dRD1QHAhwevYxVnHta","user_info_UID_AgHySDtRKqqo3wYuiOqwfpTQjKfk","user_info_UID_JAKoivK8LhMRNZ4hWIk6YFGXKa9u","user_info_UID_NNikwAIyX4nVsg5ShvytR5T73XAZ"]
24-07-12.19:33:13.600 [scheduling-1    ] INFO  GetNewData             - 定时任务扫描的keys:["user_info_UID_YRaZptE7mQpwqkV5XIr1hucsQ2Tx","user_info_UID_i2KXTMg5g6nhAOgWQwo1itlwHnQz","user_info_UID_jLKtbrB1V1dRD1QHAhwevYxVnHta","user_info_UID_AgHySDtRKqqo3wYuiOqwfpTQjKfk","user_info_UID_JAKoivK8LhMRNZ4hWIk6YFGXKa9u","user_info_UID_NNikwAIyX4nVsg5ShvytR5T73XAZ"]
24-07-12.19:33:16.581 [scheduling-1    ] INFO  GetNewData             - 定时任务扫描的keys:["user_info_UID_YRaZptE7mQpwqkV5XIr1hucsQ2Tx","user_info_UID_i2KXTMg5g6nhAOgWQwo1itlwHnQz","user_info_UID_jLKtbrB1V1dRD1QHAhwevYxVnHta","user_info_UID_AgHySDtRKqqo3wYuiOqwfpTQjKfk","user_info_UID_JAKoivK8LhMRNZ4hWIk6YFGXKa9u","user_info_UID_NNikwAIyX4nVsg5ShvytR5T73XAZ"]
24-07-12.19:33:19.596 [scheduling-1    ] INFO  GetNewData             - 定时任务扫描的keys:["user_info_UID_YRaZptE7mQpwqkV5XIr1hucsQ2Tx","user_info_UID_i2KXTMg5g6nhAOgWQwo1itlwHnQz","user_info_UID_jLKtbrB1V1dRD1QHAhwevYxVnHta","user_info_UID_AgHySDtRKqqo3wYuiOqwfpTQjKfk","user_info_UID_JAKoivK8LhMRNZ4hWIk6YFGXKa9u","user_info_UID_NNikwAIyX4nVsg5ShvytR5T73XAZ"]
24-07-12.19:33:22.579 [scheduling-1    ] INFO  GetNewData             - 定时任务扫描的keys:["user_info_UID_YRaZptE7mQpwqkV5XIr1hucsQ2Tx","user_info_UID_i2KXTMg5g6nhAOgWQwo1itlwHnQz","user_info_UID_jLKtbrB1V1dRD1QHAhwevYxVnHta","user_info_UID_AgHySDtRKqqo3wYuiOqwfpTQjKfk","user_info_UID_JAKoivK8LhMRNZ4hWIk6YFGXKa9u","user_info_UID_NNikwAIyX4nVsg5ShvytR5T73XAZ"]
24-07-12.19:33:25.596 [scheduling-1    ] INFO  GetNewData             - 定时任务扫描的keys:["user_info_UID_YRaZptE7mQpwqkV5XIr1hucsQ2Tx","user_info_UID_i2KXTMg5g6nhAOgWQwo1itlwHnQz","user_info_UID_jLKtbrB1V1dRD1QHAhwevYxVnHta","user_info_UID_AgHySDtRKqqo3wYuiOqwfpTQjKfk","user_info_UID_JAKoivK8LhMRNZ4hWIk6YFGXKa9u","user_info_UID_NNikwAIyX4nVsg5ShvytR5T73XAZ"]
24-07-12.19:33:28.583 [scheduling-1    ] INFO  GetNewData             - 定时任务扫描的keys:["user_info_UID_YRaZptE7mQpwqkV5XIr1hucsQ2Tx","user_info_UID_i2KXTMg5g6nhAOgWQwo1itlwHnQz","user_info_UID_jLKtbrB1V1dRD1QHAhwevYxVnHta","user_info_UID_AgHySDtRKqqo3wYuiOqwfpTQjKfk","user_info_UID_JAKoivK8LhMRNZ4hWIk6YFGXKa9u","user_info_UID_NNikwAIyX4nVsg5ShvytR5T73XAZ"]
24-07-12.19:33:31.581 [scheduling-1    ] INFO  GetNewData             - 定时任务扫描的keys:["user_info_UID_YRaZptE7mQpwqkV5XIr1hucsQ2Tx","user_info_UID_i2KXTMg5g6nhAOgWQwo1itlwHnQz","user_info_UID_jLKtbrB1V1dRD1QHAhwevYxVnHta","user_info_UID_AgHySDtRKqqo3wYuiOqwfpTQjKfk","user_info_UID_JAKoivK8LhMRNZ4hWIk6YFGXKa9u","user_info_UID_NNikwAIyX4nVsg5ShvytR5T73XAZ"]
24-07-12.19:33:34.629 [scheduling-1    ] INFO  GetNewData             - 定时任务扫描的keys:["user_info_UID_YRaZptE7mQpwqkV5XIr1hucsQ2Tx","user_info_UID_i2KXTMg5g6nhAOgWQwo1itlwHnQz","user_info_UID_jLKtbrB1V1dRD1QHAhwevYxVnHta","user_info_UID_AgHySDtRKqqo3wYuiOqwfpTQjKfk","user_info_UID_JAKoivK8LhMRNZ4hWIk6YFGXKa9u","user_info_UID_NNikwAIyX4nVsg5ShvytR5T73XAZ"]
24-07-12.19:33:37.600 [scheduling-1    ] INFO  GetNewData             - 定时任务扫描的keys:["user_info_UID_YRaZptE7mQpwqkV5XIr1hucsQ2Tx","user_info_UID_i2KXTMg5g6nhAOgWQwo1itlwHnQz","user_info_UID_jLKtbrB1V1dRD1QHAhwevYxVnHta","user_info_UID_AgHySDtRKqqo3wYuiOqwfpTQjKfk","user_info_UID_JAKoivK8LhMRNZ4hWIk6YFGXKa9u","user_info_UID_NNikwAIyX4nVsg5ShvytR5T73XAZ"]
24-07-12.19:33:40.577 [scheduling-1    ] INFO  GetNewData             - 定时任务扫描的keys:["user_info_UID_YRaZptE7mQpwqkV5XIr1hucsQ2Tx","user_info_UID_i2KXTMg5g6nhAOgWQwo1itlwHnQz","user_info_UID_jLKtbrB1V1dRD1QHAhwevYxVnHta","user_info_UID_AgHySDtRKqqo3wYuiOqwfpTQjKfk","user_info_UID_JAKoivK8LhMRNZ4hWIk6YFGXKa9u","user_info_UID_NNikwAIyX4nVsg5ShvytR5T73XAZ"]
24-07-12.19:33:43.571 [scheduling-1    ] INFO  GetNewData             - 定时任务扫描的keys:["user_info_UID_YRaZptE7mQpwqkV5XIr1hucsQ2Tx","user_info_UID_i2KXTMg5g6nhAOgWQwo1itlwHnQz","user_info_UID_jLKtbrB1V1dRD1QHAhwevYxVnHta","user_info_UID_AgHySDtRKqqo3wYuiOqwfpTQjKfk","user_info_UID_JAKoivK8LhMRNZ4hWIk6YFGXKa9u","user_info_UID_NNikwAIyX4nVsg5ShvytR5T73XAZ"]
24-07-12.19:33:46.596 [scheduling-1    ] INFO  GetNewData             - 定时任务扫描的keys:["user_info_UID_YRaZptE7mQpwqkV5XIr1hucsQ2Tx","user_info_UID_i2KXTMg5g6nhAOgWQwo1itlwHnQz","user_info_UID_jLKtbrB1V1dRD1QHAhwevYxVnHta","user_info_UID_AgHySDtRKqqo3wYuiOqwfpTQjKfk","user_info_UID_JAKoivK8LhMRNZ4hWIk6YFGXKa9u","user_info_UID_NNikwAIyX4nVsg5ShvytR5T73XAZ"]
24-07-12.19:33:49.597 [scheduling-1    ] INFO  GetNewData             - 定时任务扫描的keys:["user_info_UID_YRaZptE7mQpwqkV5XIr1hucsQ2Tx","user_info_UID_i2KXTMg5g6nhAOgWQwo1itlwHnQz","user_info_UID_jLKtbrB1V1dRD1QHAhwevYxVnHta","user_info_UID_AgHySDtRKqqo3wYuiOqwfpTQjKfk","user_info_UID_JAKoivK8LhMRNZ4hWIk6YFGXKa9u","user_info_UID_NNikwAIyX4nVsg5ShvytR5T73XAZ"]
24-07-12.19:33:52.597 [scheduling-1    ] INFO  GetNewData             - 定时任务扫描的keys:["user_info_UID_YRaZptE7mQpwqkV5XIr1hucsQ2Tx","user_info_UID_i2KXTMg5g6nhAOgWQwo1itlwHnQz","user_info_UID_jLKtbrB1V1dRD1QHAhwevYxVnHta","user_info_UID_AgHySDtRKqqo3wYuiOqwfpTQjKfk","user_info_UID_JAKoivK8LhMRNZ4hWIk6YFGXKa9u","user_info_UID_NNikwAIyX4nVsg5ShvytR5T73XAZ"]
24-07-12.19:33:55.664 [scheduling-1    ] INFO  GetNewData             - 定时任务扫描的keys:["user_info_UID_YRaZptE7mQpwqkV5XIr1hucsQ2Tx","user_info_UID_i2KXTMg5g6nhAOgWQwo1itlwHnQz","user_info_UID_jLKtbrB1V1dRD1QHAhwevYxVnHta","user_info_UID_AgHySDtRKqqo3wYuiOqwfpTQjKfk","user_info_UID_JAKoivK8LhMRNZ4hWIk6YFGXKa9u","user_info_UID_NNikwAIyX4nVsg5ShvytR5T73XAZ"]
24-07-12.19:33:58.627 [scheduling-1    ] INFO  GetNewData             - 定时任务扫描的keys:["user_info_UID_YRaZptE7mQpwqkV5XIr1hucsQ2Tx","user_info_UID_i2KXTMg5g6nhAOgWQwo1itlwHnQz","user_info_UID_jLKtbrB1V1dRD1QHAhwevYxVnHta","user_info_UID_AgHySDtRKqqo3wYuiOqwfpTQjKfk","user_info_UID_JAKoivK8LhMRNZ4hWIk6YFGXKa9u","user_info_UID_NNikwAIyX4nVsg5ShvytR5T73XAZ"]
24-07-12.19:34:01.588 [scheduling-1    ] INFO  GetNewData             - 定时任务扫描的keys:["user_info_UID_YRaZptE7mQpwqkV5XIr1hucsQ2Tx","user_info_UID_i2KXTMg5g6nhAOgWQwo1itlwHnQz","user_info_UID_jLKtbrB1V1dRD1QHAhwevYxVnHta","user_info_UID_AgHySDtRKqqo3wYuiOqwfpTQjKfk","user_info_UID_JAKoivK8LhMRNZ4hWIk6YFGXKa9u","user_info_UID_NNikwAIyX4nVsg5ShvytR5T73XAZ"]
24-07-12.19:34:04.587 [scheduling-1    ] INFO  GetNewData             - 定时任务扫描的keys:["user_info_UID_YRaZptE7mQpwqkV5XIr1hucsQ2Tx","user_info_UID_i2KXTMg5g6nhAOgWQwo1itlwHnQz","user_info_UID_jLKtbrB1V1dRD1QHAhwevYxVnHta","user_info_UID_AgHySDtRKqqo3wYuiOqwfpTQjKfk","user_info_UID_JAKoivK8LhMRNZ4hWIk6YFGXKa9u","user_info_UID_NNikwAIyX4nVsg5ShvytR5T73XAZ"]
24-07-12.19:34:09.830 [scheduling-1    ] INFO  GetNewData             - 定时任务扫描的keys:["user_info_UID_YRaZptE7mQpwqkV5XIr1hucsQ2Tx","user_info_UID_i2KXTMg5g6nhAOgWQwo1itlwHnQz","user_info_UID_jLKtbrB1V1dRD1QHAhwevYxVnHta","user_info_UID_AgHySDtRKqqo3wYuiOqwfpTQjKfk","user_info_UID_JAKoivK8LhMRNZ4hWIk6YFGXKa9u","user_info_UID_NNikwAIyX4nVsg5ShvytR5T73XAZ"]
24-07-12.19:34:10.595 [scheduling-1    ] INFO  GetNewData             - 定时任务扫描的keys:["user_info_UID_YRaZptE7mQpwqkV5XIr1hucsQ2Tx","user_info_UID_i2KXTMg5g6nhAOgWQwo1itlwHnQz","user_info_UID_jLKtbrB1V1dRD1QHAhwevYxVnHta","user_info_UID_AgHySDtRKqqo3wYuiOqwfpTQjKfk","user_info_UID_JAKoivK8LhMRNZ4hWIk6YFGXKa9u","user_info_UID_NNikwAIyX4nVsg5ShvytR5T73XAZ"]
24-07-12.19:34:13.604 [scheduling-1    ] INFO  GetNewData             - 定时任务扫描的keys:["user_info_UID_YRaZptE7mQpwqkV5XIr1hucsQ2Tx","user_info_UID_i2KXTMg5g6nhAOgWQwo1itlwHnQz","user_info_UID_jLKtbrB1V1dRD1QHAhwevYxVnHta","user_info_UID_AgHySDtRKqqo3wYuiOqwfpTQjKfk","user_info_UID_JAKoivK8LhMRNZ4hWIk6YFGXKa9u","user_info_UID_NNikwAIyX4nVsg5ShvytR5T73XAZ"]
24-07-12.19:34:16.604 [scheduling-1    ] INFO  GetNewData             - 定时任务扫描的keys:["user_info_UID_YRaZptE7mQpwqkV5XIr1hucsQ2Tx","user_info_UID_i2KXTMg5g6nhAOgWQwo1itlwHnQz","user_info_UID_jLKtbrB1V1dRD1QHAhwevYxVnHta","user_info_UID_AgHySDtRKqqo3wYuiOqwfpTQjKfk","user_info_UID_JAKoivK8LhMRNZ4hWIk6YFGXKa9u","user_info_UID_NNikwAIyX4nVsg5ShvytR5T73XAZ"]
24-07-12.19:34:19.607 [scheduling-1    ] INFO  GetNewData             - 定时任务扫描的keys:["user_info_UID_YRaZptE7mQpwqkV5XIr1hucsQ2Tx","user_info_UID_i2KXTMg5g6nhAOgWQwo1itlwHnQz","user_info_UID_jLKtbrB1V1dRD1QHAhwevYxVnHta","user_info_UID_AgHySDtRKqqo3wYuiOqwfpTQjKfk","user_info_UID_JAKoivK8LhMRNZ4hWIk6YFGXKa9u","user_info_UID_NNikwAIyX4nVsg5ShvytR5T73XAZ"]
24-07-12.19:34:22.579 [scheduling-1    ] INFO  GetNewData             - 定时任务扫描的keys:["user_info_UID_YRaZptE7mQpwqkV5XIr1hucsQ2Tx","user_info_UID_i2KXTMg5g6nhAOgWQwo1itlwHnQz","user_info_UID_jLKtbrB1V1dRD1QHAhwevYxVnHta","user_info_UID_AgHySDtRKqqo3wYuiOqwfpTQjKfk","user_info_UID_JAKoivK8LhMRNZ4hWIk6YFGXKa9u","user_info_UID_NNikwAIyX4nVsg5ShvytR5T73XAZ"]
24-07-12.19:34:25.697 [scheduling-1    ] INFO  GetNewData             - 定时任务扫描的keys:["user_info_UID_YRaZptE7mQpwqkV5XIr1hucsQ2Tx","user_info_UID_i2KXTMg5g6nhAOgWQwo1itlwHnQz","user_info_UID_jLKtbrB1V1dRD1QHAhwevYxVnHta","user_info_UID_AgHySDtRKqqo3wYuiOqwfpTQjKfk","user_info_UID_JAKoivK8LhMRNZ4hWIk6YFGXKa9u","user_info_UID_NNikwAIyX4nVsg5ShvytR5T73XAZ"]
24-07-12.19:34:28.602 [scheduling-1    ] INFO  GetNewData             - 定时任务扫描的keys:["user_info_UID_YRaZptE7mQpwqkV5XIr1hucsQ2Tx","user_info_UID_i2KXTMg5g6nhAOgWQwo1itlwHnQz","user_info_UID_jLKtbrB1V1dRD1QHAhwevYxVnHta","user_info_UID_AgHySDtRKqqo3wYuiOqwfpTQjKfk","user_info_UID_JAKoivK8LhMRNZ4hWIk6YFGXKa9u","user_info_UID_NNikwAIyX4nVsg5ShvytR5T73XAZ"]
24-07-12.19:34:31.588 [scheduling-1    ] INFO  GetNewData             - 定时任务扫描的keys:["user_info_UID_YRaZptE7mQpwqkV5XIr1hucsQ2Tx","user_info_UID_i2KXTMg5g6nhAOgWQwo1itlwHnQz","user_info_UID_jLKtbrB1V1dRD1QHAhwevYxVnHta","user_info_UID_AgHySDtRKqqo3wYuiOqwfpTQjKfk","user_info_UID_JAKoivK8LhMRNZ4hWIk6YFGXKa9u","user_info_UID_NNikwAIyX4nVsg5ShvytR5T73XAZ"]
24-07-12.19:34:34.597 [scheduling-1    ] INFO  GetNewData             - 定时任务扫描的keys:["user_info_UID_YRaZptE7mQpwqkV5XIr1hucsQ2Tx","user_info_UID_i2KXTMg5g6nhAOgWQwo1itlwHnQz","user_info_UID_jLKtbrB1V1dRD1QHAhwevYxVnHta","user_info_UID_AgHySDtRKqqo3wYuiOqwfpTQjKfk","user_info_UID_JAKoivK8LhMRNZ4hWIk6YFGXKa9u","user_info_UID_NNikwAIyX4nVsg5ShvytR5T73XAZ"]
24-07-12.19:34:37.593 [scheduling-1    ] INFO  GetNewData             - 定时任务扫描的keys:["user_info_UID_YRaZptE7mQpwqkV5XIr1hucsQ2Tx","user_info_UID_i2KXTMg5g6nhAOgWQwo1itlwHnQz","user_info_UID_jLKtbrB1V1dRD1QHAhwevYxVnHta","user_info_UID_AgHySDtRKqqo3wYuiOqwfpTQjKfk","user_info_UID_JAKoivK8LhMRNZ4hWIk6YFGXKa9u","user_info_UID_NNikwAIyX4nVsg5ShvytR5T73XAZ"]
24-07-12.19:34:40.586 [scheduling-1    ] INFO  GetNewData             - 定时任务扫描的keys:["user_info_UID_YRaZptE7mQpwqkV5XIr1hucsQ2Tx","user_info_UID_i2KXTMg5g6nhAOgWQwo1itlwHnQz","user_info_UID_jLKtbrB1V1dRD1QHAhwevYxVnHta","user_info_UID_AgHySDtRKqqo3wYuiOqwfpTQjKfk","user_info_UID_JAKoivK8LhMRNZ4hWIk6YFGXKa9u","user_info_UID_NNikwAIyX4nVsg5ShvytR5T73XAZ"]
24-07-12.19:34:43.607 [scheduling-1    ] INFO  GetNewData             - 定时任务扫描的keys:["user_info_UID_YRaZptE7mQpwqkV5XIr1hucsQ2Tx","user_info_UID_i2KXTMg5g6nhAOgWQwo1itlwHnQz","user_info_UID_jLKtbrB1V1dRD1QHAhwevYxVnHta","user_info_UID_AgHySDtRKqqo3wYuiOqwfpTQjKfk","user_info_UID_JAKoivK8LhMRNZ4hWIk6YFGXKa9u","user_info_UID_NNikwAIyX4nVsg5ShvytR5T73XAZ"]
24-07-12.19:34:46.606 [scheduling-1    ] INFO  GetNewData             - 定时任务扫描的keys:["user_info_UID_YRaZptE7mQpwqkV5XIr1hucsQ2Tx","user_info_UID_i2KXTMg5g6nhAOgWQwo1itlwHnQz","user_info_UID_jLKtbrB1V1dRD1QHAhwevYxVnHta","user_info_UID_AgHySDtRKqqo3wYuiOqwfpTQjKfk","user_info_UID_JAKoivK8LhMRNZ4hWIk6YFGXKa9u","user_info_UID_NNikwAIyX4nVsg5ShvytR5T73XAZ"]
24-07-12.19:34:49.585 [scheduling-1    ] INFO  GetNewData             - 定时任务扫描的keys:["user_info_UID_YRaZptE7mQpwqkV5XIr1hucsQ2Tx","user_info_UID_i2KXTMg5g6nhAOgWQwo1itlwHnQz","user_info_UID_jLKtbrB1V1dRD1QHAhwevYxVnHta","user_info_UID_AgHySDtRKqqo3wYuiOqwfpTQjKfk","user_info_UID_JAKoivK8LhMRNZ4hWIk6YFGXKa9u","user_info_UID_NNikwAIyX4nVsg5ShvytR5T73XAZ"]
24-07-12.19:34:52.587 [scheduling-1    ] INFO  GetNewData             - 定时任务扫描的keys:["user_info_UID_YRaZptE7mQpwqkV5XIr1hucsQ2Tx","user_info_UID_i2KXTMg5g6nhAOgWQwo1itlwHnQz","user_info_UID_jLKtbrB1V1dRD1QHAhwevYxVnHta","user_info_UID_AgHySDtRKqqo3wYuiOqwfpTQjKfk","user_info_UID_JAKoivK8LhMRNZ4hWIk6YFGXKa9u","user_info_UID_NNikwAIyX4nVsg5ShvytR5T73XAZ"]
24-07-12.19:34:55.584 [scheduling-1    ] INFO  GetNewData             - 定时任务扫描的keys:["user_info_UID_YRaZptE7mQpwqkV5XIr1hucsQ2Tx","user_info_UID_i2KXTMg5g6nhAOgWQwo1itlwHnQz","user_info_UID_jLKtbrB1V1dRD1QHAhwevYxVnHta","user_info_UID_AgHySDtRKqqo3wYuiOqwfpTQjKfk","user_info_UID_JAKoivK8LhMRNZ4hWIk6YFGXKa9u","user_info_UID_NNikwAIyX4nVsg5ShvytR5T73XAZ"]
24-07-12.19:34:58.584 [scheduling-1    ] INFO  GetNewData             - 定时任务扫描的keys:["user_info_UID_YRaZptE7mQpwqkV5XIr1hucsQ2Tx","user_info_UID_i2KXTMg5g6nhAOgWQwo1itlwHnQz","user_info_UID_jLKtbrB1V1dRD1QHAhwevYxVnHta","user_info_UID_AgHySDtRKqqo3wYuiOqwfpTQjKfk","user_info_UID_JAKoivK8LhMRNZ4hWIk6YFGXKa9u","user_info_UID_NNikwAIyX4nVsg5ShvytR5T73XAZ"]
24-07-12.19:35:01.614 [scheduling-1    ] INFO  GetNewData             - 定时任务扫描的keys:["user_info_UID_YRaZptE7mQpwqkV5XIr1hucsQ2Tx","user_info_UID_i2KXTMg5g6nhAOgWQwo1itlwHnQz","user_info_UID_jLKtbrB1V1dRD1QHAhwevYxVnHta","user_info_UID_AgHySDtRKqqo3wYuiOqwfpTQjKfk","user_info_UID_JAKoivK8LhMRNZ4hWIk6YFGXKa9u","user_info_UID_NNikwAIyX4nVsg5ShvytR5T73XAZ"]
24-07-12.19:35:04.583 [scheduling-1    ] INFO  GetNewData             - 定时任务扫描的keys:["user_info_UID_YRaZptE7mQpwqkV5XIr1hucsQ2Tx","user_info_UID_i2KXTMg5g6nhAOgWQwo1itlwHnQz","user_info_UID_jLKtbrB1V1dRD1QHAhwevYxVnHta","user_info_UID_AgHySDtRKqqo3wYuiOqwfpTQjKfk","user_info_UID_JAKoivK8LhMRNZ4hWIk6YFGXKa9u","user_info_UID_NNikwAIyX4nVsg5ShvytR5T73XAZ"]
24-07-12.19:35:07.580 [scheduling-1    ] INFO  GetNewData             - 定时任务扫描的keys:["user_info_UID_YRaZptE7mQpwqkV5XIr1hucsQ2Tx","user_info_UID_i2KXTMg5g6nhAOgWQwo1itlwHnQz","user_info_UID_jLKtbrB1V1dRD1QHAhwevYxVnHta","user_info_UID_AgHySDtRKqqo3wYuiOqwfpTQjKfk","user_info_UID_JAKoivK8LhMRNZ4hWIk6YFGXKa9u","user_info_UID_NNikwAIyX4nVsg5ShvytR5T73XAZ"]
24-07-12.19:35:10.586 [scheduling-1    ] INFO  GetNewData             - 定时任务扫描的keys:["user_info_UID_YRaZptE7mQpwqkV5XIr1hucsQ2Tx","user_info_UID_i2KXTMg5g6nhAOgWQwo1itlwHnQz","user_info_UID_jLKtbrB1V1dRD1QHAhwevYxVnHta","user_info_UID_AgHySDtRKqqo3wYuiOqwfpTQjKfk","user_info_UID_JAKoivK8LhMRNZ4hWIk6YFGXKa9u","user_info_UID_NNikwAIyX4nVsg5ShvytR5T73XAZ"]
24-07-12.19:35:13.584 [scheduling-1    ] INFO  GetNewData             - 定时任务扫描的keys:["user_info_UID_YRaZptE7mQpwqkV5XIr1hucsQ2Tx","user_info_UID_i2KXTMg5g6nhAOgWQwo1itlwHnQz","user_info_UID_jLKtbrB1V1dRD1QHAhwevYxVnHta","user_info_UID_AgHySDtRKqqo3wYuiOqwfpTQjKfk","user_info_UID_JAKoivK8LhMRNZ4hWIk6YFGXKa9u","user_info_UID_NNikwAIyX4nVsg5ShvytR5T73XAZ"]
24-07-12.19:35:16.582 [scheduling-1    ] INFO  GetNewData             - 定时任务扫描的keys:["user_info_UID_YRaZptE7mQpwqkV5XIr1hucsQ2Tx","user_info_UID_i2KXTMg5g6nhAOgWQwo1itlwHnQz","user_info_UID_jLKtbrB1V1dRD1QHAhwevYxVnHta","user_info_UID_AgHySDtRKqqo3wYuiOqwfpTQjKfk","user_info_UID_JAKoivK8LhMRNZ4hWIk6YFGXKa9u","user_info_UID_NNikwAIyX4nVsg5ShvytR5T73XAZ"]
24-07-12.19:35:19.608 [scheduling-1    ] INFO  GetNewData             - 定时任务扫描的keys:["user_info_UID_YRaZptE7mQpwqkV5XIr1hucsQ2Tx","user_info_UID_i2KXTMg5g6nhAOgWQwo1itlwHnQz","user_info_UID_jLKtbrB1V1dRD1QHAhwevYxVnHta","user_info_UID_AgHySDtRKqqo3wYuiOqwfpTQjKfk","user_info_UID_JAKoivK8LhMRNZ4hWIk6YFGXKa9u","user_info_UID_NNikwAIyX4nVsg5ShvytR5T73XAZ"]
24-07-12.19:35:22.583 [scheduling-1    ] INFO  GetNewData             - 定时任务扫描的keys:["user_info_UID_YRaZptE7mQpwqkV5XIr1hucsQ2Tx","user_info_UID_i2KXTMg5g6nhAOgWQwo1itlwHnQz","user_info_UID_jLKtbrB1V1dRD1QHAhwevYxVnHta","user_info_UID_AgHySDtRKqqo3wYuiOqwfpTQjKfk","user_info_UID_JAKoivK8LhMRNZ4hWIk6YFGXKa9u","user_info_UID_NNikwAIyX4nVsg5ShvytR5T73XAZ"]
24-07-12.19:35:25.624 [scheduling-1    ] INFO  GetNewData             - 定时任务扫描的keys:["user_info_UID_YRaZptE7mQpwqkV5XIr1hucsQ2Tx","user_info_UID_i2KXTMg5g6nhAOgWQwo1itlwHnQz","user_info_UID_jLKtbrB1V1dRD1QHAhwevYxVnHta","user_info_UID_AgHySDtRKqqo3wYuiOqwfpTQjKfk","user_info_UID_JAKoivK8LhMRNZ4hWIk6YFGXKa9u","user_info_UID_NNikwAIyX4nVsg5ShvytR5T73XAZ"]
24-07-12.19:35:28.602 [scheduling-1    ] INFO  GetNewData             - 定时任务扫描的keys:["user_info_UID_YRaZptE7mQpwqkV5XIr1hucsQ2Tx","user_info_UID_i2KXTMg5g6nhAOgWQwo1itlwHnQz","user_info_UID_jLKtbrB1V1dRD1QHAhwevYxVnHta","user_info_UID_AgHySDtRKqqo3wYuiOqwfpTQjKfk","user_info_UID_JAKoivK8LhMRNZ4hWIk6YFGXKa9u","user_info_UID_NNikwAIyX4nVsg5ShvytR5T73XAZ"]
24-07-12.19:35:31.584 [scheduling-1    ] INFO  GetNewData             - 定时任务扫描的keys:["user_info_UID_YRaZptE7mQpwqkV5XIr1hucsQ2Tx","user_info_UID_i2KXTMg5g6nhAOgWQwo1itlwHnQz","user_info_UID_jLKtbrB1V1dRD1QHAhwevYxVnHta","user_info_UID_AgHySDtRKqqo3wYuiOqwfpTQjKfk","user_info_UID_JAKoivK8LhMRNZ4hWIk6YFGXKa9u","user_info_UID_NNikwAIyX4nVsg5ShvytR5T73XAZ"]
24-07-12.19:35:34.583 [scheduling-1    ] INFO  GetNewData             - 定时任务扫描的keys:["user_info_UID_YRaZptE7mQpwqkV5XIr1hucsQ2Tx","user_info_UID_i2KXTMg5g6nhAOgWQwo1itlwHnQz","user_info_UID_jLKtbrB1V1dRD1QHAhwevYxVnHta","user_info_UID_AgHySDtRKqqo3wYuiOqwfpTQjKfk","user_info_UID_JAKoivK8LhMRNZ4hWIk6YFGXKa9u","user_info_UID_NNikwAIyX4nVsg5ShvytR5T73XAZ"]
24-07-12.19:35:37.598 [scheduling-1    ] INFO  GetNewData             - 定时任务扫描的keys:["user_info_UID_YRaZptE7mQpwqkV5XIr1hucsQ2Tx","user_info_UID_i2KXTMg5g6nhAOgWQwo1itlwHnQz","user_info_UID_jLKtbrB1V1dRD1QHAhwevYxVnHta","user_info_UID_AgHySDtRKqqo3wYuiOqwfpTQjKfk","user_info_UID_JAKoivK8LhMRNZ4hWIk6YFGXKa9u","user_info_UID_NNikwAIyX4nVsg5ShvytR5T73XAZ"]
24-07-12.19:35:40.579 [scheduling-1    ] INFO  GetNewData             - 定时任务扫描的keys:["user_info_UID_YRaZptE7mQpwqkV5XIr1hucsQ2Tx","user_info_UID_i2KXTMg5g6nhAOgWQwo1itlwHnQz","user_info_UID_jLKtbrB1V1dRD1QHAhwevYxVnHta","user_info_UID_AgHySDtRKqqo3wYuiOqwfpTQjKfk","user_info_UID_JAKoivK8LhMRNZ4hWIk6YFGXKa9u","user_info_UID_NNikwAIyX4nVsg5ShvytR5T73XAZ"]
24-07-12.19:35:43.576 [scheduling-1    ] INFO  GetNewData             - 定时任务扫描的keys:["user_info_UID_YRaZptE7mQpwqkV5XIr1hucsQ2Tx","user_info_UID_i2KXTMg5g6nhAOgWQwo1itlwHnQz","user_info_UID_jLKtbrB1V1dRD1QHAhwevYxVnHta","user_info_UID_AgHySDtRKqqo3wYuiOqwfpTQjKfk","user_info_UID_JAKoivK8LhMRNZ4hWIk6YFGXKa9u","user_info_UID_NNikwAIyX4nVsg5ShvytR5T73XAZ"]
24-07-12.19:35:46.582 [scheduling-1    ] INFO  GetNewData             - 定时任务扫描的keys:["user_info_UID_YRaZptE7mQpwqkV5XIr1hucsQ2Tx","user_info_UID_i2KXTMg5g6nhAOgWQwo1itlwHnQz","user_info_UID_jLKtbrB1V1dRD1QHAhwevYxVnHta","user_info_UID_AgHySDtRKqqo3wYuiOqwfpTQjKfk","user_info_UID_JAKoivK8LhMRNZ4hWIk6YFGXKa9u","user_info_UID_NNikwAIyX4nVsg5ShvytR5T73XAZ"]
24-07-12.19:35:49.607 [scheduling-1    ] INFO  GetNewData             - 定时任务扫描的keys:["user_info_UID_YRaZptE7mQpwqkV5XIr1hucsQ2Tx","user_info_UID_i2KXTMg5g6nhAOgWQwo1itlwHnQz","user_info_UID_jLKtbrB1V1dRD1QHAhwevYxVnHta","user_info_UID_AgHySDtRKqqo3wYuiOqwfpTQjKfk","user_info_UID_JAKoivK8LhMRNZ4hWIk6YFGXKa9u","user_info_UID_NNikwAIyX4nVsg5ShvytR5T73XAZ"]
24-07-12.19:35:52.609 [scheduling-1    ] INFO  GetNewData             - 定时任务扫描的keys:["user_info_UID_YRaZptE7mQpwqkV5XIr1hucsQ2Tx","user_info_UID_i2KXTMg5g6nhAOgWQwo1itlwHnQz","user_info_UID_jLKtbrB1V1dRD1QHAhwevYxVnHta","user_info_UID_AgHySDtRKqqo3wYuiOqwfpTQjKfk","user_info_UID_JAKoivK8LhMRNZ4hWIk6YFGXKa9u","user_info_UID_NNikwAIyX4nVsg5ShvytR5T73XAZ"]
24-07-12.19:35:55.659 [scheduling-1    ] INFO  GetNewData             - 定时任务扫描的keys:["user_info_UID_YRaZptE7mQpwqkV5XIr1hucsQ2Tx","user_info_UID_i2KXTMg5g6nhAOgWQwo1itlwHnQz","user_info_UID_jLKtbrB1V1dRD1QHAhwevYxVnHta","user_info_UID_AgHySDtRKqqo3wYuiOqwfpTQjKfk","user_info_UID_JAKoivK8LhMRNZ4hWIk6YFGXKa9u","user_info_UID_NNikwAIyX4nVsg5ShvytR5T73XAZ"]
24-07-12.19:35:58.588 [scheduling-1    ] INFO  GetNewData             - 定时任务扫描的keys:["user_info_UID_YRaZptE7mQpwqkV5XIr1hucsQ2Tx","user_info_UID_i2KXTMg5g6nhAOgWQwo1itlwHnQz","user_info_UID_jLKtbrB1V1dRD1QHAhwevYxVnHta","user_info_UID_AgHySDtRKqqo3wYuiOqwfpTQjKfk","user_info_UID_JAKoivK8LhMRNZ4hWIk6YFGXKa9u","user_info_UID_NNikwAIyX4nVsg5ShvytR5T73XAZ"]
24-07-12.19:36:01.595 [scheduling-1    ] INFO  GetNewData             - 定时任务扫描的keys:["user_info_UID_YRaZptE7mQpwqkV5XIr1hucsQ2Tx","user_info_UID_i2KXTMg5g6nhAOgWQwo1itlwHnQz","user_info_UID_jLKtbrB1V1dRD1QHAhwevYxVnHta","user_info_UID_AgHySDtRKqqo3wYuiOqwfpTQjKfk","user_info_UID_JAKoivK8LhMRNZ4hWIk6YFGXKa9u","user_info_UID_NNikwAIyX4nVsg5ShvytR5T73XAZ"]
24-07-12.19:36:04.606 [scheduling-1    ] INFO  GetNewData             - 定时任务扫描的keys:["user_info_UID_YRaZptE7mQpwqkV5XIr1hucsQ2Tx","user_info_UID_i2KXTMg5g6nhAOgWQwo1itlwHnQz","user_info_UID_jLKtbrB1V1dRD1QHAhwevYxVnHta","user_info_UID_AgHySDtRKqqo3wYuiOqwfpTQjKfk","user_info_UID_JAKoivK8LhMRNZ4hWIk6YFGXKa9u","user_info_UID_NNikwAIyX4nVsg5ShvytR5T73XAZ"]
24-07-12.19:36:07.600 [scheduling-1    ] INFO  GetNewData             - 定时任务扫描的keys:["user_info_UID_YRaZptE7mQpwqkV5XIr1hucsQ2Tx","user_info_UID_i2KXTMg5g6nhAOgWQwo1itlwHnQz","user_info_UID_jLKtbrB1V1dRD1QHAhwevYxVnHta","user_info_UID_AgHySDtRKqqo3wYuiOqwfpTQjKfk","user_info_UID_JAKoivK8LhMRNZ4hWIk6YFGXKa9u","user_info_UID_NNikwAIyX4nVsg5ShvytR5T73XAZ"]
24-07-12.19:36:10.594 [scheduling-1    ] INFO  GetNewData             - 定时任务扫描的keys:["user_info_UID_YRaZptE7mQpwqkV5XIr1hucsQ2Tx","user_info_UID_i2KXTMg5g6nhAOgWQwo1itlwHnQz","user_info_UID_jLKtbrB1V1dRD1QHAhwevYxVnHta","user_info_UID_AgHySDtRKqqo3wYuiOqwfpTQjKfk","user_info_UID_JAKoivK8LhMRNZ4hWIk6YFGXKa9u","user_info_UID_NNikwAIyX4nVsg5ShvytR5T73XAZ"]
24-07-12.19:36:13.589 [scheduling-1    ] INFO  GetNewData             - 定时任务扫描的keys:["user_info_UID_YRaZptE7mQpwqkV5XIr1hucsQ2Tx","user_info_UID_i2KXTMg5g6nhAOgWQwo1itlwHnQz","user_info_UID_jLKtbrB1V1dRD1QHAhwevYxVnHta","user_info_UID_AgHySDtRKqqo3wYuiOqwfpTQjKfk","user_info_UID_JAKoivK8LhMRNZ4hWIk6YFGXKa9u","user_info_UID_NNikwAIyX4nVsg5ShvytR5T73XAZ"]
24-07-12.19:36:16.580 [scheduling-1    ] INFO  GetNewData             - 定时任务扫描的keys:["user_info_UID_YRaZptE7mQpwqkV5XIr1hucsQ2Tx","user_info_UID_i2KXTMg5g6nhAOgWQwo1itlwHnQz","user_info_UID_jLKtbrB1V1dRD1QHAhwevYxVnHta","user_info_UID_AgHySDtRKqqo3wYuiOqwfpTQjKfk","user_info_UID_JAKoivK8LhMRNZ4hWIk6YFGXKa9u","user_info_UID_NNikwAIyX4nVsg5ShvytR5T73XAZ"]
24-07-12.19:36:19.605 [scheduling-1    ] INFO  GetNewData             - 定时任务扫描的keys:["user_info_UID_YRaZptE7mQpwqkV5XIr1hucsQ2Tx","user_info_UID_i2KXTMg5g6nhAOgWQwo1itlwHnQz","user_info_UID_jLKtbrB1V1dRD1QHAhwevYxVnHta","user_info_UID_AgHySDtRKqqo3wYuiOqwfpTQjKfk","user_info_UID_JAKoivK8LhMRNZ4hWIk6YFGXKa9u","user_info_UID_NNikwAIyX4nVsg5ShvytR5T73XAZ"]
24-07-12.19:36:22.599 [scheduling-1    ] INFO  GetNewData             - 定时任务扫描的keys:["user_info_UID_YRaZptE7mQpwqkV5XIr1hucsQ2Tx","user_info_UID_i2KXTMg5g6nhAOgWQwo1itlwHnQz","user_info_UID_jLKtbrB1V1dRD1QHAhwevYxVnHta","user_info_UID_AgHySDtRKqqo3wYuiOqwfpTQjKfk","user_info_UID_JAKoivK8LhMRNZ4hWIk6YFGXKa9u","user_info_UID_NNikwAIyX4nVsg5ShvytR5T73XAZ"]
24-07-12.19:36:25.588 [scheduling-1    ] INFO  GetNewData             - 定时任务扫描的keys:["user_info_UID_YRaZptE7mQpwqkV5XIr1hucsQ2Tx","user_info_UID_i2KXTMg5g6nhAOgWQwo1itlwHnQz","user_info_UID_jLKtbrB1V1dRD1QHAhwevYxVnHta","user_info_UID_AgHySDtRKqqo3wYuiOqwfpTQjKfk","user_info_UID_JAKoivK8LhMRNZ4hWIk6YFGXKa9u","user_info_UID_NNikwAIyX4nVsg5ShvytR5T73XAZ"]
24-07-12.19:36:28.587 [scheduling-1    ] INFO  GetNewData             - 定时任务扫描的keys:["user_info_UID_YRaZptE7mQpwqkV5XIr1hucsQ2Tx","user_info_UID_i2KXTMg5g6nhAOgWQwo1itlwHnQz","user_info_UID_jLKtbrB1V1dRD1QHAhwevYxVnHta","user_info_UID_AgHySDtRKqqo3wYuiOqwfpTQjKfk","user_info_UID_JAKoivK8LhMRNZ4hWIk6YFGXKa9u","user_info_UID_NNikwAIyX4nVsg5ShvytR5T73XAZ"]
24-07-12.19:36:31.584 [scheduling-1    ] INFO  GetNewData             - 定时任务扫描的keys:["user_info_UID_YRaZptE7mQpwqkV5XIr1hucsQ2Tx","user_info_UID_i2KXTMg5g6nhAOgWQwo1itlwHnQz","user_info_UID_jLKtbrB1V1dRD1QHAhwevYxVnHta","user_info_UID_AgHySDtRKqqo3wYuiOqwfpTQjKfk","user_info_UID_JAKoivK8LhMRNZ4hWIk6YFGXKa9u","user_info_UID_NNikwAIyX4nVsg5ShvytR5T73XAZ"]
24-07-12.19:36:34.583 [scheduling-1    ] INFO  GetNewData             - 定时任务扫描的keys:["user_info_UID_YRaZptE7mQpwqkV5XIr1hucsQ2Tx","user_info_UID_i2KXTMg5g6nhAOgWQwo1itlwHnQz","user_info_UID_jLKtbrB1V1dRD1QHAhwevYxVnHta","user_info_UID_AgHySDtRKqqo3wYuiOqwfpTQjKfk","user_info_UID_JAKoivK8LhMRNZ4hWIk6YFGXKa9u","user_info_UID_NNikwAIyX4nVsg5ShvytR5T73XAZ"]
24-07-12.19:36:37.705 [scheduling-1    ] INFO  GetNewData             - 定时任务扫描的keys:["user_info_UID_YRaZptE7mQpwqkV5XIr1hucsQ2Tx","user_info_UID_i2KXTMg5g6nhAOgWQwo1itlwHnQz","user_info_UID_jLKtbrB1V1dRD1QHAhwevYxVnHta","user_info_UID_AgHySDtRKqqo3wYuiOqwfpTQjKfk","user_info_UID_JAKoivK8LhMRNZ4hWIk6YFGXKa9u","user_info_UID_NNikwAIyX4nVsg5ShvytR5T73XAZ"]
24-07-12.19:36:40.600 [scheduling-1    ] INFO  GetNewData             - 定时任务扫描的keys:["user_info_UID_YRaZptE7mQpwqkV5XIr1hucsQ2Tx","user_info_UID_i2KXTMg5g6nhAOgWQwo1itlwHnQz","user_info_UID_jLKtbrB1V1dRD1QHAhwevYxVnHta","user_info_UID_AgHySDtRKqqo3wYuiOqwfpTQjKfk","user_info_UID_JAKoivK8LhMRNZ4hWIk6YFGXKa9u","user_info_UID_NNikwAIyX4nVsg5ShvytR5T73XAZ"]
24-07-12.19:36:43.615 [scheduling-1    ] INFO  GetNewData             - 定时任务扫描的keys:["user_info_UID_YRaZptE7mQpwqkV5XIr1hucsQ2Tx","user_info_UID_i2KXTMg5g6nhAOgWQwo1itlwHnQz","user_info_UID_jLKtbrB1V1dRD1QHAhwevYxVnHta","user_info_UID_AgHySDtRKqqo3wYuiOqwfpTQjKfk","user_info_UID_JAKoivK8LhMRNZ4hWIk6YFGXKa9u","user_info_UID_NNikwAIyX4nVsg5ShvytR5T73XAZ"]
24-07-12.19:36:46.602 [scheduling-1    ] INFO  GetNewData             - 定时任务扫描的keys:["user_info_UID_YRaZptE7mQpwqkV5XIr1hucsQ2Tx","user_info_UID_i2KXTMg5g6nhAOgWQwo1itlwHnQz","user_info_UID_jLKtbrB1V1dRD1QHAhwevYxVnHta","user_info_UID_AgHySDtRKqqo3wYuiOqwfpTQjKfk","user_info_UID_JAKoivK8LhMRNZ4hWIk6YFGXKa9u","user_info_UID_NNikwAIyX4nVsg5ShvytR5T73XAZ"]
24-07-12.19:36:49.584 [scheduling-1    ] INFO  GetNewData             - 定时任务扫描的keys:["user_info_UID_YRaZptE7mQpwqkV5XIr1hucsQ2Tx","user_info_UID_i2KXTMg5g6nhAOgWQwo1itlwHnQz","user_info_UID_jLKtbrB1V1dRD1QHAhwevYxVnHta","user_info_UID_AgHySDtRKqqo3wYuiOqwfpTQjKfk","user_info_UID_JAKoivK8LhMRNZ4hWIk6YFGXKa9u","user_info_UID_NNikwAIyX4nVsg5ShvytR5T73XAZ"]
24-07-12.19:36:52.595 [scheduling-1    ] INFO  GetNewData             - 定时任务扫描的keys:["user_info_UID_YRaZptE7mQpwqkV5XIr1hucsQ2Tx","user_info_UID_i2KXTMg5g6nhAOgWQwo1itlwHnQz","user_info_UID_jLKtbrB1V1dRD1QHAhwevYxVnHta","user_info_UID_AgHySDtRKqqo3wYuiOqwfpTQjKfk","user_info_UID_JAKoivK8LhMRNZ4hWIk6YFGXKa9u","user_info_UID_NNikwAIyX4nVsg5ShvytR5T73XAZ"]
24-07-12.19:36:55.580 [scheduling-1    ] INFO  GetNewData             - 定时任务扫描的keys:["user_info_UID_YRaZptE7mQpwqkV5XIr1hucsQ2Tx","user_info_UID_i2KXTMg5g6nhAOgWQwo1itlwHnQz","user_info_UID_jLKtbrB1V1dRD1QHAhwevYxVnHta","user_info_UID_AgHySDtRKqqo3wYuiOqwfpTQjKfk","user_info_UID_JAKoivK8LhMRNZ4hWIk6YFGXKa9u","user_info_UID_NNikwAIyX4nVsg5ShvytR5T73XAZ"]
24-07-12.19:36:58.619 [scheduling-1    ] INFO  GetNewData             - 定时任务扫描的keys:["user_info_UID_YRaZptE7mQpwqkV5XIr1hucsQ2Tx","user_info_UID_i2KXTMg5g6nhAOgWQwo1itlwHnQz","user_info_UID_jLKtbrB1V1dRD1QHAhwevYxVnHta","user_info_UID_AgHySDtRKqqo3wYuiOqwfpTQjKfk","user_info_UID_JAKoivK8LhMRNZ4hWIk6YFGXKa9u","user_info_UID_NNikwAIyX4nVsg5ShvytR5T73XAZ"]
24-07-12.19:37:01.609 [scheduling-1    ] INFO  GetNewData             - 定时任务扫描的keys:["user_info_UID_YRaZptE7mQpwqkV5XIr1hucsQ2Tx","user_info_UID_i2KXTMg5g6nhAOgWQwo1itlwHnQz","user_info_UID_jLKtbrB1V1dRD1QHAhwevYxVnHta","user_info_UID_AgHySDtRKqqo3wYuiOqwfpTQjKfk","user_info_UID_JAKoivK8LhMRNZ4hWIk6YFGXKa9u","user_info_UID_NNikwAIyX4nVsg5ShvytR5T73XAZ"]
24-07-12.19:37:04.582 [scheduling-1    ] INFO  GetNewData             - 定时任务扫描的keys:["user_info_UID_YRaZptE7mQpwqkV5XIr1hucsQ2Tx","user_info_UID_i2KXTMg5g6nhAOgWQwo1itlwHnQz","user_info_UID_jLKtbrB1V1dRD1QHAhwevYxVnHta","user_info_UID_AgHySDtRKqqo3wYuiOqwfpTQjKfk","user_info_UID_JAKoivK8LhMRNZ4hWIk6YFGXKa9u","user_info_UID_NNikwAIyX4nVsg5ShvytR5T73XAZ"]
24-07-12.19:37:07.585 [scheduling-1    ] INFO  GetNewData             - 定时任务扫描的keys:["user_info_UID_YRaZptE7mQpwqkV5XIr1hucsQ2Tx","user_info_UID_i2KXTMg5g6nhAOgWQwo1itlwHnQz","user_info_UID_jLKtbrB1V1dRD1QHAhwevYxVnHta","user_info_UID_AgHySDtRKqqo3wYuiOqwfpTQjKfk","user_info_UID_JAKoivK8LhMRNZ4hWIk6YFGXKa9u","user_info_UID_NNikwAIyX4nVsg5ShvytR5T73XAZ"]
24-07-12.19:37:10.586 [scheduling-1    ] INFO  GetNewData             - 定时任务扫描的keys:["user_info_UID_YRaZptE7mQpwqkV5XIr1hucsQ2Tx","user_info_UID_i2KXTMg5g6nhAOgWQwo1itlwHnQz","user_info_UID_jLKtbrB1V1dRD1QHAhwevYxVnHta","user_info_UID_AgHySDtRKqqo3wYuiOqwfpTQjKfk","user_info_UID_JAKoivK8LhMRNZ4hWIk6YFGXKa9u","user_info_UID_NNikwAIyX4nVsg5ShvytR5T73XAZ"]
24-07-12.19:37:13.607 [scheduling-1    ] INFO  GetNewData             - 定时任务扫描的keys:["user_info_UID_YRaZptE7mQpwqkV5XIr1hucsQ2Tx","user_info_UID_i2KXTMg5g6nhAOgWQwo1itlwHnQz","user_info_UID_jLKtbrB1V1dRD1QHAhwevYxVnHta","user_info_UID_AgHySDtRKqqo3wYuiOqwfpTQjKfk","user_info_UID_JAKoivK8LhMRNZ4hWIk6YFGXKa9u","user_info_UID_NNikwAIyX4nVsg5ShvytR5T73XAZ"]
24-07-12.19:37:16.597 [scheduling-1    ] INFO  GetNewData             - 定时任务扫描的keys:["user_info_UID_YRaZptE7mQpwqkV5XIr1hucsQ2Tx","user_info_UID_i2KXTMg5g6nhAOgWQwo1itlwHnQz","user_info_UID_jLKtbrB1V1dRD1QHAhwevYxVnHta","user_info_UID_AgHySDtRKqqo3wYuiOqwfpTQjKfk","user_info_UID_JAKoivK8LhMRNZ4hWIk6YFGXKa9u","user_info_UID_NNikwAIyX4nVsg5ShvytR5T73XAZ"]
24-07-12.19:37:19.588 [scheduling-1    ] INFO  GetNewData             - 定时任务扫描的keys:["user_info_UID_YRaZptE7mQpwqkV5XIr1hucsQ2Tx","user_info_UID_i2KXTMg5g6nhAOgWQwo1itlwHnQz","user_info_UID_jLKtbrB1V1dRD1QHAhwevYxVnHta","user_info_UID_AgHySDtRKqqo3wYuiOqwfpTQjKfk","user_info_UID_JAKoivK8LhMRNZ4hWIk6YFGXKa9u","user_info_UID_NNikwAIyX4nVsg5ShvytR5T73XAZ"]
24-07-12.19:37:22.606 [scheduling-1    ] INFO  GetNewData             - 定时任务扫描的keys:["user_info_UID_YRaZptE7mQpwqkV5XIr1hucsQ2Tx","user_info_UID_i2KXTMg5g6nhAOgWQwo1itlwHnQz","user_info_UID_jLKtbrB1V1dRD1QHAhwevYxVnHta","user_info_UID_AgHySDtRKqqo3wYuiOqwfpTQjKfk","user_info_UID_JAKoivK8LhMRNZ4hWIk6YFGXKa9u","user_info_UID_NNikwAIyX4nVsg5ShvytR5T73XAZ"]
24-07-12.19:37:25.677 [scheduling-1    ] INFO  GetNewData             - 定时任务扫描的keys:["user_info_UID_YRaZptE7mQpwqkV5XIr1hucsQ2Tx","user_info_UID_i2KXTMg5g6nhAOgWQwo1itlwHnQz","user_info_UID_jLKtbrB1V1dRD1QHAhwevYxVnHta","user_info_UID_AgHySDtRKqqo3wYuiOqwfpTQjKfk","user_info_UID_JAKoivK8LhMRNZ4hWIk6YFGXKa9u","user_info_UID_NNikwAIyX4nVsg5ShvytR5T73XAZ"]
24-07-12.19:37:28.592 [scheduling-1    ] INFO  GetNewData             - 定时任务扫描的keys:["user_info_UID_YRaZptE7mQpwqkV5XIr1hucsQ2Tx","user_info_UID_i2KXTMg5g6nhAOgWQwo1itlwHnQz","user_info_UID_jLKtbrB1V1dRD1QHAhwevYxVnHta","user_info_UID_AgHySDtRKqqo3wYuiOqwfpTQjKfk","user_info_UID_JAKoivK8LhMRNZ4hWIk6YFGXKa9u","user_info_UID_NNikwAIyX4nVsg5ShvytR5T73XAZ"]
24-07-12.19:37:31.615 [scheduling-1    ] INFO  GetNewData             - 定时任务扫描的keys:["user_info_UID_YRaZptE7mQpwqkV5XIr1hucsQ2Tx","user_info_UID_i2KXTMg5g6nhAOgWQwo1itlwHnQz","user_info_UID_jLKtbrB1V1dRD1QHAhwevYxVnHta","user_info_UID_AgHySDtRKqqo3wYuiOqwfpTQjKfk","user_info_UID_JAKoivK8LhMRNZ4hWIk6YFGXKa9u","user_info_UID_NNikwAIyX4nVsg5ShvytR5T73XAZ"]
24-07-12.19:37:34.624 [scheduling-1    ] INFO  GetNewData             - 定时任务扫描的keys:["user_info_UID_YRaZptE7mQpwqkV5XIr1hucsQ2Tx","user_info_UID_i2KXTMg5g6nhAOgWQwo1itlwHnQz","user_info_UID_jLKtbrB1V1dRD1QHAhwevYxVnHta","user_info_UID_AgHySDtRKqqo3wYuiOqwfpTQjKfk","user_info_UID_JAKoivK8LhMRNZ4hWIk6YFGXKa9u","user_info_UID_NNikwAIyX4nVsg5ShvytR5T73XAZ"]
24-07-12.19:37:37.595 [scheduling-1    ] INFO  GetNewData             - 定时任务扫描的keys:["user_info_UID_YRaZptE7mQpwqkV5XIr1hucsQ2Tx","user_info_UID_i2KXTMg5g6nhAOgWQwo1itlwHnQz","user_info_UID_jLKtbrB1V1dRD1QHAhwevYxVnHta","user_info_UID_AgHySDtRKqqo3wYuiOqwfpTQjKfk","user_info_UID_JAKoivK8LhMRNZ4hWIk6YFGXKa9u","user_info_UID_NNikwAIyX4nVsg5ShvytR5T73XAZ"]
24-07-12.19:37:40.608 [scheduling-1    ] INFO  GetNewData             - 定时任务扫描的keys:["user_info_UID_YRaZptE7mQpwqkV5XIr1hucsQ2Tx","user_info_UID_i2KXTMg5g6nhAOgWQwo1itlwHnQz","user_info_UID_jLKtbrB1V1dRD1QHAhwevYxVnHta","user_info_UID_AgHySDtRKqqo3wYuiOqwfpTQjKfk","user_info_UID_JAKoivK8LhMRNZ4hWIk6YFGXKa9u","user_info_UID_NNikwAIyX4nVsg5ShvytR5T73XAZ"]
24-07-12.19:37:43.613 [scheduling-1    ] INFO  GetNewData             - 定时任务扫描的keys:["user_info_UID_YRaZptE7mQpwqkV5XIr1hucsQ2Tx","user_info_UID_i2KXTMg5g6nhAOgWQwo1itlwHnQz","user_info_UID_jLKtbrB1V1dRD1QHAhwevYxVnHta","user_info_UID_AgHySDtRKqqo3wYuiOqwfpTQjKfk","user_info_UID_JAKoivK8LhMRNZ4hWIk6YFGXKa9u","user_info_UID_NNikwAIyX4nVsg5ShvytR5T73XAZ"]
24-07-12.19:37:46.604 [scheduling-1    ] INFO  GetNewData             - 定时任务扫描的keys:["user_info_UID_YRaZptE7mQpwqkV5XIr1hucsQ2Tx","user_info_UID_i2KXTMg5g6nhAOgWQwo1itlwHnQz","user_info_UID_jLKtbrB1V1dRD1QHAhwevYxVnHta","user_info_UID_AgHySDtRKqqo3wYuiOqwfpTQjKfk","user_info_UID_JAKoivK8LhMRNZ4hWIk6YFGXKa9u","user_info_UID_NNikwAIyX4nVsg5ShvytR5T73XAZ"]
24-07-12.19:37:49.599 [scheduling-1    ] INFO  GetNewData             - 定时任务扫描的keys:["user_info_UID_YRaZptE7mQpwqkV5XIr1hucsQ2Tx","user_info_UID_i2KXTMg5g6nhAOgWQwo1itlwHnQz","user_info_UID_jLKtbrB1V1dRD1QHAhwevYxVnHta","user_info_UID_AgHySDtRKqqo3wYuiOqwfpTQjKfk","user_info_UID_JAKoivK8LhMRNZ4hWIk6YFGXKa9u","user_info_UID_NNikwAIyX4nVsg5ShvytR5T73XAZ"]
24-07-12.19:37:52.590 [scheduling-1    ] INFO  GetNewData             - 定时任务扫描的keys:["user_info_UID_YRaZptE7mQpwqkV5XIr1hucsQ2Tx","user_info_UID_i2KXTMg5g6nhAOgWQwo1itlwHnQz","user_info_UID_jLKtbrB1V1dRD1QHAhwevYxVnHta","user_info_UID_AgHySDtRKqqo3wYuiOqwfpTQjKfk","user_info_UID_JAKoivK8LhMRNZ4hWIk6YFGXKa9u","user_info_UID_NNikwAIyX4nVsg5ShvytR5T73XAZ"]
24-07-12.19:37:55.692 [scheduling-1    ] INFO  GetNewData             - 定时任务扫描的keys:["user_info_UID_YRaZptE7mQpwqkV5XIr1hucsQ2Tx","user_info_UID_i2KXTMg5g6nhAOgWQwo1itlwHnQz","user_info_UID_jLKtbrB1V1dRD1QHAhwevYxVnHta","user_info_UID_AgHySDtRKqqo3wYuiOqwfpTQjKfk","user_info_UID_JAKoivK8LhMRNZ4hWIk6YFGXKa9u","user_info_UID_NNikwAIyX4nVsg5ShvytR5T73XAZ"]
24-07-12.19:37:58.605 [scheduling-1    ] INFO  GetNewData             - 定时任务扫描的keys:["user_info_UID_YRaZptE7mQpwqkV5XIr1hucsQ2Tx","user_info_UID_i2KXTMg5g6nhAOgWQwo1itlwHnQz","user_info_UID_jLKtbrB1V1dRD1QHAhwevYxVnHta","user_info_UID_AgHySDtRKqqo3wYuiOqwfpTQjKfk","user_info_UID_JAKoivK8LhMRNZ4hWIk6YFGXKa9u","user_info_UID_NNikwAIyX4nVsg5ShvytR5T73XAZ"]
24-07-12.19:38:01.579 [scheduling-1    ] INFO  GetNewData             - 定时任务扫描的keys:["user_info_UID_YRaZptE7mQpwqkV5XIr1hucsQ2Tx","user_info_UID_i2KXTMg5g6nhAOgWQwo1itlwHnQz","user_info_UID_jLKtbrB1V1dRD1QHAhwevYxVnHta","user_info_UID_AgHySDtRKqqo3wYuiOqwfpTQjKfk","user_info_UID_JAKoivK8LhMRNZ4hWIk6YFGXKa9u","user_info_UID_NNikwAIyX4nVsg5ShvytR5T73XAZ"]
24-07-12.19:38:04.603 [scheduling-1    ] INFO  GetNewData             - 定时任务扫描的keys:["user_info_UID_YRaZptE7mQpwqkV5XIr1hucsQ2Tx","user_info_UID_i2KXTMg5g6nhAOgWQwo1itlwHnQz","user_info_UID_jLKtbrB1V1dRD1QHAhwevYxVnHta","user_info_UID_AgHySDtRKqqo3wYuiOqwfpTQjKfk","user_info_UID_JAKoivK8LhMRNZ4hWIk6YFGXKa9u","user_info_UID_NNikwAIyX4nVsg5ShvytR5T73XAZ"]
24-07-12.19:38:07.585 [scheduling-1    ] INFO  GetNewData             - 定时任务扫描的keys:["user_info_UID_YRaZptE7mQpwqkV5XIr1hucsQ2Tx","user_info_UID_i2KXTMg5g6nhAOgWQwo1itlwHnQz","user_info_UID_jLKtbrB1V1dRD1QHAhwevYxVnHta","user_info_UID_AgHySDtRKqqo3wYuiOqwfpTQjKfk","user_info_UID_JAKoivK8LhMRNZ4hWIk6YFGXKa9u","user_info_UID_NNikwAIyX4nVsg5ShvytR5T73XAZ"]
24-07-12.19:38:10.609 [scheduling-1    ] INFO  GetNewData             - 定时任务扫描的keys:["user_info_UID_YRaZptE7mQpwqkV5XIr1hucsQ2Tx","user_info_UID_i2KXTMg5g6nhAOgWQwo1itlwHnQz","user_info_UID_jLKtbrB1V1dRD1QHAhwevYxVnHta","user_info_UID_AgHySDtRKqqo3wYuiOqwfpTQjKfk","user_info_UID_JAKoivK8LhMRNZ4hWIk6YFGXKa9u","user_info_UID_NNikwAIyX4nVsg5ShvytR5T73XAZ"]
24-07-12.19:38:13.589 [scheduling-1    ] INFO  GetNewData             - 定时任务扫描的keys:["user_info_UID_YRaZptE7mQpwqkV5XIr1hucsQ2Tx","user_info_UID_i2KXTMg5g6nhAOgWQwo1itlwHnQz","user_info_UID_jLKtbrB1V1dRD1QHAhwevYxVnHta","user_info_UID_AgHySDtRKqqo3wYuiOqwfpTQjKfk","user_info_UID_JAKoivK8LhMRNZ4hWIk6YFGXKa9u","user_info_UID_NNikwAIyX4nVsg5ShvytR5T73XAZ"]
24-07-12.19:38:16.590 [scheduling-1    ] INFO  GetNewData             - 定时任务扫描的keys:["user_info_UID_YRaZptE7mQpwqkV5XIr1hucsQ2Tx","user_info_UID_i2KXTMg5g6nhAOgWQwo1itlwHnQz","user_info_UID_jLKtbrB1V1dRD1QHAhwevYxVnHta","user_info_UID_AgHySDtRKqqo3wYuiOqwfpTQjKfk","user_info_UID_JAKoivK8LhMRNZ4hWIk6YFGXKa9u","user_info_UID_NNikwAIyX4nVsg5ShvytR5T73XAZ"]
24-07-12.19:38:19.582 [scheduling-1    ] INFO  GetNewData             - 定时任务扫描的keys:["user_info_UID_YRaZptE7mQpwqkV5XIr1hucsQ2Tx","user_info_UID_i2KXTMg5g6nhAOgWQwo1itlwHnQz","user_info_UID_jLKtbrB1V1dRD1QHAhwevYxVnHta","user_info_UID_AgHySDtRKqqo3wYuiOqwfpTQjKfk","user_info_UID_JAKoivK8LhMRNZ4hWIk6YFGXKa9u","user_info_UID_NNikwAIyX4nVsg5ShvytR5T73XAZ"]
24-07-12.19:38:22.589 [scheduling-1    ] INFO  GetNewData             - 定时任务扫描的keys:["user_info_UID_YRaZptE7mQpwqkV5XIr1hucsQ2Tx","user_info_UID_i2KXTMg5g6nhAOgWQwo1itlwHnQz","user_info_UID_jLKtbrB1V1dRD1QHAhwevYxVnHta","user_info_UID_AgHySDtRKqqo3wYuiOqwfpTQjKfk","user_info_UID_JAKoivK8LhMRNZ4hWIk6YFGXKa9u","user_info_UID_NNikwAIyX4nVsg5ShvytR5T73XAZ"]
24-07-12.19:38:25.581 [scheduling-1    ] INFO  GetNewData             - 定时任务扫描的keys:["user_info_UID_YRaZptE7mQpwqkV5XIr1hucsQ2Tx","user_info_UID_i2KXTMg5g6nhAOgWQwo1itlwHnQz","user_info_UID_jLKtbrB1V1dRD1QHAhwevYxVnHta","user_info_UID_AgHySDtRKqqo3wYuiOqwfpTQjKfk","user_info_UID_JAKoivK8LhMRNZ4hWIk6YFGXKa9u","user_info_UID_NNikwAIyX4nVsg5ShvytR5T73XAZ"]
24-07-12.19:38:28.611 [scheduling-1    ] INFO  GetNewData             - 定时任务扫描的keys:["user_info_UID_YRaZptE7mQpwqkV5XIr1hucsQ2Tx","user_info_UID_i2KXTMg5g6nhAOgWQwo1itlwHnQz","user_info_UID_jLKtbrB1V1dRD1QHAhwevYxVnHta","user_info_UID_AgHySDtRKqqo3wYuiOqwfpTQjKfk","user_info_UID_JAKoivK8LhMRNZ4hWIk6YFGXKa9u","user_info_UID_NNikwAIyX4nVsg5ShvytR5T73XAZ"]
24-07-12.19:38:31.610 [scheduling-1    ] INFO  GetNewData             - 定时任务扫描的keys:["user_info_UID_YRaZptE7mQpwqkV5XIr1hucsQ2Tx","user_info_UID_i2KXTMg5g6nhAOgWQwo1itlwHnQz","user_info_UID_jLKtbrB1V1dRD1QHAhwevYxVnHta","user_info_UID_AgHySDtRKqqo3wYuiOqwfpTQjKfk","user_info_UID_JAKoivK8LhMRNZ4hWIk6YFGXKa9u","user_info_UID_NNikwAIyX4nVsg5ShvytR5T73XAZ"]
24-07-12.19:38:34.605 [scheduling-1    ] INFO  GetNewData             - 定时任务扫描的keys:["user_info_UID_YRaZptE7mQpwqkV5XIr1hucsQ2Tx","user_info_UID_i2KXTMg5g6nhAOgWQwo1itlwHnQz","user_info_UID_jLKtbrB1V1dRD1QHAhwevYxVnHta","user_info_UID_AgHySDtRKqqo3wYuiOqwfpTQjKfk","user_info_UID_JAKoivK8LhMRNZ4hWIk6YFGXKa9u","user_info_UID_NNikwAIyX4nVsg5ShvytR5T73XAZ"]
24-07-12.19:38:37.703 [scheduling-1    ] INFO  GetNewData             - 定时任务扫描的keys:["user_info_UID_YRaZptE7mQpwqkV5XIr1hucsQ2Tx","user_info_UID_i2KXTMg5g6nhAOgWQwo1itlwHnQz","user_info_UID_jLKtbrB1V1dRD1QHAhwevYxVnHta","user_info_UID_AgHySDtRKqqo3wYuiOqwfpTQjKfk","user_info_UID_JAKoivK8LhMRNZ4hWIk6YFGXKa9u","user_info_UID_NNikwAIyX4nVsg5ShvytR5T73XAZ"]
24-07-12.19:38:40.609 [scheduling-1    ] INFO  GetNewData             - 定时任务扫描的keys:["user_info_UID_YRaZptE7mQpwqkV5XIr1hucsQ2Tx","user_info_UID_i2KXTMg5g6nhAOgWQwo1itlwHnQz","user_info_UID_jLKtbrB1V1dRD1QHAhwevYxVnHta","user_info_UID_AgHySDtRKqqo3wYuiOqwfpTQjKfk","user_info_UID_JAKoivK8LhMRNZ4hWIk6YFGXKa9u","user_info_UID_NNikwAIyX4nVsg5ShvytR5T73XAZ"]
24-07-12.19:38:43.610 [scheduling-1    ] INFO  GetNewData             - 定时任务扫描的keys:["user_info_UID_YRaZptE7mQpwqkV5XIr1hucsQ2Tx","user_info_UID_i2KXTMg5g6nhAOgWQwo1itlwHnQz","user_info_UID_jLKtbrB1V1dRD1QHAhwevYxVnHta","user_info_UID_AgHySDtRKqqo3wYuiOqwfpTQjKfk","user_info_UID_JAKoivK8LhMRNZ4hWIk6YFGXKa9u","user_info_UID_NNikwAIyX4nVsg5ShvytR5T73XAZ"]
24-07-12.19:38:46.590 [scheduling-1    ] INFO  GetNewData             - 定时任务扫描的keys:["user_info_UID_YRaZptE7mQpwqkV5XIr1hucsQ2Tx","user_info_UID_i2KXTMg5g6nhAOgWQwo1itlwHnQz","user_info_UID_jLKtbrB1V1dRD1QHAhwevYxVnHta","user_info_UID_AgHySDtRKqqo3wYuiOqwfpTQjKfk","user_info_UID_JAKoivK8LhMRNZ4hWIk6YFGXKa9u","user_info_UID_NNikwAIyX4nVsg5ShvytR5T73XAZ"]
24-07-12.19:38:49.580 [scheduling-1    ] INFO  GetNewData             - 定时任务扫描的keys:["user_info_UID_YRaZptE7mQpwqkV5XIr1hucsQ2Tx","user_info_UID_i2KXTMg5g6nhAOgWQwo1itlwHnQz","user_info_UID_jLKtbrB1V1dRD1QHAhwevYxVnHta","user_info_UID_AgHySDtRKqqo3wYuiOqwfpTQjKfk","user_info_UID_JAKoivK8LhMRNZ4hWIk6YFGXKa9u","user_info_UID_NNikwAIyX4nVsg5ShvytR5T73XAZ"]
24-07-12.19:38:52.609 [scheduling-1    ] INFO  GetNewData             - 定时任务扫描的keys:["user_info_UID_YRaZptE7mQpwqkV5XIr1hucsQ2Tx","user_info_UID_i2KXTMg5g6nhAOgWQwo1itlwHnQz","user_info_UID_jLKtbrB1V1dRD1QHAhwevYxVnHta","user_info_UID_AgHySDtRKqqo3wYuiOqwfpTQjKfk","user_info_UID_JAKoivK8LhMRNZ4hWIk6YFGXKa9u","user_info_UID_NNikwAIyX4nVsg5ShvytR5T73XAZ"]
24-07-12.19:38:55.602 [scheduling-1    ] INFO  GetNewData             - 定时任务扫描的keys:["user_info_UID_YRaZptE7mQpwqkV5XIr1hucsQ2Tx","user_info_UID_i2KXTMg5g6nhAOgWQwo1itlwHnQz","user_info_UID_jLKtbrB1V1dRD1QHAhwevYxVnHta","user_info_UID_AgHySDtRKqqo3wYuiOqwfpTQjKfk","user_info_UID_JAKoivK8LhMRNZ4hWIk6YFGXKa9u","user_info_UID_NNikwAIyX4nVsg5ShvytR5T73XAZ"]
24-07-12.19:38:58.592 [scheduling-1    ] INFO  GetNewData             - 定时任务扫描的keys:["user_info_UID_YRaZptE7mQpwqkV5XIr1hucsQ2Tx","user_info_UID_i2KXTMg5g6nhAOgWQwo1itlwHnQz","user_info_UID_jLKtbrB1V1dRD1QHAhwevYxVnHta","user_info_UID_AgHySDtRKqqo3wYuiOqwfpTQjKfk","user_info_UID_JAKoivK8LhMRNZ4hWIk6YFGXKa9u","user_info_UID_NNikwAIyX4nVsg5ShvytR5T73XAZ"]
24-07-12.19:39:01.590 [scheduling-1    ] INFO  GetNewData             - 定时任务扫描的keys:["user_info_UID_YRaZptE7mQpwqkV5XIr1hucsQ2Tx","user_info_UID_i2KXTMg5g6nhAOgWQwo1itlwHnQz","user_info_UID_jLKtbrB1V1dRD1QHAhwevYxVnHta","user_info_UID_AgHySDtRKqqo3wYuiOqwfpTQjKfk","user_info_UID_JAKoivK8LhMRNZ4hWIk6YFGXKa9u","user_info_UID_NNikwAIyX4nVsg5ShvytR5T73XAZ"]
24-07-12.19:39:04.611 [scheduling-1    ] INFO  GetNewData             - 定时任务扫描的keys:["user_info_UID_YRaZptE7mQpwqkV5XIr1hucsQ2Tx","user_info_UID_i2KXTMg5g6nhAOgWQwo1itlwHnQz","user_info_UID_jLKtbrB1V1dRD1QHAhwevYxVnHta","user_info_UID_AgHySDtRKqqo3wYuiOqwfpTQjKfk","user_info_UID_JAKoivK8LhMRNZ4hWIk6YFGXKa9u","user_info_UID_NNikwAIyX4nVsg5ShvytR5T73XAZ"]
24-07-12.19:39:07.604 [scheduling-1    ] INFO  GetNewData             - 定时任务扫描的keys:["user_info_UID_YRaZptE7mQpwqkV5XIr1hucsQ2Tx","user_info_UID_i2KXTMg5g6nhAOgWQwo1itlwHnQz","user_info_UID_jLKtbrB1V1dRD1QHAhwevYxVnHta","user_info_UID_AgHySDtRKqqo3wYuiOqwfpTQjKfk","user_info_UID_JAKoivK8LhMRNZ4hWIk6YFGXKa9u","user_info_UID_NNikwAIyX4nVsg5ShvytR5T73XAZ"]
24-07-12.19:39:10.612 [scheduling-1    ] INFO  GetNewData             - 定时任务扫描的keys:["user_info_UID_YRaZptE7mQpwqkV5XIr1hucsQ2Tx","user_info_UID_i2KXTMg5g6nhAOgWQwo1itlwHnQz","user_info_UID_jLKtbrB1V1dRD1QHAhwevYxVnHta","user_info_UID_AgHySDtRKqqo3wYuiOqwfpTQjKfk","user_info_UID_JAKoivK8LhMRNZ4hWIk6YFGXKa9u","user_info_UID_NNikwAIyX4nVsg5ShvytR5T73XAZ"]
24-07-12.19:39:13.607 [scheduling-1    ] INFO  GetNewData             - 定时任务扫描的keys:["user_info_UID_YRaZptE7mQpwqkV5XIr1hucsQ2Tx","user_info_UID_i2KXTMg5g6nhAOgWQwo1itlwHnQz","user_info_UID_jLKtbrB1V1dRD1QHAhwevYxVnHta","user_info_UID_AgHySDtRKqqo3wYuiOqwfpTQjKfk","user_info_UID_JAKoivK8LhMRNZ4hWIk6YFGXKa9u","user_info_UID_NNikwAIyX4nVsg5ShvytR5T73XAZ"]
24-07-12.19:39:16.594 [scheduling-1    ] INFO  GetNewData             - 定时任务扫描的keys:["user_info_UID_YRaZptE7mQpwqkV5XIr1hucsQ2Tx","user_info_UID_i2KXTMg5g6nhAOgWQwo1itlwHnQz","user_info_UID_jLKtbrB1V1dRD1QHAhwevYxVnHta","user_info_UID_AgHySDtRKqqo3wYuiOqwfpTQjKfk","user_info_UID_JAKoivK8LhMRNZ4hWIk6YFGXKa9u","user_info_UID_NNikwAIyX4nVsg5ShvytR5T73XAZ"]
24-07-12.19:39:19.589 [scheduling-1    ] INFO  GetNewData             - 定时任务扫描的keys:["user_info_UID_YRaZptE7mQpwqkV5XIr1hucsQ2Tx","user_info_UID_i2KXTMg5g6nhAOgWQwo1itlwHnQz","user_info_UID_jLKtbrB1V1dRD1QHAhwevYxVnHta","user_info_UID_AgHySDtRKqqo3wYuiOqwfpTQjKfk","user_info_UID_JAKoivK8LhMRNZ4hWIk6YFGXKa9u","user_info_UID_NNikwAIyX4nVsg5ShvytR5T73XAZ"]
24-07-12.19:39:22.605 [scheduling-1    ] INFO  GetNewData             - 定时任务扫描的keys:["user_info_UID_YRaZptE7mQpwqkV5XIr1hucsQ2Tx","user_info_UID_i2KXTMg5g6nhAOgWQwo1itlwHnQz","user_info_UID_jLKtbrB1V1dRD1QHAhwevYxVnHta","user_info_UID_AgHySDtRKqqo3wYuiOqwfpTQjKfk","user_info_UID_JAKoivK8LhMRNZ4hWIk6YFGXKa9u","user_info_UID_NNikwAIyX4nVsg5ShvytR5T73XAZ"]
24-07-12.19:39:25.604 [scheduling-1    ] INFO  GetNewData             - 定时任务扫描的keys:["user_info_UID_YRaZptE7mQpwqkV5XIr1hucsQ2Tx","user_info_UID_i2KXTMg5g6nhAOgWQwo1itlwHnQz","user_info_UID_jLKtbrB1V1dRD1QHAhwevYxVnHta","user_info_UID_AgHySDtRKqqo3wYuiOqwfpTQjKfk","user_info_UID_JAKoivK8LhMRNZ4hWIk6YFGXKa9u","user_info_UID_NNikwAIyX4nVsg5ShvytR5T73XAZ"]
24-07-12.19:39:28.610 [scheduling-1    ] INFO  GetNewData             - 定时任务扫描的keys:["user_info_UID_YRaZptE7mQpwqkV5XIr1hucsQ2Tx","user_info_UID_i2KXTMg5g6nhAOgWQwo1itlwHnQz","user_info_UID_jLKtbrB1V1dRD1QHAhwevYxVnHta","user_info_UID_AgHySDtRKqqo3wYuiOqwfpTQjKfk","user_info_UID_JAKoivK8LhMRNZ4hWIk6YFGXKa9u","user_info_UID_NNikwAIyX4nVsg5ShvytR5T73XAZ"]
24-07-12.19:39:31.608 [scheduling-1    ] INFO  GetNewData             - 定时任务扫描的keys:["user_info_UID_YRaZptE7mQpwqkV5XIr1hucsQ2Tx","user_info_UID_i2KXTMg5g6nhAOgWQwo1itlwHnQz","user_info_UID_jLKtbrB1V1dRD1QHAhwevYxVnHta","user_info_UID_AgHySDtRKqqo3wYuiOqwfpTQjKfk","user_info_UID_JAKoivK8LhMRNZ4hWIk6YFGXKa9u","user_info_UID_NNikwAIyX4nVsg5ShvytR5T73XAZ"]
24-07-12.19:39:34.586 [scheduling-1    ] INFO  GetNewData             - 定时任务扫描的keys:["user_info_UID_YRaZptE7mQpwqkV5XIr1hucsQ2Tx","user_info_UID_i2KXTMg5g6nhAOgWQwo1itlwHnQz","user_info_UID_jLKtbrB1V1dRD1QHAhwevYxVnHta","user_info_UID_AgHySDtRKqqo3wYuiOqwfpTQjKfk","user_info_UID_JAKoivK8LhMRNZ4hWIk6YFGXKa9u","user_info_UID_NNikwAIyX4nVsg5ShvytR5T73XAZ"]
24-07-12.19:39:37.581 [scheduling-1    ] INFO  GetNewData             - 定时任务扫描的keys:["user_info_UID_YRaZptE7mQpwqkV5XIr1hucsQ2Tx","user_info_UID_i2KXTMg5g6nhAOgWQwo1itlwHnQz","user_info_UID_jLKtbrB1V1dRD1QHAhwevYxVnHta","user_info_UID_AgHySDtRKqqo3wYuiOqwfpTQjKfk","user_info_UID_JAKoivK8LhMRNZ4hWIk6YFGXKa9u","user_info_UID_NNikwAIyX4nVsg5ShvytR5T73XAZ"]
24-07-12.19:39:40.598 [scheduling-1    ] INFO  GetNewData             - 定时任务扫描的keys:["user_info_UID_YRaZptE7mQpwqkV5XIr1hucsQ2Tx","user_info_UID_i2KXTMg5g6nhAOgWQwo1itlwHnQz","user_info_UID_jLKtbrB1V1dRD1QHAhwevYxVnHta","user_info_UID_AgHySDtRKqqo3wYuiOqwfpTQjKfk","user_info_UID_JAKoivK8LhMRNZ4hWIk6YFGXKa9u","user_info_UID_NNikwAIyX4nVsg5ShvytR5T73XAZ"]
24-07-12.19:39:43.578 [scheduling-1    ] INFO  GetNewData             - 定时任务扫描的keys:["user_info_UID_YRaZptE7mQpwqkV5XIr1hucsQ2Tx","user_info_UID_i2KXTMg5g6nhAOgWQwo1itlwHnQz","user_info_UID_jLKtbrB1V1dRD1QHAhwevYxVnHta","user_info_UID_AgHySDtRKqqo3wYuiOqwfpTQjKfk","user_info_UID_JAKoivK8LhMRNZ4hWIk6YFGXKa9u","user_info_UID_NNikwAIyX4nVsg5ShvytR5T73XAZ"]
24-07-12.19:39:46.580 [scheduling-1    ] INFO  GetNewData             - 定时任务扫描的keys:["user_info_UID_YRaZptE7mQpwqkV5XIr1hucsQ2Tx","user_info_UID_i2KXTMg5g6nhAOgWQwo1itlwHnQz","user_info_UID_jLKtbrB1V1dRD1QHAhwevYxVnHta","user_info_UID_AgHySDtRKqqo3wYuiOqwfpTQjKfk","user_info_UID_JAKoivK8LhMRNZ4hWIk6YFGXKa9u","user_info_UID_NNikwAIyX4nVsg5ShvytR5T73XAZ"]
24-07-12.19:39:49.585 [scheduling-1    ] INFO  GetNewData             - 定时任务扫描的keys:["user_info_UID_YRaZptE7mQpwqkV5XIr1hucsQ2Tx","user_info_UID_i2KXTMg5g6nhAOgWQwo1itlwHnQz","user_info_UID_jLKtbrB1V1dRD1QHAhwevYxVnHta","user_info_UID_AgHySDtRKqqo3wYuiOqwfpTQjKfk","user_info_UID_JAKoivK8LhMRNZ4hWIk6YFGXKa9u","user_info_UID_NNikwAIyX4nVsg5ShvytR5T73XAZ"]
24-07-12.19:39:52.581 [scheduling-1    ] INFO  GetNewData             - 定时任务扫描的keys:["user_info_UID_YRaZptE7mQpwqkV5XIr1hucsQ2Tx","user_info_UID_i2KXTMg5g6nhAOgWQwo1itlwHnQz","user_info_UID_jLKtbrB1V1dRD1QHAhwevYxVnHta","user_info_UID_AgHySDtRKqqo3wYuiOqwfpTQjKfk","user_info_UID_JAKoivK8LhMRNZ4hWIk6YFGXKa9u","user_info_UID_NNikwAIyX4nVsg5ShvytR5T73XAZ"]
24-07-12.19:39:55.691 [scheduling-1    ] INFO  GetNewData             - 定时任务扫描的keys:["user_info_UID_YRaZptE7mQpwqkV5XIr1hucsQ2Tx","user_info_UID_i2KXTMg5g6nhAOgWQwo1itlwHnQz","user_info_UID_jLKtbrB1V1dRD1QHAhwevYxVnHta","user_info_UID_AgHySDtRKqqo3wYuiOqwfpTQjKfk","user_info_UID_JAKoivK8LhMRNZ4hWIk6YFGXKa9u","user_info_UID_NNikwAIyX4nVsg5ShvytR5T73XAZ"]
24-07-12.19:39:58.603 [scheduling-1    ] INFO  GetNewData             - 定时任务扫描的keys:["user_info_UID_YRaZptE7mQpwqkV5XIr1hucsQ2Tx","user_info_UID_i2KXTMg5g6nhAOgWQwo1itlwHnQz","user_info_UID_jLKtbrB1V1dRD1QHAhwevYxVnHta","user_info_UID_AgHySDtRKqqo3wYuiOqwfpTQjKfk","user_info_UID_JAKoivK8LhMRNZ4hWIk6YFGXKa9u","user_info_UID_NNikwAIyX4nVsg5ShvytR5T73XAZ"]
24-07-12.19:40:01.607 [scheduling-1    ] INFO  GetNewData             - 定时任务扫描的keys:["user_info_UID_YRaZptE7mQpwqkV5XIr1hucsQ2Tx","user_info_UID_i2KXTMg5g6nhAOgWQwo1itlwHnQz","user_info_UID_jLKtbrB1V1dRD1QHAhwevYxVnHta","user_info_UID_AgHySDtRKqqo3wYuiOqwfpTQjKfk","user_info_UID_JAKoivK8LhMRNZ4hWIk6YFGXKa9u","user_info_UID_NNikwAIyX4nVsg5ShvytR5T73XAZ"]
24-07-12.19:40:04.591 [scheduling-1    ] INFO  GetNewData             - 定时任务扫描的keys:["user_info_UID_YRaZptE7mQpwqkV5XIr1hucsQ2Tx","user_info_UID_i2KXTMg5g6nhAOgWQwo1itlwHnQz","user_info_UID_jLKtbrB1V1dRD1QHAhwevYxVnHta","user_info_UID_AgHySDtRKqqo3wYuiOqwfpTQjKfk","user_info_UID_JAKoivK8LhMRNZ4hWIk6YFGXKa9u","user_info_UID_NNikwAIyX4nVsg5ShvytR5T73XAZ"]
24-07-12.19:40:07.603 [scheduling-1    ] INFO  GetNewData             - 定时任务扫描的keys:["user_info_UID_YRaZptE7mQpwqkV5XIr1hucsQ2Tx","user_info_UID_i2KXTMg5g6nhAOgWQwo1itlwHnQz","user_info_UID_jLKtbrB1V1dRD1QHAhwevYxVnHta","user_info_UID_AgHySDtRKqqo3wYuiOqwfpTQjKfk","user_info_UID_JAKoivK8LhMRNZ4hWIk6YFGXKa9u","user_info_UID_NNikwAIyX4nVsg5ShvytR5T73XAZ"]
24-07-12.19:40:10.603 [scheduling-1    ] INFO  GetNewData             - 定时任务扫描的keys:["user_info_UID_YRaZptE7mQpwqkV5XIr1hucsQ2Tx","user_info_UID_i2KXTMg5g6nhAOgWQwo1itlwHnQz","user_info_UID_jLKtbrB1V1dRD1QHAhwevYxVnHta","user_info_UID_AgHySDtRKqqo3wYuiOqwfpTQjKfk","user_info_UID_JAKoivK8LhMRNZ4hWIk6YFGXKa9u","user_info_UID_NNikwAIyX4nVsg5ShvytR5T73XAZ"]
24-07-12.19:40:13.582 [scheduling-1    ] INFO  GetNewData             - 定时任务扫描的keys:["user_info_UID_YRaZptE7mQpwqkV5XIr1hucsQ2Tx","user_info_UID_i2KXTMg5g6nhAOgWQwo1itlwHnQz","user_info_UID_jLKtbrB1V1dRD1QHAhwevYxVnHta","user_info_UID_AgHySDtRKqqo3wYuiOqwfpTQjKfk","user_info_UID_JAKoivK8LhMRNZ4hWIk6YFGXKa9u","user_info_UID_NNikwAIyX4nVsg5ShvytR5T73XAZ"]
24-07-12.19:40:16.583 [scheduling-1    ] INFO  GetNewData             - 定时任务扫描的keys:["user_info_UID_YRaZptE7mQpwqkV5XIr1hucsQ2Tx","user_info_UID_i2KXTMg5g6nhAOgWQwo1itlwHnQz","user_info_UID_jLKtbrB1V1dRD1QHAhwevYxVnHta","user_info_UID_AgHySDtRKqqo3wYuiOqwfpTQjKfk","user_info_UID_JAKoivK8LhMRNZ4hWIk6YFGXKa9u","user_info_UID_NNikwAIyX4nVsg5ShvytR5T73XAZ"]
24-07-12.19:40:19.587 [scheduling-1    ] INFO  GetNewData             - 定时任务扫描的keys:["user_info_UID_YRaZptE7mQpwqkV5XIr1hucsQ2Tx","user_info_UID_i2KXTMg5g6nhAOgWQwo1itlwHnQz","user_info_UID_jLKtbrB1V1dRD1QHAhwevYxVnHta","user_info_UID_AgHySDtRKqqo3wYuiOqwfpTQjKfk","user_info_UID_JAKoivK8LhMRNZ4hWIk6YFGXKa9u","user_info_UID_NNikwAIyX4nVsg5ShvytR5T73XAZ"]
24-07-12.19:40:22.579 [scheduling-1    ] INFO  GetNewData             - 定时任务扫描的keys:["user_info_UID_YRaZptE7mQpwqkV5XIr1hucsQ2Tx","user_info_UID_i2KXTMg5g6nhAOgWQwo1itlwHnQz","user_info_UID_jLKtbrB1V1dRD1QHAhwevYxVnHta","user_info_UID_AgHySDtRKqqo3wYuiOqwfpTQjKfk","user_info_UID_JAKoivK8LhMRNZ4hWIk6YFGXKa9u","user_info_UID_NNikwAIyX4nVsg5ShvytR5T73XAZ"]
24-07-12.19:40:25.655 [scheduling-1    ] INFO  GetNewData             - 定时任务扫描的keys:["user_info_UID_YRaZptE7mQpwqkV5XIr1hucsQ2Tx","user_info_UID_i2KXTMg5g6nhAOgWQwo1itlwHnQz","user_info_UID_jLKtbrB1V1dRD1QHAhwevYxVnHta","user_info_UID_AgHySDtRKqqo3wYuiOqwfpTQjKfk","user_info_UID_JAKoivK8LhMRNZ4hWIk6YFGXKa9u","user_info_UID_NNikwAIyX4nVsg5ShvytR5T73XAZ"]
24-07-12.19:40:28.600 [scheduling-1    ] INFO  GetNewData             - 定时任务扫描的keys:["user_info_UID_YRaZptE7mQpwqkV5XIr1hucsQ2Tx","user_info_UID_i2KXTMg5g6nhAOgWQwo1itlwHnQz","user_info_UID_jLKtbrB1V1dRD1QHAhwevYxVnHta","user_info_UID_AgHySDtRKqqo3wYuiOqwfpTQjKfk","user_info_UID_JAKoivK8LhMRNZ4hWIk6YFGXKa9u","user_info_UID_NNikwAIyX4nVsg5ShvytR5T73XAZ"]
24-07-12.19:40:31.581 [scheduling-1    ] INFO  GetNewData             - 定时任务扫描的keys:["user_info_UID_YRaZptE7mQpwqkV5XIr1hucsQ2Tx","user_info_UID_i2KXTMg5g6nhAOgWQwo1itlwHnQz","user_info_UID_jLKtbrB1V1dRD1QHAhwevYxVnHta","user_info_UID_AgHySDtRKqqo3wYuiOqwfpTQjKfk","user_info_UID_JAKoivK8LhMRNZ4hWIk6YFGXKa9u","user_info_UID_NNikwAIyX4nVsg5ShvytR5T73XAZ"]
24-07-12.19:40:34.616 [scheduling-1    ] INFO  GetNewData             - 定时任务扫描的keys:["user_info_UID_YRaZptE7mQpwqkV5XIr1hucsQ2Tx","user_info_UID_i2KXTMg5g6nhAOgWQwo1itlwHnQz","user_info_UID_jLKtbrB1V1dRD1QHAhwevYxVnHta","user_info_UID_AgHySDtRKqqo3wYuiOqwfpTQjKfk","user_info_UID_JAKoivK8LhMRNZ4hWIk6YFGXKa9u","user_info_UID_NNikwAIyX4nVsg5ShvytR5T73XAZ"]
24-07-12.19:40:37.658 [scheduling-1    ] INFO  GetNewData             - 定时任务扫描的keys:["user_info_UID_YRaZptE7mQpwqkV5XIr1hucsQ2Tx","user_info_UID_i2KXTMg5g6nhAOgWQwo1itlwHnQz","user_info_UID_jLKtbrB1V1dRD1QHAhwevYxVnHta","user_info_UID_AgHySDtRKqqo3wYuiOqwfpTQjKfk","user_info_UID_JAKoivK8LhMRNZ4hWIk6YFGXKa9u","user_info_UID_NNikwAIyX4nVsg5ShvytR5T73XAZ"]
24-07-12.19:40:40.614 [scheduling-1    ] INFO  GetNewData             - 定时任务扫描的keys:["user_info_UID_YRaZptE7mQpwqkV5XIr1hucsQ2Tx","user_info_UID_i2KXTMg5g6nhAOgWQwo1itlwHnQz","user_info_UID_jLKtbrB1V1dRD1QHAhwevYxVnHta","user_info_UID_AgHySDtRKqqo3wYuiOqwfpTQjKfk","user_info_UID_JAKoivK8LhMRNZ4hWIk6YFGXKa9u","user_info_UID_NNikwAIyX4nVsg5ShvytR5T73XAZ"]
24-07-12.19:40:43.615 [scheduling-1    ] INFO  GetNewData             - 定时任务扫描的keys:["user_info_UID_YRaZptE7mQpwqkV5XIr1hucsQ2Tx","user_info_UID_i2KXTMg5g6nhAOgWQwo1itlwHnQz","user_info_UID_jLKtbrB1V1dRD1QHAhwevYxVnHta","user_info_UID_AgHySDtRKqqo3wYuiOqwfpTQjKfk","user_info_UID_JAKoivK8LhMRNZ4hWIk6YFGXKa9u","user_info_UID_NNikwAIyX4nVsg5ShvytR5T73XAZ"]
24-07-12.19:40:46.603 [scheduling-1    ] INFO  GetNewData             - 定时任务扫描的keys:["user_info_UID_YRaZptE7mQpwqkV5XIr1hucsQ2Tx","user_info_UID_i2KXTMg5g6nhAOgWQwo1itlwHnQz","user_info_UID_jLKtbrB1V1dRD1QHAhwevYxVnHta","user_info_UID_AgHySDtRKqqo3wYuiOqwfpTQjKfk","user_info_UID_JAKoivK8LhMRNZ4hWIk6YFGXKa9u","user_info_UID_NNikwAIyX4nVsg5ShvytR5T73XAZ"]
24-07-12.19:40:49.594 [scheduling-1    ] INFO  GetNewData             - 定时任务扫描的keys:["user_info_UID_YRaZptE7mQpwqkV5XIr1hucsQ2Tx","user_info_UID_i2KXTMg5g6nhAOgWQwo1itlwHnQz","user_info_UID_jLKtbrB1V1dRD1QHAhwevYxVnHta","user_info_UID_AgHySDtRKqqo3wYuiOqwfpTQjKfk","user_info_UID_JAKoivK8LhMRNZ4hWIk6YFGXKa9u","user_info_UID_NNikwAIyX4nVsg5ShvytR5T73XAZ"]
24-07-12.19:40:52.596 [scheduling-1    ] INFO  GetNewData             - 定时任务扫描的keys:["user_info_UID_YRaZptE7mQpwqkV5XIr1hucsQ2Tx","user_info_UID_i2KXTMg5g6nhAOgWQwo1itlwHnQz","user_info_UID_jLKtbrB1V1dRD1QHAhwevYxVnHta","user_info_UID_AgHySDtRKqqo3wYuiOqwfpTQjKfk","user_info_UID_JAKoivK8LhMRNZ4hWIk6YFGXKa9u","user_info_UID_NNikwAIyX4nVsg5ShvytR5T73XAZ"]
24-07-12.19:40:55.600 [scheduling-1    ] INFO  GetNewData             - 定时任务扫描的keys:["user_info_UID_YRaZptE7mQpwqkV5XIr1hucsQ2Tx","user_info_UID_i2KXTMg5g6nhAOgWQwo1itlwHnQz","user_info_UID_jLKtbrB1V1dRD1QHAhwevYxVnHta","user_info_UID_AgHySDtRKqqo3wYuiOqwfpTQjKfk","user_info_UID_JAKoivK8LhMRNZ4hWIk6YFGXKa9u","user_info_UID_NNikwAIyX4nVsg5ShvytR5T73XAZ"]
24-07-12.19:40:58.599 [scheduling-1    ] INFO  GetNewData             - 定时任务扫描的keys:["user_info_UID_YRaZptE7mQpwqkV5XIr1hucsQ2Tx","user_info_UID_i2KXTMg5g6nhAOgWQwo1itlwHnQz","user_info_UID_jLKtbrB1V1dRD1QHAhwevYxVnHta","user_info_UID_AgHySDtRKqqo3wYuiOqwfpTQjKfk","user_info_UID_JAKoivK8LhMRNZ4hWIk6YFGXKa9u","user_info_UID_NNikwAIyX4nVsg5ShvytR5T73XAZ"]
24-07-12.19:41:01.567 [scheduling-1    ] INFO  GetNewData             - 定时任务扫描的keys:["user_info_UID_YRaZptE7mQpwqkV5XIr1hucsQ2Tx","user_info_UID_i2KXTMg5g6nhAOgWQwo1itlwHnQz","user_info_UID_jLKtbrB1V1dRD1QHAhwevYxVnHta","user_info_UID_AgHySDtRKqqo3wYuiOqwfpTQjKfk","user_info_UID_JAKoivK8LhMRNZ4hWIk6YFGXKa9u","user_info_UID_NNikwAIyX4nVsg5ShvytR5T73XAZ"]
24-07-12.19:41:04.623 [scheduling-1    ] INFO  GetNewData             - 定时任务扫描的keys:["user_info_UID_YRaZptE7mQpwqkV5XIr1hucsQ2Tx","user_info_UID_i2KXTMg5g6nhAOgWQwo1itlwHnQz","user_info_UID_jLKtbrB1V1dRD1QHAhwevYxVnHta","user_info_UID_AgHySDtRKqqo3wYuiOqwfpTQjKfk","user_info_UID_JAKoivK8LhMRNZ4hWIk6YFGXKa9u","user_info_UID_NNikwAIyX4nVsg5ShvytR5T73XAZ"]
24-07-12.19:41:07.595 [scheduling-1    ] INFO  GetNewData             - 定时任务扫描的keys:["user_info_UID_YRaZptE7mQpwqkV5XIr1hucsQ2Tx","user_info_UID_i2KXTMg5g6nhAOgWQwo1itlwHnQz","user_info_UID_jLKtbrB1V1dRD1QHAhwevYxVnHta","user_info_UID_AgHySDtRKqqo3wYuiOqwfpTQjKfk","user_info_UID_JAKoivK8LhMRNZ4hWIk6YFGXKa9u","user_info_UID_NNikwAIyX4nVsg5ShvytR5T73XAZ"]
24-07-12.19:41:10.579 [scheduling-1    ] INFO  GetNewData             - 定时任务扫描的keys:["user_info_UID_YRaZptE7mQpwqkV5XIr1hucsQ2Tx","user_info_UID_i2KXTMg5g6nhAOgWQwo1itlwHnQz","user_info_UID_jLKtbrB1V1dRD1QHAhwevYxVnHta","user_info_UID_AgHySDtRKqqo3wYuiOqwfpTQjKfk","user_info_UID_JAKoivK8LhMRNZ4hWIk6YFGXKa9u","user_info_UID_NNikwAIyX4nVsg5ShvytR5T73XAZ"]
24-07-12.19:41:13.579 [scheduling-1    ] INFO  GetNewData             - 定时任务扫描的keys:["user_info_UID_YRaZptE7mQpwqkV5XIr1hucsQ2Tx","user_info_UID_i2KXTMg5g6nhAOgWQwo1itlwHnQz","user_info_UID_jLKtbrB1V1dRD1QHAhwevYxVnHta","user_info_UID_AgHySDtRKqqo3wYuiOqwfpTQjKfk","user_info_UID_JAKoivK8LhMRNZ4hWIk6YFGXKa9u","user_info_UID_NNikwAIyX4nVsg5ShvytR5T73XAZ"]
24-07-12.19:41:16.605 [scheduling-1    ] INFO  GetNewData             - 定时任务扫描的keys:["user_info_UID_YRaZptE7mQpwqkV5XIr1hucsQ2Tx","user_info_UID_i2KXTMg5g6nhAOgWQwo1itlwHnQz","user_info_UID_jLKtbrB1V1dRD1QHAhwevYxVnHta","user_info_UID_AgHySDtRKqqo3wYuiOqwfpTQjKfk","user_info_UID_JAKoivK8LhMRNZ4hWIk6YFGXKa9u","user_info_UID_NNikwAIyX4nVsg5ShvytR5T73XAZ"]
24-07-12.19:41:19.583 [scheduling-1    ] INFO  GetNewData             - 定时任务扫描的keys:["user_info_UID_YRaZptE7mQpwqkV5XIr1hucsQ2Tx","user_info_UID_i2KXTMg5g6nhAOgWQwo1itlwHnQz","user_info_UID_jLKtbrB1V1dRD1QHAhwevYxVnHta","user_info_UID_AgHySDtRKqqo3wYuiOqwfpTQjKfk","user_info_UID_JAKoivK8LhMRNZ4hWIk6YFGXKa9u","user_info_UID_NNikwAIyX4nVsg5ShvytR5T73XAZ"]
24-07-12.19:41:22.612 [scheduling-1    ] INFO  GetNewData             - 定时任务扫描的keys:["user_info_UID_YRaZptE7mQpwqkV5XIr1hucsQ2Tx","user_info_UID_i2KXTMg5g6nhAOgWQwo1itlwHnQz","user_info_UID_jLKtbrB1V1dRD1QHAhwevYxVnHta","user_info_UID_AgHySDtRKqqo3wYuiOqwfpTQjKfk","user_info_UID_JAKoivK8LhMRNZ4hWIk6YFGXKa9u","user_info_UID_NNikwAIyX4nVsg5ShvytR5T73XAZ"]
24-07-12.19:41:25.588 [scheduling-1    ] INFO  GetNewData             - 定时任务扫描的keys:["user_info_UID_YRaZptE7mQpwqkV5XIr1hucsQ2Tx","user_info_UID_i2KXTMg5g6nhAOgWQwo1itlwHnQz","user_info_UID_jLKtbrB1V1dRD1QHAhwevYxVnHta","user_info_UID_AgHySDtRKqqo3wYuiOqwfpTQjKfk","user_info_UID_JAKoivK8LhMRNZ4hWIk6YFGXKa9u","user_info_UID_NNikwAIyX4nVsg5ShvytR5T73XAZ"]
24-07-12.19:41:28.606 [scheduling-1    ] INFO  GetNewData             - 定时任务扫描的keys:["user_info_UID_YRaZptE7mQpwqkV5XIr1hucsQ2Tx","user_info_UID_i2KXTMg5g6nhAOgWQwo1itlwHnQz","user_info_UID_jLKtbrB1V1dRD1QHAhwevYxVnHta","user_info_UID_AgHySDtRKqqo3wYuiOqwfpTQjKfk","user_info_UID_JAKoivK8LhMRNZ4hWIk6YFGXKa9u","user_info_UID_NNikwAIyX4nVsg5ShvytR5T73XAZ"]
24-07-12.19:41:31.599 [scheduling-1    ] INFO  GetNewData             - 定时任务扫描的keys:["user_info_UID_YRaZptE7mQpwqkV5XIr1hucsQ2Tx","user_info_UID_i2KXTMg5g6nhAOgWQwo1itlwHnQz","user_info_UID_jLKtbrB1V1dRD1QHAhwevYxVnHta","user_info_UID_AgHySDtRKqqo3wYuiOqwfpTQjKfk","user_info_UID_JAKoivK8LhMRNZ4hWIk6YFGXKa9u","user_info_UID_NNikwAIyX4nVsg5ShvytR5T73XAZ"]
24-07-12.19:41:34.579 [scheduling-1    ] INFO  GetNewData             - 定时任务扫描的keys:["user_info_UID_YRaZptE7mQpwqkV5XIr1hucsQ2Tx","user_info_UID_i2KXTMg5g6nhAOgWQwo1itlwHnQz","user_info_UID_jLKtbrB1V1dRD1QHAhwevYxVnHta","user_info_UID_AgHySDtRKqqo3wYuiOqwfpTQjKfk","user_info_UID_JAKoivK8LhMRNZ4hWIk6YFGXKa9u","user_info_UID_NNikwAIyX4nVsg5ShvytR5T73XAZ"]
24-07-12.19:41:37.592 [scheduling-1    ] INFO  GetNewData             - 定时任务扫描的keys:["user_info_UID_YRaZptE7mQpwqkV5XIr1hucsQ2Tx","user_info_UID_i2KXTMg5g6nhAOgWQwo1itlwHnQz","user_info_UID_jLKtbrB1V1dRD1QHAhwevYxVnHta","user_info_UID_AgHySDtRKqqo3wYuiOqwfpTQjKfk","user_info_UID_JAKoivK8LhMRNZ4hWIk6YFGXKa9u","user_info_UID_NNikwAIyX4nVsg5ShvytR5T73XAZ"]
24-07-12.19:41:40.605 [scheduling-1    ] INFO  GetNewData             - 定时任务扫描的keys:["user_info_UID_YRaZptE7mQpwqkV5XIr1hucsQ2Tx","user_info_UID_i2KXTMg5g6nhAOgWQwo1itlwHnQz","user_info_UID_jLKtbrB1V1dRD1QHAhwevYxVnHta","user_info_UID_AgHySDtRKqqo3wYuiOqwfpTQjKfk","user_info_UID_JAKoivK8LhMRNZ4hWIk6YFGXKa9u","user_info_UID_NNikwAIyX4nVsg5ShvytR5T73XAZ"]
24-07-12.19:41:43.583 [scheduling-1    ] INFO  GetNewData             - 定时任务扫描的keys:["user_info_UID_YRaZptE7mQpwqkV5XIr1hucsQ2Tx","user_info_UID_i2KXTMg5g6nhAOgWQwo1itlwHnQz","user_info_UID_jLKtbrB1V1dRD1QHAhwevYxVnHta","user_info_UID_AgHySDtRKqqo3wYuiOqwfpTQjKfk","user_info_UID_JAKoivK8LhMRNZ4hWIk6YFGXKa9u","user_info_UID_NNikwAIyX4nVsg5ShvytR5T73XAZ"]
24-07-12.19:41:46.587 [scheduling-1    ] INFO  GetNewData             - 定时任务扫描的keys:["user_info_UID_YRaZptE7mQpwqkV5XIr1hucsQ2Tx","user_info_UID_i2KXTMg5g6nhAOgWQwo1itlwHnQz","user_info_UID_jLKtbrB1V1dRD1QHAhwevYxVnHta","user_info_UID_AgHySDtRKqqo3wYuiOqwfpTQjKfk","user_info_UID_JAKoivK8LhMRNZ4hWIk6YFGXKa9u","user_info_UID_NNikwAIyX4nVsg5ShvytR5T73XAZ"]
24-07-12.19:41:49.600 [scheduling-1    ] INFO  GetNewData             - 定时任务扫描的keys:["user_info_UID_YRaZptE7mQpwqkV5XIr1hucsQ2Tx","user_info_UID_i2KXTMg5g6nhAOgWQwo1itlwHnQz","user_info_UID_jLKtbrB1V1dRD1QHAhwevYxVnHta","user_info_UID_AgHySDtRKqqo3wYuiOqwfpTQjKfk","user_info_UID_JAKoivK8LhMRNZ4hWIk6YFGXKa9u","user_info_UID_NNikwAIyX4nVsg5ShvytR5T73XAZ"]
24-07-12.19:41:52.601 [scheduling-1    ] INFO  GetNewData             - 定时任务扫描的keys:["user_info_UID_YRaZptE7mQpwqkV5XIr1hucsQ2Tx","user_info_UID_i2KXTMg5g6nhAOgWQwo1itlwHnQz","user_info_UID_jLKtbrB1V1dRD1QHAhwevYxVnHta","user_info_UID_AgHySDtRKqqo3wYuiOqwfpTQjKfk","user_info_UID_JAKoivK8LhMRNZ4hWIk6YFGXKa9u","user_info_UID_NNikwAIyX4nVsg5ShvytR5T73XAZ"]
24-07-12.19:41:55.674 [scheduling-1    ] INFO  GetNewData             - 定时任务扫描的keys:["user_info_UID_YRaZptE7mQpwqkV5XIr1hucsQ2Tx","user_info_UID_i2KXTMg5g6nhAOgWQwo1itlwHnQz","user_info_UID_jLKtbrB1V1dRD1QHAhwevYxVnHta","user_info_UID_AgHySDtRKqqo3wYuiOqwfpTQjKfk","user_info_UID_JAKoivK8LhMRNZ4hWIk6YFGXKa9u","user_info_UID_NNikwAIyX4nVsg5ShvytR5T73XAZ"]
24-07-12.19:41:58.586 [scheduling-1    ] INFO  GetNewData             - 定时任务扫描的keys:["user_info_UID_YRaZptE7mQpwqkV5XIr1hucsQ2Tx","user_info_UID_i2KXTMg5g6nhAOgWQwo1itlwHnQz","user_info_UID_jLKtbrB1V1dRD1QHAhwevYxVnHta","user_info_UID_AgHySDtRKqqo3wYuiOqwfpTQjKfk","user_info_UID_JAKoivK8LhMRNZ4hWIk6YFGXKa9u","user_info_UID_NNikwAIyX4nVsg5ShvytR5T73XAZ"]
24-07-12.19:42:01.582 [scheduling-1    ] INFO  GetNewData             - 定时任务扫描的keys:["user_info_UID_YRaZptE7mQpwqkV5XIr1hucsQ2Tx","user_info_UID_i2KXTMg5g6nhAOgWQwo1itlwHnQz","user_info_UID_jLKtbrB1V1dRD1QHAhwevYxVnHta","user_info_UID_AgHySDtRKqqo3wYuiOqwfpTQjKfk","user_info_UID_JAKoivK8LhMRNZ4hWIk6YFGXKa9u","user_info_UID_NNikwAIyX4nVsg5ShvytR5T73XAZ"]
24-07-12.19:42:04.598 [scheduling-1    ] INFO  GetNewData             - 定时任务扫描的keys:["user_info_UID_YRaZptE7mQpwqkV5XIr1hucsQ2Tx","user_info_UID_i2KXTMg5g6nhAOgWQwo1itlwHnQz","user_info_UID_jLKtbrB1V1dRD1QHAhwevYxVnHta","user_info_UID_AgHySDtRKqqo3wYuiOqwfpTQjKfk","user_info_UID_JAKoivK8LhMRNZ4hWIk6YFGXKa9u","user_info_UID_NNikwAIyX4nVsg5ShvytR5T73XAZ"]
24-07-12.19:42:07.595 [scheduling-1    ] INFO  GetNewData             - 定时任务扫描的keys:["user_info_UID_YRaZptE7mQpwqkV5XIr1hucsQ2Tx","user_info_UID_i2KXTMg5g6nhAOgWQwo1itlwHnQz","user_info_UID_jLKtbrB1V1dRD1QHAhwevYxVnHta","user_info_UID_AgHySDtRKqqo3wYuiOqwfpTQjKfk","user_info_UID_JAKoivK8LhMRNZ4hWIk6YFGXKa9u","user_info_UID_NNikwAIyX4nVsg5ShvytR5T73XAZ"]
24-07-12.19:42:10.599 [scheduling-1    ] INFO  GetNewData             - 定时任务扫描的keys:["user_info_UID_YRaZptE7mQpwqkV5XIr1hucsQ2Tx","user_info_UID_i2KXTMg5g6nhAOgWQwo1itlwHnQz","user_info_UID_jLKtbrB1V1dRD1QHAhwevYxVnHta","user_info_UID_AgHySDtRKqqo3wYuiOqwfpTQjKfk","user_info_UID_JAKoivK8LhMRNZ4hWIk6YFGXKa9u","user_info_UID_NNikwAIyX4nVsg5ShvytR5T73XAZ"]
24-07-12.19:42:13.610 [scheduling-1    ] INFO  GetNewData             - 定时任务扫描的keys:["user_info_UID_YRaZptE7mQpwqkV5XIr1hucsQ2Tx","user_info_UID_i2KXTMg5g6nhAOgWQwo1itlwHnQz","user_info_UID_jLKtbrB1V1dRD1QHAhwevYxVnHta","user_info_UID_AgHySDtRKqqo3wYuiOqwfpTQjKfk","user_info_UID_JAKoivK8LhMRNZ4hWIk6YFGXKa9u","user_info_UID_NNikwAIyX4nVsg5ShvytR5T73XAZ"]
24-07-12.19:42:16.575 [scheduling-1    ] INFO  GetNewData             - 定时任务扫描的keys:["user_info_UID_YRaZptE7mQpwqkV5XIr1hucsQ2Tx","user_info_UID_i2KXTMg5g6nhAOgWQwo1itlwHnQz","user_info_UID_jLKtbrB1V1dRD1QHAhwevYxVnHta","user_info_UID_AgHySDtRKqqo3wYuiOqwfpTQjKfk","user_info_UID_JAKoivK8LhMRNZ4hWIk6YFGXKa9u","user_info_UID_NNikwAIyX4nVsg5ShvytR5T73XAZ"]
24-07-12.19:42:19.577 [scheduling-1    ] INFO  GetNewData             - 定时任务扫描的keys:["user_info_UID_YRaZptE7mQpwqkV5XIr1hucsQ2Tx","user_info_UID_i2KXTMg5g6nhAOgWQwo1itlwHnQz","user_info_UID_jLKtbrB1V1dRD1QHAhwevYxVnHta","user_info_UID_AgHySDtRKqqo3wYuiOqwfpTQjKfk","user_info_UID_JAKoivK8LhMRNZ4hWIk6YFGXKa9u","user_info_UID_NNikwAIyX4nVsg5ShvytR5T73XAZ"]
24-07-12.19:42:22.595 [scheduling-1    ] INFO  GetNewData             - 定时任务扫描的keys:["user_info_UID_YRaZptE7mQpwqkV5XIr1hucsQ2Tx","user_info_UID_i2KXTMg5g6nhAOgWQwo1itlwHnQz","user_info_UID_jLKtbrB1V1dRD1QHAhwevYxVnHta","user_info_UID_AgHySDtRKqqo3wYuiOqwfpTQjKfk","user_info_UID_JAKoivK8LhMRNZ4hWIk6YFGXKa9u","user_info_UID_NNikwAIyX4nVsg5ShvytR5T73XAZ"]
24-07-12.19:42:25.586 [scheduling-1    ] INFO  GetNewData             - 定时任务扫描的keys:["user_info_UID_YRaZptE7mQpwqkV5XIr1hucsQ2Tx","user_info_UID_i2KXTMg5g6nhAOgWQwo1itlwHnQz","user_info_UID_jLKtbrB1V1dRD1QHAhwevYxVnHta","user_info_UID_AgHySDtRKqqo3wYuiOqwfpTQjKfk","user_info_UID_JAKoivK8LhMRNZ4hWIk6YFGXKa9u","user_info_UID_NNikwAIyX4nVsg5ShvytR5T73XAZ"]
24-07-12.19:42:28.587 [scheduling-1    ] INFO  GetNewData             - 定时任务扫描的keys:["user_info_UID_YRaZptE7mQpwqkV5XIr1hucsQ2Tx","user_info_UID_i2KXTMg5g6nhAOgWQwo1itlwHnQz","user_info_UID_jLKtbrB1V1dRD1QHAhwevYxVnHta","user_info_UID_AgHySDtRKqqo3wYuiOqwfpTQjKfk","user_info_UID_JAKoivK8LhMRNZ4hWIk6YFGXKa9u","user_info_UID_NNikwAIyX4nVsg5ShvytR5T73XAZ"]
24-07-12.19:42:31.593 [scheduling-1    ] INFO  GetNewData             - 定时任务扫描的keys:["user_info_UID_YRaZptE7mQpwqkV5XIr1hucsQ2Tx","user_info_UID_i2KXTMg5g6nhAOgWQwo1itlwHnQz","user_info_UID_jLKtbrB1V1dRD1QHAhwevYxVnHta","user_info_UID_AgHySDtRKqqo3wYuiOqwfpTQjKfk","user_info_UID_JAKoivK8LhMRNZ4hWIk6YFGXKa9u","user_info_UID_NNikwAIyX4nVsg5ShvytR5T73XAZ"]
24-07-12.19:42:34.582 [scheduling-1    ] INFO  GetNewData             - 定时任务扫描的keys:["user_info_UID_YRaZptE7mQpwqkV5XIr1hucsQ2Tx","user_info_UID_i2KXTMg5g6nhAOgWQwo1itlwHnQz","user_info_UID_jLKtbrB1V1dRD1QHAhwevYxVnHta","user_info_UID_AgHySDtRKqqo3wYuiOqwfpTQjKfk","user_info_UID_JAKoivK8LhMRNZ4hWIk6YFGXKa9u","user_info_UID_NNikwAIyX4nVsg5ShvytR5T73XAZ"]
24-07-12.19:42:37.706 [scheduling-1    ] INFO  GetNewData             - 定时任务扫描的keys:["user_info_UID_YRaZptE7mQpwqkV5XIr1hucsQ2Tx","user_info_UID_i2KXTMg5g6nhAOgWQwo1itlwHnQz","user_info_UID_jLKtbrB1V1dRD1QHAhwevYxVnHta","user_info_UID_AgHySDtRKqqo3wYuiOqwfpTQjKfk","user_info_UID_JAKoivK8LhMRNZ4hWIk6YFGXKa9u","user_info_UID_NNikwAIyX4nVsg5ShvytR5T73XAZ"]
24-07-12.19:42:40.594 [scheduling-1    ] INFO  GetNewData             - 定时任务扫描的keys:["user_info_UID_YRaZptE7mQpwqkV5XIr1hucsQ2Tx","user_info_UID_i2KXTMg5g6nhAOgWQwo1itlwHnQz","user_info_UID_jLKtbrB1V1dRD1QHAhwevYxVnHta","user_info_UID_AgHySDtRKqqo3wYuiOqwfpTQjKfk","user_info_UID_JAKoivK8LhMRNZ4hWIk6YFGXKa9u","user_info_UID_NNikwAIyX4nVsg5ShvytR5T73XAZ"]
24-07-12.19:42:43.586 [scheduling-1    ] INFO  GetNewData             - 定时任务扫描的keys:["user_info_UID_YRaZptE7mQpwqkV5XIr1hucsQ2Tx","user_info_UID_i2KXTMg5g6nhAOgWQwo1itlwHnQz","user_info_UID_jLKtbrB1V1dRD1QHAhwevYxVnHta","user_info_UID_AgHySDtRKqqo3wYuiOqwfpTQjKfk","user_info_UID_JAKoivK8LhMRNZ4hWIk6YFGXKa9u","user_info_UID_NNikwAIyX4nVsg5ShvytR5T73XAZ"]
24-07-12.19:42:46.582 [scheduling-1    ] INFO  GetNewData             - 定时任务扫描的keys:["user_info_UID_YRaZptE7mQpwqkV5XIr1hucsQ2Tx","user_info_UID_i2KXTMg5g6nhAOgWQwo1itlwHnQz","user_info_UID_jLKtbrB1V1dRD1QHAhwevYxVnHta","user_info_UID_AgHySDtRKqqo3wYuiOqwfpTQjKfk","user_info_UID_JAKoivK8LhMRNZ4hWIk6YFGXKa9u","user_info_UID_NNikwAIyX4nVsg5ShvytR5T73XAZ"]
24-07-12.19:42:49.595 [scheduling-1    ] INFO  GetNewData             - 定时任务扫描的keys:["user_info_UID_YRaZptE7mQpwqkV5XIr1hucsQ2Tx","user_info_UID_i2KXTMg5g6nhAOgWQwo1itlwHnQz","user_info_UID_jLKtbrB1V1dRD1QHAhwevYxVnHta","user_info_UID_AgHySDtRKqqo3wYuiOqwfpTQjKfk","user_info_UID_JAKoivK8LhMRNZ4hWIk6YFGXKa9u","user_info_UID_NNikwAIyX4nVsg5ShvytR5T73XAZ"]
24-07-12.19:42:52.575 [scheduling-1    ] INFO  GetNewData             - 定时任务扫描的keys:["user_info_UID_YRaZptE7mQpwqkV5XIr1hucsQ2Tx","user_info_UID_i2KXTMg5g6nhAOgWQwo1itlwHnQz","user_info_UID_jLKtbrB1V1dRD1QHAhwevYxVnHta","user_info_UID_AgHySDtRKqqo3wYuiOqwfpTQjKfk","user_info_UID_JAKoivK8LhMRNZ4hWIk6YFGXKa9u","user_info_UID_NNikwAIyX4nVsg5ShvytR5T73XAZ"]
24-07-12.19:42:55.584 [scheduling-1    ] INFO  GetNewData             - 定时任务扫描的keys:["user_info_UID_YRaZptE7mQpwqkV5XIr1hucsQ2Tx","user_info_UID_i2KXTMg5g6nhAOgWQwo1itlwHnQz","user_info_UID_jLKtbrB1V1dRD1QHAhwevYxVnHta","user_info_UID_AgHySDtRKqqo3wYuiOqwfpTQjKfk","user_info_UID_JAKoivK8LhMRNZ4hWIk6YFGXKa9u","user_info_UID_NNikwAIyX4nVsg5ShvytR5T73XAZ"]
24-07-12.19:42:58.587 [scheduling-1    ] INFO  GetNewData             - 定时任务扫描的keys:["user_info_UID_YRaZptE7mQpwqkV5XIr1hucsQ2Tx","user_info_UID_i2KXTMg5g6nhAOgWQwo1itlwHnQz","user_info_UID_jLKtbrB1V1dRD1QHAhwevYxVnHta","user_info_UID_AgHySDtRKqqo3wYuiOqwfpTQjKfk","user_info_UID_JAKoivK8LhMRNZ4hWIk6YFGXKa9u","user_info_UID_NNikwAIyX4nVsg5ShvytR5T73XAZ"]
24-07-12.19:43:01.595 [scheduling-1    ] INFO  GetNewData             - 定时任务扫描的keys:["user_info_UID_YRaZptE7mQpwqkV5XIr1hucsQ2Tx","user_info_UID_i2KXTMg5g6nhAOgWQwo1itlwHnQz","user_info_UID_jLKtbrB1V1dRD1QHAhwevYxVnHta","user_info_UID_AgHySDtRKqqo3wYuiOqwfpTQjKfk","user_info_UID_JAKoivK8LhMRNZ4hWIk6YFGXKa9u","user_info_UID_NNikwAIyX4nVsg5ShvytR5T73XAZ"]
24-07-12.19:43:04.574 [scheduling-1    ] INFO  GetNewData             - 定时任务扫描的keys:["user_info_UID_YRaZptE7mQpwqkV5XIr1hucsQ2Tx","user_info_UID_i2KXTMg5g6nhAOgWQwo1itlwHnQz","user_info_UID_jLKtbrB1V1dRD1QHAhwevYxVnHta","user_info_UID_AgHySDtRKqqo3wYuiOqwfpTQjKfk","user_info_UID_JAKoivK8LhMRNZ4hWIk6YFGXKa9u","user_info_UID_NNikwAIyX4nVsg5ShvytR5T73XAZ"]
24-07-12.19:43:07.582 [scheduling-1    ] INFO  GetNewData             - 定时任务扫描的keys:["user_info_UID_YRaZptE7mQpwqkV5XIr1hucsQ2Tx","user_info_UID_i2KXTMg5g6nhAOgWQwo1itlwHnQz","user_info_UID_jLKtbrB1V1dRD1QHAhwevYxVnHta","user_info_UID_AgHySDtRKqqo3wYuiOqwfpTQjKfk","user_info_UID_JAKoivK8LhMRNZ4hWIk6YFGXKa9u","user_info_UID_NNikwAIyX4nVsg5ShvytR5T73XAZ"]
24-07-12.19:43:10.604 [scheduling-1    ] INFO  GetNewData             - 定时任务扫描的keys:["user_info_UID_YRaZptE7mQpwqkV5XIr1hucsQ2Tx","user_info_UID_i2KXTMg5g6nhAOgWQwo1itlwHnQz","user_info_UID_jLKtbrB1V1dRD1QHAhwevYxVnHta","user_info_UID_AgHySDtRKqqo3wYuiOqwfpTQjKfk","user_info_UID_JAKoivK8LhMRNZ4hWIk6YFGXKa9u","user_info_UID_NNikwAIyX4nVsg5ShvytR5T73XAZ"]
24-07-12.19:43:13.589 [scheduling-1    ] INFO  GetNewData             - 定时任务扫描的keys:["user_info_UID_YRaZptE7mQpwqkV5XIr1hucsQ2Tx","user_info_UID_i2KXTMg5g6nhAOgWQwo1itlwHnQz","user_info_UID_jLKtbrB1V1dRD1QHAhwevYxVnHta","user_info_UID_AgHySDtRKqqo3wYuiOqwfpTQjKfk","user_info_UID_JAKoivK8LhMRNZ4hWIk6YFGXKa9u","user_info_UID_NNikwAIyX4nVsg5ShvytR5T73XAZ"]
24-07-12.19:43:16.616 [scheduling-1    ] INFO  GetNewData             - 定时任务扫描的keys:["user_info_UID_YRaZptE7mQpwqkV5XIr1hucsQ2Tx","user_info_UID_i2KXTMg5g6nhAOgWQwo1itlwHnQz","user_info_UID_jLKtbrB1V1dRD1QHAhwevYxVnHta","user_info_UID_AgHySDtRKqqo3wYuiOqwfpTQjKfk","user_info_UID_JAKoivK8LhMRNZ4hWIk6YFGXKa9u","user_info_UID_NNikwAIyX4nVsg5ShvytR5T73XAZ"]
24-07-12.19:43:19.591 [scheduling-1    ] INFO  GetNewData             - 定时任务扫描的keys:["user_info_UID_YRaZptE7mQpwqkV5XIr1hucsQ2Tx","user_info_UID_i2KXTMg5g6nhAOgWQwo1itlwHnQz","user_info_UID_jLKtbrB1V1dRD1QHAhwevYxVnHta","user_info_UID_AgHySDtRKqqo3wYuiOqwfpTQjKfk","user_info_UID_JAKoivK8LhMRNZ4hWIk6YFGXKa9u","user_info_UID_NNikwAIyX4nVsg5ShvytR5T73XAZ"]
24-07-12.19:43:22.594 [scheduling-1    ] INFO  GetNewData             - 定时任务扫描的keys:["user_info_UID_YRaZptE7mQpwqkV5XIr1hucsQ2Tx","user_info_UID_i2KXTMg5g6nhAOgWQwo1itlwHnQz","user_info_UID_jLKtbrB1V1dRD1QHAhwevYxVnHta","user_info_UID_AgHySDtRKqqo3wYuiOqwfpTQjKfk","user_info_UID_JAKoivK8LhMRNZ4hWIk6YFGXKa9u","user_info_UID_NNikwAIyX4nVsg5ShvytR5T73XAZ"]
24-07-12.19:43:25.684 [scheduling-1    ] INFO  GetNewData             - 定时任务扫描的keys:["user_info_UID_YRaZptE7mQpwqkV5XIr1hucsQ2Tx","user_info_UID_i2KXTMg5g6nhAOgWQwo1itlwHnQz","user_info_UID_jLKtbrB1V1dRD1QHAhwevYxVnHta","user_info_UID_AgHySDtRKqqo3wYuiOqwfpTQjKfk","user_info_UID_JAKoivK8LhMRNZ4hWIk6YFGXKa9u","user_info_UID_NNikwAIyX4nVsg5ShvytR5T73XAZ"]
24-07-12.19:43:28.589 [scheduling-1    ] INFO  GetNewData             - 定时任务扫描的keys:["user_info_UID_YRaZptE7mQpwqkV5XIr1hucsQ2Tx","user_info_UID_i2KXTMg5g6nhAOgWQwo1itlwHnQz","user_info_UID_jLKtbrB1V1dRD1QHAhwevYxVnHta","user_info_UID_AgHySDtRKqqo3wYuiOqwfpTQjKfk","user_info_UID_JAKoivK8LhMRNZ4hWIk6YFGXKa9u","user_info_UID_NNikwAIyX4nVsg5ShvytR5T73XAZ"]
24-07-12.19:43:31.608 [scheduling-1    ] INFO  GetNewData             - 定时任务扫描的keys:["user_info_UID_YRaZptE7mQpwqkV5XIr1hucsQ2Tx","user_info_UID_i2KXTMg5g6nhAOgWQwo1itlwHnQz","user_info_UID_jLKtbrB1V1dRD1QHAhwevYxVnHta","user_info_UID_AgHySDtRKqqo3wYuiOqwfpTQjKfk","user_info_UID_JAKoivK8LhMRNZ4hWIk6YFGXKa9u","user_info_UID_NNikwAIyX4nVsg5ShvytR5T73XAZ"]
24-07-12.19:43:34.612 [scheduling-1    ] INFO  GetNewData             - 定时任务扫描的keys:["user_info_UID_YRaZptE7mQpwqkV5XIr1hucsQ2Tx","user_info_UID_i2KXTMg5g6nhAOgWQwo1itlwHnQz","user_info_UID_jLKtbrB1V1dRD1QHAhwevYxVnHta","user_info_UID_AgHySDtRKqqo3wYuiOqwfpTQjKfk","user_info_UID_JAKoivK8LhMRNZ4hWIk6YFGXKa9u","user_info_UID_NNikwAIyX4nVsg5ShvytR5T73XAZ"]
24-07-12.19:43:37.601 [scheduling-1    ] INFO  GetNewData             - 定时任务扫描的keys:["user_info_UID_YRaZptE7mQpwqkV5XIr1hucsQ2Tx","user_info_UID_i2KXTMg5g6nhAOgWQwo1itlwHnQz","user_info_UID_jLKtbrB1V1dRD1QHAhwevYxVnHta","user_info_UID_AgHySDtRKqqo3wYuiOqwfpTQjKfk","user_info_UID_JAKoivK8LhMRNZ4hWIk6YFGXKa9u","user_info_UID_NNikwAIyX4nVsg5ShvytR5T73XAZ"]
24-07-12.19:43:40.586 [scheduling-1    ] INFO  GetNewData             - 定时任务扫描的keys:["user_info_UID_YRaZptE7mQpwqkV5XIr1hucsQ2Tx","user_info_UID_i2KXTMg5g6nhAOgWQwo1itlwHnQz","user_info_UID_jLKtbrB1V1dRD1QHAhwevYxVnHta","user_info_UID_AgHySDtRKqqo3wYuiOqwfpTQjKfk","user_info_UID_JAKoivK8LhMRNZ4hWIk6YFGXKa9u","user_info_UID_NNikwAIyX4nVsg5ShvytR5T73XAZ"]
24-07-12.19:43:43.621 [scheduling-1    ] INFO  GetNewData             - 定时任务扫描的keys:["user_info_UID_YRaZptE7mQpwqkV5XIr1hucsQ2Tx","user_info_UID_i2KXTMg5g6nhAOgWQwo1itlwHnQz","user_info_UID_jLKtbrB1V1dRD1QHAhwevYxVnHta","user_info_UID_AgHySDtRKqqo3wYuiOqwfpTQjKfk","user_info_UID_JAKoivK8LhMRNZ4hWIk6YFGXKa9u","user_info_UID_NNikwAIyX4nVsg5ShvytR5T73XAZ"]
24-07-12.19:43:46.876 [scheduling-1    ] INFO  GetNewData             - 定时任务扫描的keys:["user_info_UID_YRaZptE7mQpwqkV5XIr1hucsQ2Tx","user_info_UID_i2KXTMg5g6nhAOgWQwo1itlwHnQz","user_info_UID_jLKtbrB1V1dRD1QHAhwevYxVnHta","user_info_UID_AgHySDtRKqqo3wYuiOqwfpTQjKfk","user_info_UID_JAKoivK8LhMRNZ4hWIk6YFGXKa9u","user_info_UID_NNikwAIyX4nVsg5ShvytR5T73XAZ"]
24-07-12.19:43:49.578 [scheduling-1    ] INFO  GetNewData             - 定时任务扫描的keys:["user_info_UID_YRaZptE7mQpwqkV5XIr1hucsQ2Tx","user_info_UID_i2KXTMg5g6nhAOgWQwo1itlwHnQz","user_info_UID_jLKtbrB1V1dRD1QHAhwevYxVnHta","user_info_UID_AgHySDtRKqqo3wYuiOqwfpTQjKfk","user_info_UID_JAKoivK8LhMRNZ4hWIk6YFGXKa9u","user_info_UID_NNikwAIyX4nVsg5ShvytR5T73XAZ"]
24-07-12.19:43:52.573 [scheduling-1    ] INFO  GetNewData             - 定时任务扫描的keys:["user_info_UID_YRaZptE7mQpwqkV5XIr1hucsQ2Tx","user_info_UID_i2KXTMg5g6nhAOgWQwo1itlwHnQz","user_info_UID_jLKtbrB1V1dRD1QHAhwevYxVnHta","user_info_UID_AgHySDtRKqqo3wYuiOqwfpTQjKfk","user_info_UID_JAKoivK8LhMRNZ4hWIk6YFGXKa9u","user_info_UID_NNikwAIyX4nVsg5ShvytR5T73XAZ"]
24-07-12.19:43:55.706 [scheduling-1    ] INFO  GetNewData             - 定时任务扫描的keys:["user_info_UID_YRaZptE7mQpwqkV5XIr1hucsQ2Tx","user_info_UID_i2KXTMg5g6nhAOgWQwo1itlwHnQz","user_info_UID_jLKtbrB1V1dRD1QHAhwevYxVnHta","user_info_UID_AgHySDtRKqqo3wYuiOqwfpTQjKfk","user_info_UID_JAKoivK8LhMRNZ4hWIk6YFGXKa9u","user_info_UID_NNikwAIyX4nVsg5ShvytR5T73XAZ"]
24-07-12.19:43:58.603 [scheduling-1    ] INFO  GetNewData             - 定时任务扫描的keys:["user_info_UID_YRaZptE7mQpwqkV5XIr1hucsQ2Tx","user_info_UID_i2KXTMg5g6nhAOgWQwo1itlwHnQz","user_info_UID_jLKtbrB1V1dRD1QHAhwevYxVnHta","user_info_UID_AgHySDtRKqqo3wYuiOqwfpTQjKfk","user_info_UID_JAKoivK8LhMRNZ4hWIk6YFGXKa9u","user_info_UID_NNikwAIyX4nVsg5ShvytR5T73XAZ"]
24-07-12.19:44:01.594 [scheduling-1    ] INFO  GetNewData             - 定时任务扫描的keys:["user_info_UID_YRaZptE7mQpwqkV5XIr1hucsQ2Tx","user_info_UID_i2KXTMg5g6nhAOgWQwo1itlwHnQz","user_info_UID_jLKtbrB1V1dRD1QHAhwevYxVnHta","user_info_UID_AgHySDtRKqqo3wYuiOqwfpTQjKfk","user_info_UID_JAKoivK8LhMRNZ4hWIk6YFGXKa9u","user_info_UID_NNikwAIyX4nVsg5ShvytR5T73XAZ"]
24-07-12.19:44:04.580 [scheduling-1    ] INFO  GetNewData             - 定时任务扫描的keys:["user_info_UID_YRaZptE7mQpwqkV5XIr1hucsQ2Tx","user_info_UID_i2KXTMg5g6nhAOgWQwo1itlwHnQz","user_info_UID_jLKtbrB1V1dRD1QHAhwevYxVnHta","user_info_UID_AgHySDtRKqqo3wYuiOqwfpTQjKfk","user_info_UID_JAKoivK8LhMRNZ4hWIk6YFGXKa9u","user_info_UID_NNikwAIyX4nVsg5ShvytR5T73XAZ"]
24-07-12.19:44:07.595 [scheduling-1    ] INFO  GetNewData             - 定时任务扫描的keys:["user_info_UID_YRaZptE7mQpwqkV5XIr1hucsQ2Tx","user_info_UID_i2KXTMg5g6nhAOgWQwo1itlwHnQz","user_info_UID_jLKtbrB1V1dRD1QHAhwevYxVnHta","user_info_UID_AgHySDtRKqqo3wYuiOqwfpTQjKfk","user_info_UID_JAKoivK8LhMRNZ4hWIk6YFGXKa9u","user_info_UID_NNikwAIyX4nVsg5ShvytR5T73XAZ"]
24-07-12.19:44:10.606 [scheduling-1    ] INFO  GetNewData             - 定时任务扫描的keys:["user_info_UID_YRaZptE7mQpwqkV5XIr1hucsQ2Tx","user_info_UID_i2KXTMg5g6nhAOgWQwo1itlwHnQz","user_info_UID_jLKtbrB1V1dRD1QHAhwevYxVnHta","user_info_UID_AgHySDtRKqqo3wYuiOqwfpTQjKfk","user_info_UID_JAKoivK8LhMRNZ4hWIk6YFGXKa9u","user_info_UID_NNikwAIyX4nVsg5ShvytR5T73XAZ"]
24-07-12.19:44:13.575 [scheduling-1    ] INFO  GetNewData             - 定时任务扫描的keys:["user_info_UID_YRaZptE7mQpwqkV5XIr1hucsQ2Tx","user_info_UID_i2KXTMg5g6nhAOgWQwo1itlwHnQz","user_info_UID_jLKtbrB1V1dRD1QHAhwevYxVnHta","user_info_UID_AgHySDtRKqqo3wYuiOqwfpTQjKfk","user_info_UID_JAKoivK8LhMRNZ4hWIk6YFGXKa9u","user_info_UID_NNikwAIyX4nVsg5ShvytR5T73XAZ"]
24-07-12.19:44:16.584 [scheduling-1    ] INFO  GetNewData             - 定时任务扫描的keys:["user_info_UID_YRaZptE7mQpwqkV5XIr1hucsQ2Tx","user_info_UID_i2KXTMg5g6nhAOgWQwo1itlwHnQz","user_info_UID_jLKtbrB1V1dRD1QHAhwevYxVnHta","user_info_UID_AgHySDtRKqqo3wYuiOqwfpTQjKfk","user_info_UID_JAKoivK8LhMRNZ4hWIk6YFGXKa9u","user_info_UID_NNikwAIyX4nVsg5ShvytR5T73XAZ"]
24-07-12.19:44:19.589 [scheduling-1    ] INFO  GetNewData             - 定时任务扫描的keys:["user_info_UID_YRaZptE7mQpwqkV5XIr1hucsQ2Tx","user_info_UID_i2KXTMg5g6nhAOgWQwo1itlwHnQz","user_info_UID_jLKtbrB1V1dRD1QHAhwevYxVnHta","user_info_UID_AgHySDtRKqqo3wYuiOqwfpTQjKfk","user_info_UID_JAKoivK8LhMRNZ4hWIk6YFGXKa9u","user_info_UID_NNikwAIyX4nVsg5ShvytR5T73XAZ"]
24-07-12.19:44:22.572 [scheduling-1    ] INFO  GetNewData             - 定时任务扫描的keys:["user_info_UID_YRaZptE7mQpwqkV5XIr1hucsQ2Tx","user_info_UID_i2KXTMg5g6nhAOgWQwo1itlwHnQz","user_info_UID_jLKtbrB1V1dRD1QHAhwevYxVnHta","user_info_UID_AgHySDtRKqqo3wYuiOqwfpTQjKfk","user_info_UID_JAKoivK8LhMRNZ4hWIk6YFGXKa9u","user_info_UID_NNikwAIyX4nVsg5ShvytR5T73XAZ"]
24-07-12.19:44:25.609 [scheduling-1    ] INFO  GetNewData             - 定时任务扫描的keys:["user_info_UID_YRaZptE7mQpwqkV5XIr1hucsQ2Tx","user_info_UID_i2KXTMg5g6nhAOgWQwo1itlwHnQz","user_info_UID_jLKtbrB1V1dRD1QHAhwevYxVnHta","user_info_UID_AgHySDtRKqqo3wYuiOqwfpTQjKfk","user_info_UID_JAKoivK8LhMRNZ4hWIk6YFGXKa9u","user_info_UID_NNikwAIyX4nVsg5ShvytR5T73XAZ"]
24-07-12.19:44:28.617 [scheduling-1    ] INFO  GetNewData             - 定时任务扫描的keys:["user_info_UID_YRaZptE7mQpwqkV5XIr1hucsQ2Tx","user_info_UID_i2KXTMg5g6nhAOgWQwo1itlwHnQz","user_info_UID_jLKtbrB1V1dRD1QHAhwevYxVnHta","user_info_UID_AgHySDtRKqqo3wYuiOqwfpTQjKfk","user_info_UID_JAKoivK8LhMRNZ4hWIk6YFGXKa9u","user_info_UID_NNikwAIyX4nVsg5ShvytR5T73XAZ"]
24-07-12.19:44:31.598 [scheduling-1    ] INFO  GetNewData             - 定时任务扫描的keys:["user_info_UID_YRaZptE7mQpwqkV5XIr1hucsQ2Tx","user_info_UID_i2KXTMg5g6nhAOgWQwo1itlwHnQz","user_info_UID_jLKtbrB1V1dRD1QHAhwevYxVnHta","user_info_UID_AgHySDtRKqqo3wYuiOqwfpTQjKfk","user_info_UID_JAKoivK8LhMRNZ4hWIk6YFGXKa9u","user_info_UID_NNikwAIyX4nVsg5ShvytR5T73XAZ"]
24-07-12.19:44:34.597 [scheduling-1    ] INFO  GetNewData             - 定时任务扫描的keys:["user_info_UID_YRaZptE7mQpwqkV5XIr1hucsQ2Tx","user_info_UID_i2KXTMg5g6nhAOgWQwo1itlwHnQz","user_info_UID_jLKtbrB1V1dRD1QHAhwevYxVnHta","user_info_UID_AgHySDtRKqqo3wYuiOqwfpTQjKfk","user_info_UID_JAKoivK8LhMRNZ4hWIk6YFGXKa9u","user_info_UID_NNikwAIyX4nVsg5ShvytR5T73XAZ"]
24-07-12.19:44:37.612 [scheduling-1    ] INFO  GetNewData             - 定时任务扫描的keys:["user_info_UID_YRaZptE7mQpwqkV5XIr1hucsQ2Tx","user_info_UID_i2KXTMg5g6nhAOgWQwo1itlwHnQz","user_info_UID_jLKtbrB1V1dRD1QHAhwevYxVnHta","user_info_UID_AgHySDtRKqqo3wYuiOqwfpTQjKfk","user_info_UID_JAKoivK8LhMRNZ4hWIk6YFGXKa9u","user_info_UID_NNikwAIyX4nVsg5ShvytR5T73XAZ"]
24-07-12.19:44:40.599 [scheduling-1    ] INFO  GetNewData             - 定时任务扫描的keys:["user_info_UID_YRaZptE7mQpwqkV5XIr1hucsQ2Tx","user_info_UID_i2KXTMg5g6nhAOgWQwo1itlwHnQz","user_info_UID_jLKtbrB1V1dRD1QHAhwevYxVnHta","user_info_UID_AgHySDtRKqqo3wYuiOqwfpTQjKfk","user_info_UID_JAKoivK8LhMRNZ4hWIk6YFGXKa9u","user_info_UID_NNikwAIyX4nVsg5ShvytR5T73XAZ"]
24-07-12.19:44:43.580 [scheduling-1    ] INFO  GetNewData             - 定时任务扫描的keys:["user_info_UID_YRaZptE7mQpwqkV5XIr1hucsQ2Tx","user_info_UID_i2KXTMg5g6nhAOgWQwo1itlwHnQz","user_info_UID_jLKtbrB1V1dRD1QHAhwevYxVnHta","user_info_UID_AgHySDtRKqqo3wYuiOqwfpTQjKfk","user_info_UID_JAKoivK8LhMRNZ4hWIk6YFGXKa9u","user_info_UID_NNikwAIyX4nVsg5ShvytR5T73XAZ"]
24-07-12.19:44:46.614 [scheduling-1    ] INFO  GetNewData             - 定时任务扫描的keys:["user_info_UID_YRaZptE7mQpwqkV5XIr1hucsQ2Tx","user_info_UID_i2KXTMg5g6nhAOgWQwo1itlwHnQz","user_info_UID_jLKtbrB1V1dRD1QHAhwevYxVnHta","user_info_UID_AgHySDtRKqqo3wYuiOqwfpTQjKfk","user_info_UID_JAKoivK8LhMRNZ4hWIk6YFGXKa9u","user_info_UID_NNikwAIyX4nVsg5ShvytR5T73XAZ"]
24-07-12.19:44:49.613 [scheduling-1    ] INFO  GetNewData             - 定时任务扫描的keys:["user_info_UID_YRaZptE7mQpwqkV5XIr1hucsQ2Tx","user_info_UID_i2KXTMg5g6nhAOgWQwo1itlwHnQz","user_info_UID_jLKtbrB1V1dRD1QHAhwevYxVnHta","user_info_UID_AgHySDtRKqqo3wYuiOqwfpTQjKfk","user_info_UID_JAKoivK8LhMRNZ4hWIk6YFGXKa9u","user_info_UID_NNikwAIyX4nVsg5ShvytR5T73XAZ"]
24-07-12.19:44:52.582 [scheduling-1    ] INFO  GetNewData             - 定时任务扫描的keys:["user_info_UID_YRaZptE7mQpwqkV5XIr1hucsQ2Tx","user_info_UID_i2KXTMg5g6nhAOgWQwo1itlwHnQz","user_info_UID_jLKtbrB1V1dRD1QHAhwevYxVnHta","user_info_UID_AgHySDtRKqqo3wYuiOqwfpTQjKfk","user_info_UID_JAKoivK8LhMRNZ4hWIk6YFGXKa9u","user_info_UID_NNikwAIyX4nVsg5ShvytR5T73XAZ"]
24-07-12.19:44:55.607 [scheduling-1    ] INFO  GetNewData             - 定时任务扫描的keys:["user_info_UID_YRaZptE7mQpwqkV5XIr1hucsQ2Tx","user_info_UID_i2KXTMg5g6nhAOgWQwo1itlwHnQz","user_info_UID_jLKtbrB1V1dRD1QHAhwevYxVnHta","user_info_UID_AgHySDtRKqqo3wYuiOqwfpTQjKfk","user_info_UID_JAKoivK8LhMRNZ4hWIk6YFGXKa9u","user_info_UID_NNikwAIyX4nVsg5ShvytR5T73XAZ"]
24-07-12.19:44:58.605 [scheduling-1    ] INFO  GetNewData             - 定时任务扫描的keys:["user_info_UID_YRaZptE7mQpwqkV5XIr1hucsQ2Tx","user_info_UID_i2KXTMg5g6nhAOgWQwo1itlwHnQz","user_info_UID_jLKtbrB1V1dRD1QHAhwevYxVnHta","user_info_UID_AgHySDtRKqqo3wYuiOqwfpTQjKfk","user_info_UID_JAKoivK8LhMRNZ4hWIk6YFGXKa9u","user_info_UID_NNikwAIyX4nVsg5ShvytR5T73XAZ"]
24-07-12.19:45:01.582 [scheduling-1    ] INFO  GetNewData             - 定时任务扫描的keys:["user_info_UID_YRaZptE7mQpwqkV5XIr1hucsQ2Tx","user_info_UID_i2KXTMg5g6nhAOgWQwo1itlwHnQz","user_info_UID_jLKtbrB1V1dRD1QHAhwevYxVnHta","user_info_UID_AgHySDtRKqqo3wYuiOqwfpTQjKfk","user_info_UID_JAKoivK8LhMRNZ4hWIk6YFGXKa9u","user_info_UID_NNikwAIyX4nVsg5ShvytR5T73XAZ"]
24-07-12.19:45:04.599 [scheduling-1    ] INFO  GetNewData             - 定时任务扫描的keys:["user_info_UID_YRaZptE7mQpwqkV5XIr1hucsQ2Tx","user_info_UID_i2KXTMg5g6nhAOgWQwo1itlwHnQz","user_info_UID_jLKtbrB1V1dRD1QHAhwevYxVnHta","user_info_UID_AgHySDtRKqqo3wYuiOqwfpTQjKfk","user_info_UID_JAKoivK8LhMRNZ4hWIk6YFGXKa9u","user_info_UID_NNikwAIyX4nVsg5ShvytR5T73XAZ"]
24-07-12.19:45:07.602 [scheduling-1    ] INFO  GetNewData             - 定时任务扫描的keys:["user_info_UID_YRaZptE7mQpwqkV5XIr1hucsQ2Tx","user_info_UID_i2KXTMg5g6nhAOgWQwo1itlwHnQz","user_info_UID_jLKtbrB1V1dRD1QHAhwevYxVnHta","user_info_UID_AgHySDtRKqqo3wYuiOqwfpTQjKfk","user_info_UID_JAKoivK8LhMRNZ4hWIk6YFGXKa9u","user_info_UID_NNikwAIyX4nVsg5ShvytR5T73XAZ"]
24-07-12.19:45:10.593 [scheduling-1    ] INFO  GetNewData             - 定时任务扫描的keys:["user_info_UID_YRaZptE7mQpwqkV5XIr1hucsQ2Tx","user_info_UID_i2KXTMg5g6nhAOgWQwo1itlwHnQz","user_info_UID_jLKtbrB1V1dRD1QHAhwevYxVnHta","user_info_UID_AgHySDtRKqqo3wYuiOqwfpTQjKfk","user_info_UID_JAKoivK8LhMRNZ4hWIk6YFGXKa9u","user_info_UID_NNikwAIyX4nVsg5ShvytR5T73XAZ"]
24-07-12.19:45:13.615 [scheduling-1    ] INFO  GetNewData             - 定时任务扫描的keys:["user_info_UID_YRaZptE7mQpwqkV5XIr1hucsQ2Tx","user_info_UID_i2KXTMg5g6nhAOgWQwo1itlwHnQz","user_info_UID_jLKtbrB1V1dRD1QHAhwevYxVnHta","user_info_UID_AgHySDtRKqqo3wYuiOqwfpTQjKfk","user_info_UID_JAKoivK8LhMRNZ4hWIk6YFGXKa9u","user_info_UID_NNikwAIyX4nVsg5ShvytR5T73XAZ"]
24-07-12.19:45:16.575 [scheduling-1    ] INFO  GetNewData             - 定时任务扫描的keys:["user_info_UID_YRaZptE7mQpwqkV5XIr1hucsQ2Tx","user_info_UID_i2KXTMg5g6nhAOgWQwo1itlwHnQz","user_info_UID_jLKtbrB1V1dRD1QHAhwevYxVnHta","user_info_UID_AgHySDtRKqqo3wYuiOqwfpTQjKfk","user_info_UID_JAKoivK8LhMRNZ4hWIk6YFGXKa9u","user_info_UID_NNikwAIyX4nVsg5ShvytR5T73XAZ"]
24-07-12.19:45:19.579 [scheduling-1    ] INFO  GetNewData             - 定时任务扫描的keys:["user_info_UID_YRaZptE7mQpwqkV5XIr1hucsQ2Tx","user_info_UID_i2KXTMg5g6nhAOgWQwo1itlwHnQz","user_info_UID_jLKtbrB1V1dRD1QHAhwevYxVnHta","user_info_UID_AgHySDtRKqqo3wYuiOqwfpTQjKfk","user_info_UID_JAKoivK8LhMRNZ4hWIk6YFGXKa9u","user_info_UID_NNikwAIyX4nVsg5ShvytR5T73XAZ"]
24-07-12.19:45:22.583 [scheduling-1    ] INFO  GetNewData             - 定时任务扫描的keys:["user_info_UID_YRaZptE7mQpwqkV5XIr1hucsQ2Tx","user_info_UID_i2KXTMg5g6nhAOgWQwo1itlwHnQz","user_info_UID_jLKtbrB1V1dRD1QHAhwevYxVnHta","user_info_UID_AgHySDtRKqqo3wYuiOqwfpTQjKfk","user_info_UID_JAKoivK8LhMRNZ4hWIk6YFGXKa9u","user_info_UID_NNikwAIyX4nVsg5ShvytR5T73XAZ"]
24-07-12.19:45:25.601 [scheduling-1    ] INFO  GetNewData             - 定时任务扫描的keys:["user_info_UID_YRaZptE7mQpwqkV5XIr1hucsQ2Tx","user_info_UID_i2KXTMg5g6nhAOgWQwo1itlwHnQz","user_info_UID_jLKtbrB1V1dRD1QHAhwevYxVnHta","user_info_UID_AgHySDtRKqqo3wYuiOqwfpTQjKfk","user_info_UID_JAKoivK8LhMRNZ4hWIk6YFGXKa9u","user_info_UID_NNikwAIyX4nVsg5ShvytR5T73XAZ"]
24-07-12.19:45:28.573 [scheduling-1    ] INFO  GetNewData             - 定时任务扫描的keys:["user_info_UID_YRaZptE7mQpwqkV5XIr1hucsQ2Tx","user_info_UID_i2KXTMg5g6nhAOgWQwo1itlwHnQz","user_info_UID_jLKtbrB1V1dRD1QHAhwevYxVnHta","user_info_UID_AgHySDtRKqqo3wYuiOqwfpTQjKfk","user_info_UID_JAKoivK8LhMRNZ4hWIk6YFGXKa9u","user_info_UID_NNikwAIyX4nVsg5ShvytR5T73XAZ"]
24-07-12.19:45:31.580 [scheduling-1    ] INFO  GetNewData             - 定时任务扫描的keys:["user_info_UID_YRaZptE7mQpwqkV5XIr1hucsQ2Tx","user_info_UID_i2KXTMg5g6nhAOgWQwo1itlwHnQz","user_info_UID_jLKtbrB1V1dRD1QHAhwevYxVnHta","user_info_UID_AgHySDtRKqqo3wYuiOqwfpTQjKfk","user_info_UID_JAKoivK8LhMRNZ4hWIk6YFGXKa9u","user_info_UID_NNikwAIyX4nVsg5ShvytR5T73XAZ"]
24-07-12.19:45:34.591 [scheduling-1    ] INFO  GetNewData             - 定时任务扫描的keys:["user_info_UID_YRaZptE7mQpwqkV5XIr1hucsQ2Tx","user_info_UID_i2KXTMg5g6nhAOgWQwo1itlwHnQz","user_info_UID_jLKtbrB1V1dRD1QHAhwevYxVnHta","user_info_UID_AgHySDtRKqqo3wYuiOqwfpTQjKfk","user_info_UID_JAKoivK8LhMRNZ4hWIk6YFGXKa9u","user_info_UID_NNikwAIyX4nVsg5ShvytR5T73XAZ"]
24-07-12.19:45:37.600 [scheduling-1    ] INFO  GetNewData             - 定时任务扫描的keys:["user_info_UID_YRaZptE7mQpwqkV5XIr1hucsQ2Tx","user_info_UID_i2KXTMg5g6nhAOgWQwo1itlwHnQz","user_info_UID_jLKtbrB1V1dRD1QHAhwevYxVnHta","user_info_UID_AgHySDtRKqqo3wYuiOqwfpTQjKfk","user_info_UID_JAKoivK8LhMRNZ4hWIk6YFGXKa9u","user_info_UID_NNikwAIyX4nVsg5ShvytR5T73XAZ"]
24-07-12.19:45:40.602 [scheduling-1    ] INFO  GetNewData             - 定时任务扫描的keys:["user_info_UID_YRaZptE7mQpwqkV5XIr1hucsQ2Tx","user_info_UID_i2KXTMg5g6nhAOgWQwo1itlwHnQz","user_info_UID_jLKtbrB1V1dRD1QHAhwevYxVnHta","user_info_UID_AgHySDtRKqqo3wYuiOqwfpTQjKfk","user_info_UID_JAKoivK8LhMRNZ4hWIk6YFGXKa9u","user_info_UID_NNikwAIyX4nVsg5ShvytR5T73XAZ"]
24-07-12.19:45:43.586 [scheduling-1    ] INFO  GetNewData             - 定时任务扫描的keys:["user_info_UID_YRaZptE7mQpwqkV5XIr1hucsQ2Tx","user_info_UID_i2KXTMg5g6nhAOgWQwo1itlwHnQz","user_info_UID_jLKtbrB1V1dRD1QHAhwevYxVnHta","user_info_UID_AgHySDtRKqqo3wYuiOqwfpTQjKfk","user_info_UID_JAKoivK8LhMRNZ4hWIk6YFGXKa9u","user_info_UID_NNikwAIyX4nVsg5ShvytR5T73XAZ"]
24-07-12.19:45:46.572 [scheduling-1    ] INFO  GetNewData             - 定时任务扫描的keys:["user_info_UID_YRaZptE7mQpwqkV5XIr1hucsQ2Tx","user_info_UID_i2KXTMg5g6nhAOgWQwo1itlwHnQz","user_info_UID_jLKtbrB1V1dRD1QHAhwevYxVnHta","user_info_UID_AgHySDtRKqqo3wYuiOqwfpTQjKfk","user_info_UID_JAKoivK8LhMRNZ4hWIk6YFGXKa9u","user_info_UID_NNikwAIyX4nVsg5ShvytR5T73XAZ"]
24-07-12.19:45:49.588 [scheduling-1    ] INFO  GetNewData             - 定时任务扫描的keys:["user_info_UID_YRaZptE7mQpwqkV5XIr1hucsQ2Tx","user_info_UID_i2KXTMg5g6nhAOgWQwo1itlwHnQz","user_info_UID_jLKtbrB1V1dRD1QHAhwevYxVnHta","user_info_UID_AgHySDtRKqqo3wYuiOqwfpTQjKfk","user_info_UID_JAKoivK8LhMRNZ4hWIk6YFGXKa9u","user_info_UID_NNikwAIyX4nVsg5ShvytR5T73XAZ"]
24-07-12.19:45:52.573 [scheduling-1    ] INFO  GetNewData             - 定时任务扫描的keys:["user_info_UID_YRaZptE7mQpwqkV5XIr1hucsQ2Tx","user_info_UID_i2KXTMg5g6nhAOgWQwo1itlwHnQz","user_info_UID_jLKtbrB1V1dRD1QHAhwevYxVnHta","user_info_UID_AgHySDtRKqqo3wYuiOqwfpTQjKfk","user_info_UID_JAKoivK8LhMRNZ4hWIk6YFGXKa9u","user_info_UID_NNikwAIyX4nVsg5ShvytR5T73XAZ"]
24-07-12.19:45:55.704 [scheduling-1    ] INFO  GetNewData             - 定时任务扫描的keys:["user_info_UID_YRaZptE7mQpwqkV5XIr1hucsQ2Tx","user_info_UID_i2KXTMg5g6nhAOgWQwo1itlwHnQz","user_info_UID_jLKtbrB1V1dRD1QHAhwevYxVnHta","user_info_UID_AgHySDtRKqqo3wYuiOqwfpTQjKfk","user_info_UID_JAKoivK8LhMRNZ4hWIk6YFGXKa9u","user_info_UID_NNikwAIyX4nVsg5ShvytR5T73XAZ"]
24-07-12.19:45:58.611 [scheduling-1    ] INFO  GetNewData             - 定时任务扫描的keys:["user_info_UID_YRaZptE7mQpwqkV5XIr1hucsQ2Tx","user_info_UID_i2KXTMg5g6nhAOgWQwo1itlwHnQz","user_info_UID_jLKtbrB1V1dRD1QHAhwevYxVnHta","user_info_UID_AgHySDtRKqqo3wYuiOqwfpTQjKfk","user_info_UID_JAKoivK8LhMRNZ4hWIk6YFGXKa9u","user_info_UID_NNikwAIyX4nVsg5ShvytR5T73XAZ"]
24-07-12.19:46:01.603 [scheduling-1    ] INFO  GetNewData             - 定时任务扫描的keys:["user_info_UID_YRaZptE7mQpwqkV5XIr1hucsQ2Tx","user_info_UID_i2KXTMg5g6nhAOgWQwo1itlwHnQz","user_info_UID_jLKtbrB1V1dRD1QHAhwevYxVnHta","user_info_UID_AgHySDtRKqqo3wYuiOqwfpTQjKfk","user_info_UID_JAKoivK8LhMRNZ4hWIk6YFGXKa9u","user_info_UID_NNikwAIyX4nVsg5ShvytR5T73XAZ"]
24-07-12.19:46:04.607 [scheduling-1    ] INFO  GetNewData             - 定时任务扫描的keys:["user_info_UID_YRaZptE7mQpwqkV5XIr1hucsQ2Tx","user_info_UID_i2KXTMg5g6nhAOgWQwo1itlwHnQz","user_info_UID_jLKtbrB1V1dRD1QHAhwevYxVnHta","user_info_UID_AgHySDtRKqqo3wYuiOqwfpTQjKfk","user_info_UID_JAKoivK8LhMRNZ4hWIk6YFGXKa9u","user_info_UID_NNikwAIyX4nVsg5ShvytR5T73XAZ"]
24-07-12.19:46:07.584 [scheduling-1    ] INFO  GetNewData             - 定时任务扫描的keys:["user_info_UID_YRaZptE7mQpwqkV5XIr1hucsQ2Tx","user_info_UID_i2KXTMg5g6nhAOgWQwo1itlwHnQz","user_info_UID_jLKtbrB1V1dRD1QHAhwevYxVnHta","user_info_UID_AgHySDtRKqqo3wYuiOqwfpTQjKfk","user_info_UID_JAKoivK8LhMRNZ4hWIk6YFGXKa9u","user_info_UID_NNikwAIyX4nVsg5ShvytR5T73XAZ"]
24-07-12.19:46:10.612 [scheduling-1    ] INFO  GetNewData             - 定时任务扫描的keys:["user_info_UID_YRaZptE7mQpwqkV5XIr1hucsQ2Tx","user_info_UID_i2KXTMg5g6nhAOgWQwo1itlwHnQz","user_info_UID_jLKtbrB1V1dRD1QHAhwevYxVnHta","user_info_UID_AgHySDtRKqqo3wYuiOqwfpTQjKfk","user_info_UID_JAKoivK8LhMRNZ4hWIk6YFGXKa9u","user_info_UID_NNikwAIyX4nVsg5ShvytR5T73XAZ"]
24-07-12.19:46:13.596 [scheduling-1    ] INFO  GetNewData             - 定时任务扫描的keys:["user_info_UID_YRaZptE7mQpwqkV5XIr1hucsQ2Tx","user_info_UID_i2KXTMg5g6nhAOgWQwo1itlwHnQz","user_info_UID_jLKtbrB1V1dRD1QHAhwevYxVnHta","user_info_UID_AgHySDtRKqqo3wYuiOqwfpTQjKfk","user_info_UID_JAKoivK8LhMRNZ4hWIk6YFGXKa9u","user_info_UID_NNikwAIyX4nVsg5ShvytR5T73XAZ"]
24-07-12.19:46:16.604 [scheduling-1    ] INFO  GetNewData             - 定时任务扫描的keys:["user_info_UID_YRaZptE7mQpwqkV5XIr1hucsQ2Tx","user_info_UID_i2KXTMg5g6nhAOgWQwo1itlwHnQz","user_info_UID_jLKtbrB1V1dRD1QHAhwevYxVnHta","user_info_UID_AgHySDtRKqqo3wYuiOqwfpTQjKfk","user_info_UID_JAKoivK8LhMRNZ4hWIk6YFGXKa9u","user_info_UID_NNikwAIyX4nVsg5ShvytR5T73XAZ"]
24-07-12.19:46:19.615 [scheduling-1    ] INFO  GetNewData             - 定时任务扫描的keys:["user_info_UID_YRaZptE7mQpwqkV5XIr1hucsQ2Tx","user_info_UID_i2KXTMg5g6nhAOgWQwo1itlwHnQz","user_info_UID_jLKtbrB1V1dRD1QHAhwevYxVnHta","user_info_UID_AgHySDtRKqqo3wYuiOqwfpTQjKfk","user_info_UID_JAKoivK8LhMRNZ4hWIk6YFGXKa9u","user_info_UID_NNikwAIyX4nVsg5ShvytR5T73XAZ"]
24-07-12.19:46:22.585 [scheduling-1    ] INFO  GetNewData             - 定时任务扫描的keys:["user_info_UID_YRaZptE7mQpwqkV5XIr1hucsQ2Tx","user_info_UID_i2KXTMg5g6nhAOgWQwo1itlwHnQz","user_info_UID_jLKtbrB1V1dRD1QHAhwevYxVnHta","user_info_UID_AgHySDtRKqqo3wYuiOqwfpTQjKfk","user_info_UID_JAKoivK8LhMRNZ4hWIk6YFGXKa9u","user_info_UID_NNikwAIyX4nVsg5ShvytR5T73XAZ"]
24-07-12.19:46:25.714 [scheduling-1    ] INFO  GetNewData             - 定时任务扫描的keys:["user_info_UID_YRaZptE7mQpwqkV5XIr1hucsQ2Tx","user_info_UID_i2KXTMg5g6nhAOgWQwo1itlwHnQz","user_info_UID_jLKtbrB1V1dRD1QHAhwevYxVnHta","user_info_UID_AgHySDtRKqqo3wYuiOqwfpTQjKfk","user_info_UID_JAKoivK8LhMRNZ4hWIk6YFGXKa9u","user_info_UID_NNikwAIyX4nVsg5ShvytR5T73XAZ"]
24-07-12.19:46:28.583 [scheduling-1    ] INFO  GetNewData             - 定时任务扫描的keys:["user_info_UID_YRaZptE7mQpwqkV5XIr1hucsQ2Tx","user_info_UID_i2KXTMg5g6nhAOgWQwo1itlwHnQz","user_info_UID_jLKtbrB1V1dRD1QHAhwevYxVnHta","user_info_UID_AgHySDtRKqqo3wYuiOqwfpTQjKfk","user_info_UID_JAKoivK8LhMRNZ4hWIk6YFGXKa9u","user_info_UID_NNikwAIyX4nVsg5ShvytR5T73XAZ"]
24-07-12.19:46:31.590 [scheduling-1    ] INFO  GetNewData             - 定时任务扫描的keys:["user_info_UID_YRaZptE7mQpwqkV5XIr1hucsQ2Tx","user_info_UID_i2KXTMg5g6nhAOgWQwo1itlwHnQz","user_info_UID_jLKtbrB1V1dRD1QHAhwevYxVnHta","user_info_UID_AgHySDtRKqqo3wYuiOqwfpTQjKfk","user_info_UID_JAKoivK8LhMRNZ4hWIk6YFGXKa9u","user_info_UID_NNikwAIyX4nVsg5ShvytR5T73XAZ"]
24-07-12.19:46:34.577 [scheduling-1    ] INFO  GetNewData             - 定时任务扫描的keys:["user_info_UID_YRaZptE7mQpwqkV5XIr1hucsQ2Tx","user_info_UID_i2KXTMg5g6nhAOgWQwo1itlwHnQz","user_info_UID_jLKtbrB1V1dRD1QHAhwevYxVnHta","user_info_UID_AgHySDtRKqqo3wYuiOqwfpTQjKfk","user_info_UID_JAKoivK8LhMRNZ4hWIk6YFGXKa9u","user_info_UID_NNikwAIyX4nVsg5ShvytR5T73XAZ"]
24-07-12.19:46:37.694 [scheduling-1    ] INFO  GetNewData             - 定时任务扫描的keys:["user_info_UID_YRaZptE7mQpwqkV5XIr1hucsQ2Tx","user_info_UID_i2KXTMg5g6nhAOgWQwo1itlwHnQz","user_info_UID_jLKtbrB1V1dRD1QHAhwevYxVnHta","user_info_UID_AgHySDtRKqqo3wYuiOqwfpTQjKfk","user_info_UID_JAKoivK8LhMRNZ4hWIk6YFGXKa9u","user_info_UID_NNikwAIyX4nVsg5ShvytR5T73XAZ"]
24-07-12.19:46:40.599 [scheduling-1    ] INFO  GetNewData             - 定时任务扫描的keys:["user_info_UID_YRaZptE7mQpwqkV5XIr1hucsQ2Tx","user_info_UID_i2KXTMg5g6nhAOgWQwo1itlwHnQz","user_info_UID_jLKtbrB1V1dRD1QHAhwevYxVnHta","user_info_UID_AgHySDtRKqqo3wYuiOqwfpTQjKfk","user_info_UID_JAKoivK8LhMRNZ4hWIk6YFGXKa9u","user_info_UID_NNikwAIyX4nVsg5ShvytR5T73XAZ"]
24-07-12.19:46:43.600 [scheduling-1    ] INFO  GetNewData             - 定时任务扫描的keys:["user_info_UID_YRaZptE7mQpwqkV5XIr1hucsQ2Tx","user_info_UID_i2KXTMg5g6nhAOgWQwo1itlwHnQz","user_info_UID_jLKtbrB1V1dRD1QHAhwevYxVnHta","user_info_UID_AgHySDtRKqqo3wYuiOqwfpTQjKfk","user_info_UID_JAKoivK8LhMRNZ4hWIk6YFGXKa9u","user_info_UID_NNikwAIyX4nVsg5ShvytR5T73XAZ"]
24-07-12.19:46:46.602 [scheduling-1    ] INFO  GetNewData             - 定时任务扫描的keys:["user_info_UID_YRaZptE7mQpwqkV5XIr1hucsQ2Tx","user_info_UID_i2KXTMg5g6nhAOgWQwo1itlwHnQz","user_info_UID_jLKtbrB1V1dRD1QHAhwevYxVnHta","user_info_UID_AgHySDtRKqqo3wYuiOqwfpTQjKfk","user_info_UID_JAKoivK8LhMRNZ4hWIk6YFGXKa9u","user_info_UID_NNikwAIyX4nVsg5ShvytR5T73XAZ"]
24-07-12.19:46:49.605 [scheduling-1    ] INFO  GetNewData             - 定时任务扫描的keys:["user_info_UID_YRaZptE7mQpwqkV5XIr1hucsQ2Tx","user_info_UID_i2KXTMg5g6nhAOgWQwo1itlwHnQz","user_info_UID_jLKtbrB1V1dRD1QHAhwevYxVnHta","user_info_UID_AgHySDtRKqqo3wYuiOqwfpTQjKfk","user_info_UID_JAKoivK8LhMRNZ4hWIk6YFGXKa9u","user_info_UID_NNikwAIyX4nVsg5ShvytR5T73XAZ"]
24-07-12.19:46:52.582 [scheduling-1    ] INFO  GetNewData             - 定时任务扫描的keys:["user_info_UID_YRaZptE7mQpwqkV5XIr1hucsQ2Tx","user_info_UID_i2KXTMg5g6nhAOgWQwo1itlwHnQz","user_info_UID_jLKtbrB1V1dRD1QHAhwevYxVnHta","user_info_UID_AgHySDtRKqqo3wYuiOqwfpTQjKfk","user_info_UID_JAKoivK8LhMRNZ4hWIk6YFGXKa9u","user_info_UID_NNikwAIyX4nVsg5ShvytR5T73XAZ"]
24-07-12.19:46:55.600 [scheduling-1    ] INFO  GetNewData             - 定时任务扫描的keys:["user_info_UID_YRaZptE7mQpwqkV5XIr1hucsQ2Tx","user_info_UID_i2KXTMg5g6nhAOgWQwo1itlwHnQz","user_info_UID_jLKtbrB1V1dRD1QHAhwevYxVnHta","user_info_UID_AgHySDtRKqqo3wYuiOqwfpTQjKfk","user_info_UID_JAKoivK8LhMRNZ4hWIk6YFGXKa9u","user_info_UID_NNikwAIyX4nVsg5ShvytR5T73XAZ"]
24-07-12.19:46:58.592 [scheduling-1    ] INFO  GetNewData             - 定时任务扫描的keys:["user_info_UID_YRaZptE7mQpwqkV5XIr1hucsQ2Tx","user_info_UID_i2KXTMg5g6nhAOgWQwo1itlwHnQz","user_info_UID_jLKtbrB1V1dRD1QHAhwevYxVnHta","user_info_UID_AgHySDtRKqqo3wYuiOqwfpTQjKfk","user_info_UID_JAKoivK8LhMRNZ4hWIk6YFGXKa9u","user_info_UID_NNikwAIyX4nVsg5ShvytR5T73XAZ"]
24-07-12.19:47:01.637 [scheduling-1    ] INFO  GetNewData             - 定时任务扫描的keys:["user_info_UID_YRaZptE7mQpwqkV5XIr1hucsQ2Tx","user_info_UID_i2KXTMg5g6nhAOgWQwo1itlwHnQz","user_info_UID_jLKtbrB1V1dRD1QHAhwevYxVnHta","user_info_UID_AgHySDtRKqqo3wYuiOqwfpTQjKfk","user_info_UID_JAKoivK8LhMRNZ4hWIk6YFGXKa9u","user_info_UID_NNikwAIyX4nVsg5ShvytR5T73XAZ"]
24-07-12.19:47:04.579 [scheduling-1    ] INFO  GetNewData             - 定时任务扫描的keys:["user_info_UID_YRaZptE7mQpwqkV5XIr1hucsQ2Tx","user_info_UID_i2KXTMg5g6nhAOgWQwo1itlwHnQz","user_info_UID_jLKtbrB1V1dRD1QHAhwevYxVnHta","user_info_UID_AgHySDtRKqqo3wYuiOqwfpTQjKfk","user_info_UID_JAKoivK8LhMRNZ4hWIk6YFGXKa9u","user_info_UID_NNikwAIyX4nVsg5ShvytR5T73XAZ"]
24-07-12.19:47:07.580 [scheduling-1    ] INFO  GetNewData             - 定时任务扫描的keys:["user_info_UID_YRaZptE7mQpwqkV5XIr1hucsQ2Tx","user_info_UID_i2KXTMg5g6nhAOgWQwo1itlwHnQz","user_info_UID_jLKtbrB1V1dRD1QHAhwevYxVnHta","user_info_UID_AgHySDtRKqqo3wYuiOqwfpTQjKfk","user_info_UID_JAKoivK8LhMRNZ4hWIk6YFGXKa9u","user_info_UID_NNikwAIyX4nVsg5ShvytR5T73XAZ"]
24-07-12.19:47:10.577 [scheduling-1    ] INFO  GetNewData             - 定时任务扫描的keys:["user_info_UID_YRaZptE7mQpwqkV5XIr1hucsQ2Tx","user_info_UID_i2KXTMg5g6nhAOgWQwo1itlwHnQz","user_info_UID_jLKtbrB1V1dRD1QHAhwevYxVnHta","user_info_UID_AgHySDtRKqqo3wYuiOqwfpTQjKfk","user_info_UID_JAKoivK8LhMRNZ4hWIk6YFGXKa9u","user_info_UID_NNikwAIyX4nVsg5ShvytR5T73XAZ"]
24-07-12.19:47:13.599 [scheduling-1    ] INFO  GetNewData             - 定时任务扫描的keys:["user_info_UID_YRaZptE7mQpwqkV5XIr1hucsQ2Tx","user_info_UID_i2KXTMg5g6nhAOgWQwo1itlwHnQz","user_info_UID_jLKtbrB1V1dRD1QHAhwevYxVnHta","user_info_UID_AgHySDtRKqqo3wYuiOqwfpTQjKfk","user_info_UID_JAKoivK8LhMRNZ4hWIk6YFGXKa9u","user_info_UID_NNikwAIyX4nVsg5ShvytR5T73XAZ"]
24-07-12.19:47:16.630 [scheduling-1    ] INFO  GetNewData             - 定时任务扫描的keys:["user_info_UID_YRaZptE7mQpwqkV5XIr1hucsQ2Tx","user_info_UID_i2KXTMg5g6nhAOgWQwo1itlwHnQz","user_info_UID_jLKtbrB1V1dRD1QHAhwevYxVnHta","user_info_UID_AgHySDtRKqqo3wYuiOqwfpTQjKfk","user_info_UID_JAKoivK8LhMRNZ4hWIk6YFGXKa9u","user_info_UID_NNikwAIyX4nVsg5ShvytR5T73XAZ"]
24-07-12.19:47:19.580 [scheduling-1    ] INFO  GetNewData             - 定时任务扫描的keys:["user_info_UID_YRaZptE7mQpwqkV5XIr1hucsQ2Tx","user_info_UID_i2KXTMg5g6nhAOgWQwo1itlwHnQz","user_info_UID_jLKtbrB1V1dRD1QHAhwevYxVnHta","user_info_UID_AgHySDtRKqqo3wYuiOqwfpTQjKfk","user_info_UID_JAKoivK8LhMRNZ4hWIk6YFGXKa9u","user_info_UID_NNikwAIyX4nVsg5ShvytR5T73XAZ"]
24-07-12.19:47:22.593 [scheduling-1    ] INFO  GetNewData             - 定时任务扫描的keys:["user_info_UID_YRaZptE7mQpwqkV5XIr1hucsQ2Tx","user_info_UID_i2KXTMg5g6nhAOgWQwo1itlwHnQz","user_info_UID_jLKtbrB1V1dRD1QHAhwevYxVnHta","user_info_UID_AgHySDtRKqqo3wYuiOqwfpTQjKfk","user_info_UID_JAKoivK8LhMRNZ4hWIk6YFGXKa9u","user_info_UID_NNikwAIyX4nVsg5ShvytR5T73XAZ"]
24-07-12.19:47:25.597 [scheduling-1    ] INFO  GetNewData             - 定时任务扫描的keys:["user_info_UID_YRaZptE7mQpwqkV5XIr1hucsQ2Tx","user_info_UID_i2KXTMg5g6nhAOgWQwo1itlwHnQz","user_info_UID_jLKtbrB1V1dRD1QHAhwevYxVnHta","user_info_UID_AgHySDtRKqqo3wYuiOqwfpTQjKfk","user_info_UID_JAKoivK8LhMRNZ4hWIk6YFGXKa9u","user_info_UID_NNikwAIyX4nVsg5ShvytR5T73XAZ"]
24-07-12.19:47:28.587 [scheduling-1    ] INFO  GetNewData             - 定时任务扫描的keys:["user_info_UID_YRaZptE7mQpwqkV5XIr1hucsQ2Tx","user_info_UID_i2KXTMg5g6nhAOgWQwo1itlwHnQz","user_info_UID_jLKtbrB1V1dRD1QHAhwevYxVnHta","user_info_UID_AgHySDtRKqqo3wYuiOqwfpTQjKfk","user_info_UID_JAKoivK8LhMRNZ4hWIk6YFGXKa9u","user_info_UID_NNikwAIyX4nVsg5ShvytR5T73XAZ"]
24-07-12.19:47:31.614 [scheduling-1    ] INFO  GetNewData             - 定时任务扫描的keys:["user_info_UID_YRaZptE7mQpwqkV5XIr1hucsQ2Tx","user_info_UID_i2KXTMg5g6nhAOgWQwo1itlwHnQz","user_info_UID_jLKtbrB1V1dRD1QHAhwevYxVnHta","user_info_UID_AgHySDtRKqqo3wYuiOqwfpTQjKfk","user_info_UID_JAKoivK8LhMRNZ4hWIk6YFGXKa9u","user_info_UID_NNikwAIyX4nVsg5ShvytR5T73XAZ"]
24-07-12.19:47:34.589 [scheduling-1    ] INFO  GetNewData             - 定时任务扫描的keys:["user_info_UID_YRaZptE7mQpwqkV5XIr1hucsQ2Tx","user_info_UID_i2KXTMg5g6nhAOgWQwo1itlwHnQz","user_info_UID_jLKtbrB1V1dRD1QHAhwevYxVnHta","user_info_UID_AgHySDtRKqqo3wYuiOqwfpTQjKfk","user_info_UID_JAKoivK8LhMRNZ4hWIk6YFGXKa9u","user_info_UID_NNikwAIyX4nVsg5ShvytR5T73XAZ"]
24-07-12.19:47:37.609 [scheduling-1    ] INFO  GetNewData             - 定时任务扫描的keys:["user_info_UID_YRaZptE7mQpwqkV5XIr1hucsQ2Tx","user_info_UID_i2KXTMg5g6nhAOgWQwo1itlwHnQz","user_info_UID_jLKtbrB1V1dRD1QHAhwevYxVnHta","user_info_UID_AgHySDtRKqqo3wYuiOqwfpTQjKfk","user_info_UID_JAKoivK8LhMRNZ4hWIk6YFGXKa9u","user_info_UID_NNikwAIyX4nVsg5ShvytR5T73XAZ"]
24-07-12.19:47:40.625 [scheduling-1    ] INFO  GetNewData             - 定时任务扫描的keys:["user_info_UID_YRaZptE7mQpwqkV5XIr1hucsQ2Tx","user_info_UID_i2KXTMg5g6nhAOgWQwo1itlwHnQz","user_info_UID_jLKtbrB1V1dRD1QHAhwevYxVnHta","user_info_UID_AgHySDtRKqqo3wYuiOqwfpTQjKfk","user_info_UID_JAKoivK8LhMRNZ4hWIk6YFGXKa9u","user_info_UID_NNikwAIyX4nVsg5ShvytR5T73XAZ"]
24-07-12.19:47:43.610 [scheduling-1    ] INFO  GetNewData             - 定时任务扫描的keys:["user_info_UID_YRaZptE7mQpwqkV5XIr1hucsQ2Tx","user_info_UID_i2KXTMg5g6nhAOgWQwo1itlwHnQz","user_info_UID_jLKtbrB1V1dRD1QHAhwevYxVnHta","user_info_UID_AgHySDtRKqqo3wYuiOqwfpTQjKfk","user_info_UID_JAKoivK8LhMRNZ4hWIk6YFGXKa9u","user_info_UID_NNikwAIyX4nVsg5ShvytR5T73XAZ"]
24-07-12.19:47:46.606 [scheduling-1    ] INFO  GetNewData             - 定时任务扫描的keys:["user_info_UID_YRaZptE7mQpwqkV5XIr1hucsQ2Tx","user_info_UID_i2KXTMg5g6nhAOgWQwo1itlwHnQz","user_info_UID_jLKtbrB1V1dRD1QHAhwevYxVnHta","user_info_UID_AgHySDtRKqqo3wYuiOqwfpTQjKfk","user_info_UID_JAKoivK8LhMRNZ4hWIk6YFGXKa9u","user_info_UID_NNikwAIyX4nVsg5ShvytR5T73XAZ"]
24-07-12.19:47:49.639 [scheduling-1    ] INFO  GetNewData             - 定时任务扫描的keys:["user_info_UID_YRaZptE7mQpwqkV5XIr1hucsQ2Tx","user_info_UID_i2KXTMg5g6nhAOgWQwo1itlwHnQz","user_info_UID_jLKtbrB1V1dRD1QHAhwevYxVnHta","user_info_UID_AgHySDtRKqqo3wYuiOqwfpTQjKfk","user_info_UID_JAKoivK8LhMRNZ4hWIk6YFGXKa9u","user_info_UID_NNikwAIyX4nVsg5ShvytR5T73XAZ"]
24-07-12.19:47:52.595 [scheduling-1    ] INFO  GetNewData             - 定时任务扫描的keys:["user_info_UID_YRaZptE7mQpwqkV5XIr1hucsQ2Tx","user_info_UID_i2KXTMg5g6nhAOgWQwo1itlwHnQz","user_info_UID_jLKtbrB1V1dRD1QHAhwevYxVnHta","user_info_UID_AgHySDtRKqqo3wYuiOqwfpTQjKfk","user_info_UID_JAKoivK8LhMRNZ4hWIk6YFGXKa9u","user_info_UID_NNikwAIyX4nVsg5ShvytR5T73XAZ"]
24-07-12.19:47:55.707 [scheduling-1    ] INFO  GetNewData             - 定时任务扫描的keys:["user_info_UID_YRaZptE7mQpwqkV5XIr1hucsQ2Tx","user_info_UID_i2KXTMg5g6nhAOgWQwo1itlwHnQz","user_info_UID_jLKtbrB1V1dRD1QHAhwevYxVnHta","user_info_UID_AgHySDtRKqqo3wYuiOqwfpTQjKfk","user_info_UID_JAKoivK8LhMRNZ4hWIk6YFGXKa9u","user_info_UID_NNikwAIyX4nVsg5ShvytR5T73XAZ"]
24-07-12.19:47:58.604 [scheduling-1    ] INFO  GetNewData             - 定时任务扫描的keys:["user_info_UID_YRaZptE7mQpwqkV5XIr1hucsQ2Tx","user_info_UID_i2KXTMg5g6nhAOgWQwo1itlwHnQz","user_info_UID_jLKtbrB1V1dRD1QHAhwevYxVnHta","user_info_UID_AgHySDtRKqqo3wYuiOqwfpTQjKfk","user_info_UID_JAKoivK8LhMRNZ4hWIk6YFGXKa9u","user_info_UID_NNikwAIyX4nVsg5ShvytR5T73XAZ"]
24-07-12.19:48:01.579 [scheduling-1    ] INFO  GetNewData             - 定时任务扫描的keys:["user_info_UID_YRaZptE7mQpwqkV5XIr1hucsQ2Tx","user_info_UID_i2KXTMg5g6nhAOgWQwo1itlwHnQz","user_info_UID_jLKtbrB1V1dRD1QHAhwevYxVnHta","user_info_UID_AgHySDtRKqqo3wYuiOqwfpTQjKfk","user_info_UID_JAKoivK8LhMRNZ4hWIk6YFGXKa9u","user_info_UID_NNikwAIyX4nVsg5ShvytR5T73XAZ"]
24-07-12.19:48:04.584 [scheduling-1    ] INFO  GetNewData             - 定时任务扫描的keys:["user_info_UID_YRaZptE7mQpwqkV5XIr1hucsQ2Tx","user_info_UID_i2KXTMg5g6nhAOgWQwo1itlwHnQz","user_info_UID_jLKtbrB1V1dRD1QHAhwevYxVnHta","user_info_UID_AgHySDtRKqqo3wYuiOqwfpTQjKfk","user_info_UID_JAKoivK8LhMRNZ4hWIk6YFGXKa9u","user_info_UID_NNikwAIyX4nVsg5ShvytR5T73XAZ"]
24-07-12.19:48:07.598 [scheduling-1    ] INFO  GetNewData             - 定时任务扫描的keys:["user_info_UID_YRaZptE7mQpwqkV5XIr1hucsQ2Tx","user_info_UID_i2KXTMg5g6nhAOgWQwo1itlwHnQz","user_info_UID_jLKtbrB1V1dRD1QHAhwevYxVnHta","user_info_UID_AgHySDtRKqqo3wYuiOqwfpTQjKfk","user_info_UID_JAKoivK8LhMRNZ4hWIk6YFGXKa9u","user_info_UID_NNikwAIyX4nVsg5ShvytR5T73XAZ"]
24-07-12.19:48:10.582 [scheduling-1    ] INFO  GetNewData             - 定时任务扫描的keys:["user_info_UID_YRaZptE7mQpwqkV5XIr1hucsQ2Tx","user_info_UID_i2KXTMg5g6nhAOgWQwo1itlwHnQz","user_info_UID_jLKtbrB1V1dRD1QHAhwevYxVnHta","user_info_UID_AgHySDtRKqqo3wYuiOqwfpTQjKfk","user_info_UID_JAKoivK8LhMRNZ4hWIk6YFGXKa9u","user_info_UID_NNikwAIyX4nVsg5ShvytR5T73XAZ"]
24-07-12.19:48:13.598 [scheduling-1    ] INFO  GetNewData             - 定时任务扫描的keys:["user_info_UID_YRaZptE7mQpwqkV5XIr1hucsQ2Tx","user_info_UID_i2KXTMg5g6nhAOgWQwo1itlwHnQz","user_info_UID_jLKtbrB1V1dRD1QHAhwevYxVnHta","user_info_UID_AgHySDtRKqqo3wYuiOqwfpTQjKfk","user_info_UID_JAKoivK8LhMRNZ4hWIk6YFGXKa9u","user_info_UID_NNikwAIyX4nVsg5ShvytR5T73XAZ"]
24-07-12.19:48:16.607 [scheduling-1    ] INFO  GetNewData             - 定时任务扫描的keys:["user_info_UID_YRaZptE7mQpwqkV5XIr1hucsQ2Tx","user_info_UID_i2KXTMg5g6nhAOgWQwo1itlwHnQz","user_info_UID_jLKtbrB1V1dRD1QHAhwevYxVnHta","user_info_UID_AgHySDtRKqqo3wYuiOqwfpTQjKfk","user_info_UID_JAKoivK8LhMRNZ4hWIk6YFGXKa9u","user_info_UID_NNikwAIyX4nVsg5ShvytR5T73XAZ"]
24-07-12.19:48:19.596 [scheduling-1    ] INFO  GetNewData             - 定时任务扫描的keys:["user_info_UID_YRaZptE7mQpwqkV5XIr1hucsQ2Tx","user_info_UID_i2KXTMg5g6nhAOgWQwo1itlwHnQz","user_info_UID_jLKtbrB1V1dRD1QHAhwevYxVnHta","user_info_UID_AgHySDtRKqqo3wYuiOqwfpTQjKfk","user_info_UID_JAKoivK8LhMRNZ4hWIk6YFGXKa9u","user_info_UID_NNikwAIyX4nVsg5ShvytR5T73XAZ"]
24-07-12.19:48:22.572 [scheduling-1    ] INFO  GetNewData             - 定时任务扫描的keys:["user_info_UID_YRaZptE7mQpwqkV5XIr1hucsQ2Tx","user_info_UID_i2KXTMg5g6nhAOgWQwo1itlwHnQz","user_info_UID_jLKtbrB1V1dRD1QHAhwevYxVnHta","user_info_UID_AgHySDtRKqqo3wYuiOqwfpTQjKfk","user_info_UID_JAKoivK8LhMRNZ4hWIk6YFGXKa9u","user_info_UID_NNikwAIyX4nVsg5ShvytR5T73XAZ"]
24-07-12.19:48:25.594 [scheduling-1    ] INFO  GetNewData             - 定时任务扫描的keys:["user_info_UID_YRaZptE7mQpwqkV5XIr1hucsQ2Tx","user_info_UID_i2KXTMg5g6nhAOgWQwo1itlwHnQz","user_info_UID_jLKtbrB1V1dRD1QHAhwevYxVnHta","user_info_UID_AgHySDtRKqqo3wYuiOqwfpTQjKfk","user_info_UID_JAKoivK8LhMRNZ4hWIk6YFGXKa9u","user_info_UID_NNikwAIyX4nVsg5ShvytR5T73XAZ"]
24-07-12.19:48:28.611 [scheduling-1    ] INFO  GetNewData             - 定时任务扫描的keys:["user_info_UID_YRaZptE7mQpwqkV5XIr1hucsQ2Tx","user_info_UID_i2KXTMg5g6nhAOgWQwo1itlwHnQz","user_info_UID_jLKtbrB1V1dRD1QHAhwevYxVnHta","user_info_UID_AgHySDtRKqqo3wYuiOqwfpTQjKfk","user_info_UID_JAKoivK8LhMRNZ4hWIk6YFGXKa9u","user_info_UID_NNikwAIyX4nVsg5ShvytR5T73XAZ"]
24-07-12.19:48:31.605 [scheduling-1    ] INFO  GetNewData             - 定时任务扫描的keys:["user_info_UID_YRaZptE7mQpwqkV5XIr1hucsQ2Tx","user_info_UID_i2KXTMg5g6nhAOgWQwo1itlwHnQz","user_info_UID_jLKtbrB1V1dRD1QHAhwevYxVnHta","user_info_UID_AgHySDtRKqqo3wYuiOqwfpTQjKfk","user_info_UID_JAKoivK8LhMRNZ4hWIk6YFGXKa9u","user_info_UID_NNikwAIyX4nVsg5ShvytR5T73XAZ"]
24-07-12.19:48:34.601 [scheduling-1    ] INFO  GetNewData             - 定时任务扫描的keys:["user_info_UID_YRaZptE7mQpwqkV5XIr1hucsQ2Tx","user_info_UID_i2KXTMg5g6nhAOgWQwo1itlwHnQz","user_info_UID_jLKtbrB1V1dRD1QHAhwevYxVnHta","user_info_UID_AgHySDtRKqqo3wYuiOqwfpTQjKfk","user_info_UID_JAKoivK8LhMRNZ4hWIk6YFGXKa9u","user_info_UID_NNikwAIyX4nVsg5ShvytR5T73XAZ"]
24-07-12.19:48:37.605 [scheduling-1    ] INFO  GetNewData             - 定时任务扫描的keys:["user_info_UID_YRaZptE7mQpwqkV5XIr1hucsQ2Tx","user_info_UID_i2KXTMg5g6nhAOgWQwo1itlwHnQz","user_info_UID_jLKtbrB1V1dRD1QHAhwevYxVnHta","user_info_UID_AgHySDtRKqqo3wYuiOqwfpTQjKfk","user_info_UID_JAKoivK8LhMRNZ4hWIk6YFGXKa9u","user_info_UID_NNikwAIyX4nVsg5ShvytR5T73XAZ"]
24-07-12.19:48:40.605 [scheduling-1    ] INFO  GetNewData             - 定时任务扫描的keys:["user_info_UID_YRaZptE7mQpwqkV5XIr1hucsQ2Tx","user_info_UID_i2KXTMg5g6nhAOgWQwo1itlwHnQz","user_info_UID_jLKtbrB1V1dRD1QHAhwevYxVnHta","user_info_UID_AgHySDtRKqqo3wYuiOqwfpTQjKfk","user_info_UID_JAKoivK8LhMRNZ4hWIk6YFGXKa9u","user_info_UID_NNikwAIyX4nVsg5ShvytR5T73XAZ"]
24-07-12.19:48:43.595 [scheduling-1    ] INFO  GetNewData             - 定时任务扫描的keys:["user_info_UID_YRaZptE7mQpwqkV5XIr1hucsQ2Tx","user_info_UID_i2KXTMg5g6nhAOgWQwo1itlwHnQz","user_info_UID_jLKtbrB1V1dRD1QHAhwevYxVnHta","user_info_UID_AgHySDtRKqqo3wYuiOqwfpTQjKfk","user_info_UID_JAKoivK8LhMRNZ4hWIk6YFGXKa9u","user_info_UID_NNikwAIyX4nVsg5ShvytR5T73XAZ"]
24-07-12.19:48:46.586 [scheduling-1    ] INFO  GetNewData             - 定时任务扫描的keys:["user_info_UID_YRaZptE7mQpwqkV5XIr1hucsQ2Tx","user_info_UID_i2KXTMg5g6nhAOgWQwo1itlwHnQz","user_info_UID_jLKtbrB1V1dRD1QHAhwevYxVnHta","user_info_UID_AgHySDtRKqqo3wYuiOqwfpTQjKfk","user_info_UID_JAKoivK8LhMRNZ4hWIk6YFGXKa9u","user_info_UID_NNikwAIyX4nVsg5ShvytR5T73XAZ"]
24-07-12.19:48:49.580 [scheduling-1    ] INFO  GetNewData             - 定时任务扫描的keys:["user_info_UID_YRaZptE7mQpwqkV5XIr1hucsQ2Tx","user_info_UID_i2KXTMg5g6nhAOgWQwo1itlwHnQz","user_info_UID_jLKtbrB1V1dRD1QHAhwevYxVnHta","user_info_UID_AgHySDtRKqqo3wYuiOqwfpTQjKfk","user_info_UID_JAKoivK8LhMRNZ4hWIk6YFGXKa9u","user_info_UID_NNikwAIyX4nVsg5ShvytR5T73XAZ"]
24-07-12.19:48:52.576 [scheduling-1    ] INFO  GetNewData             - 定时任务扫描的keys:["user_info_UID_YRaZptE7mQpwqkV5XIr1hucsQ2Tx","user_info_UID_i2KXTMg5g6nhAOgWQwo1itlwHnQz","user_info_UID_jLKtbrB1V1dRD1QHAhwevYxVnHta","user_info_UID_AgHySDtRKqqo3wYuiOqwfpTQjKfk","user_info_UID_JAKoivK8LhMRNZ4hWIk6YFGXKa9u","user_info_UID_NNikwAIyX4nVsg5ShvytR5T73XAZ"]
24-07-12.19:48:55.606 [scheduling-1    ] INFO  GetNewData             - 定时任务扫描的keys:["user_info_UID_YRaZptE7mQpwqkV5XIr1hucsQ2Tx","user_info_UID_i2KXTMg5g6nhAOgWQwo1itlwHnQz","user_info_UID_jLKtbrB1V1dRD1QHAhwevYxVnHta","user_info_UID_AgHySDtRKqqo3wYuiOqwfpTQjKfk","user_info_UID_JAKoivK8LhMRNZ4hWIk6YFGXKa9u","user_info_UID_NNikwAIyX4nVsg5ShvytR5T73XAZ"]
24-07-12.19:48:58.602 [scheduling-1    ] INFO  GetNewData             - 定时任务扫描的keys:["user_info_UID_YRaZptE7mQpwqkV5XIr1hucsQ2Tx","user_info_UID_i2KXTMg5g6nhAOgWQwo1itlwHnQz","user_info_UID_jLKtbrB1V1dRD1QHAhwevYxVnHta","user_info_UID_AgHySDtRKqqo3wYuiOqwfpTQjKfk","user_info_UID_JAKoivK8LhMRNZ4hWIk6YFGXKa9u","user_info_UID_NNikwAIyX4nVsg5ShvytR5T73XAZ"]
24-07-12.19:49:01.588 [scheduling-1    ] INFO  GetNewData             - 定时任务扫描的keys:["user_info_UID_YRaZptE7mQpwqkV5XIr1hucsQ2Tx","user_info_UID_i2KXTMg5g6nhAOgWQwo1itlwHnQz","user_info_UID_jLKtbrB1V1dRD1QHAhwevYxVnHta","user_info_UID_AgHySDtRKqqo3wYuiOqwfpTQjKfk","user_info_UID_JAKoivK8LhMRNZ4hWIk6YFGXKa9u","user_info_UID_NNikwAIyX4nVsg5ShvytR5T73XAZ"]
24-07-12.19:49:04.609 [scheduling-1    ] INFO  GetNewData             - 定时任务扫描的keys:["user_info_UID_YRaZptE7mQpwqkV5XIr1hucsQ2Tx","user_info_UID_i2KXTMg5g6nhAOgWQwo1itlwHnQz","user_info_UID_jLKtbrB1V1dRD1QHAhwevYxVnHta","user_info_UID_AgHySDtRKqqo3wYuiOqwfpTQjKfk","user_info_UID_JAKoivK8LhMRNZ4hWIk6YFGXKa9u","user_info_UID_NNikwAIyX4nVsg5ShvytR5T73XAZ"]
24-07-12.19:49:07.592 [scheduling-1    ] INFO  GetNewData             - 定时任务扫描的keys:["user_info_UID_YRaZptE7mQpwqkV5XIr1hucsQ2Tx","user_info_UID_i2KXTMg5g6nhAOgWQwo1itlwHnQz","user_info_UID_jLKtbrB1V1dRD1QHAhwevYxVnHta","user_info_UID_AgHySDtRKqqo3wYuiOqwfpTQjKfk","user_info_UID_JAKoivK8LhMRNZ4hWIk6YFGXKa9u","user_info_UID_NNikwAIyX4nVsg5ShvytR5T73XAZ"]
24-07-12.19:49:10.582 [scheduling-1    ] INFO  GetNewData             - 定时任务扫描的keys:["user_info_UID_YRaZptE7mQpwqkV5XIr1hucsQ2Tx","user_info_UID_i2KXTMg5g6nhAOgWQwo1itlwHnQz","user_info_UID_jLKtbrB1V1dRD1QHAhwevYxVnHta","user_info_UID_AgHySDtRKqqo3wYuiOqwfpTQjKfk","user_info_UID_JAKoivK8LhMRNZ4hWIk6YFGXKa9u","user_info_UID_NNikwAIyX4nVsg5ShvytR5T73XAZ"]
24-07-12.19:49:13.584 [scheduling-1    ] INFO  GetNewData             - 定时任务扫描的keys:["user_info_UID_YRaZptE7mQpwqkV5XIr1hucsQ2Tx","user_info_UID_i2KXTMg5g6nhAOgWQwo1itlwHnQz","user_info_UID_jLKtbrB1V1dRD1QHAhwevYxVnHta","user_info_UID_AgHySDtRKqqo3wYuiOqwfpTQjKfk","user_info_UID_JAKoivK8LhMRNZ4hWIk6YFGXKa9u","user_info_UID_NNikwAIyX4nVsg5ShvytR5T73XAZ"]
24-07-12.19:49:16.599 [scheduling-1    ] INFO  GetNewData             - 定时任务扫描的keys:["user_info_UID_YRaZptE7mQpwqkV5XIr1hucsQ2Tx","user_info_UID_i2KXTMg5g6nhAOgWQwo1itlwHnQz","user_info_UID_jLKtbrB1V1dRD1QHAhwevYxVnHta","user_info_UID_AgHySDtRKqqo3wYuiOqwfpTQjKfk","user_info_UID_JAKoivK8LhMRNZ4hWIk6YFGXKa9u","user_info_UID_NNikwAIyX4nVsg5ShvytR5T73XAZ"]
24-07-12.19:49:19.588 [scheduling-1    ] INFO  GetNewData             - 定时任务扫描的keys:["user_info_UID_YRaZptE7mQpwqkV5XIr1hucsQ2Tx","user_info_UID_i2KXTMg5g6nhAOgWQwo1itlwHnQz","user_info_UID_jLKtbrB1V1dRD1QHAhwevYxVnHta","user_info_UID_AgHySDtRKqqo3wYuiOqwfpTQjKfk","user_info_UID_JAKoivK8LhMRNZ4hWIk6YFGXKa9u","user_info_UID_NNikwAIyX4nVsg5ShvytR5T73XAZ"]
24-07-12.19:49:22.586 [scheduling-1    ] INFO  GetNewData             - 定时任务扫描的keys:["user_info_UID_YRaZptE7mQpwqkV5XIr1hucsQ2Tx","user_info_UID_i2KXTMg5g6nhAOgWQwo1itlwHnQz","user_info_UID_jLKtbrB1V1dRD1QHAhwevYxVnHta","user_info_UID_AgHySDtRKqqo3wYuiOqwfpTQjKfk","user_info_UID_JAKoivK8LhMRNZ4hWIk6YFGXKa9u","user_info_UID_NNikwAIyX4nVsg5ShvytR5T73XAZ"]
24-07-12.19:49:25.661 [scheduling-1    ] INFO  GetNewData             - 定时任务扫描的keys:["user_info_UID_YRaZptE7mQpwqkV5XIr1hucsQ2Tx","user_info_UID_i2KXTMg5g6nhAOgWQwo1itlwHnQz","user_info_UID_jLKtbrB1V1dRD1QHAhwevYxVnHta","user_info_UID_AgHySDtRKqqo3wYuiOqwfpTQjKfk","user_info_UID_JAKoivK8LhMRNZ4hWIk6YFGXKa9u","user_info_UID_NNikwAIyX4nVsg5ShvytR5T73XAZ"]
24-07-12.19:49:28.582 [scheduling-1    ] INFO  GetNewData             - 定时任务扫描的keys:["user_info_UID_YRaZptE7mQpwqkV5XIr1hucsQ2Tx","user_info_UID_i2KXTMg5g6nhAOgWQwo1itlwHnQz","user_info_UID_jLKtbrB1V1dRD1QHAhwevYxVnHta","user_info_UID_AgHySDtRKqqo3wYuiOqwfpTQjKfk","user_info_UID_JAKoivK8LhMRNZ4hWIk6YFGXKa9u","user_info_UID_NNikwAIyX4nVsg5ShvytR5T73XAZ"]
24-07-12.19:49:31.603 [scheduling-1    ] INFO  GetNewData             - 定时任务扫描的keys:["user_info_UID_YRaZptE7mQpwqkV5XIr1hucsQ2Tx","user_info_UID_i2KXTMg5g6nhAOgWQwo1itlwHnQz","user_info_UID_jLKtbrB1V1dRD1QHAhwevYxVnHta","user_info_UID_AgHySDtRKqqo3wYuiOqwfpTQjKfk","user_info_UID_JAKoivK8LhMRNZ4hWIk6YFGXKa9u","user_info_UID_NNikwAIyX4nVsg5ShvytR5T73XAZ"]
24-07-12.19:49:34.579 [scheduling-1    ] INFO  GetNewData             - 定时任务扫描的keys:["user_info_UID_YRaZptE7mQpwqkV5XIr1hucsQ2Tx","user_info_UID_i2KXTMg5g6nhAOgWQwo1itlwHnQz","user_info_UID_jLKtbrB1V1dRD1QHAhwevYxVnHta","user_info_UID_AgHySDtRKqqo3wYuiOqwfpTQjKfk","user_info_UID_JAKoivK8LhMRNZ4hWIk6YFGXKa9u","user_info_UID_NNikwAIyX4nVsg5ShvytR5T73XAZ"]
24-07-12.19:49:37.595 [scheduling-1    ] INFO  GetNewData             - 定时任务扫描的keys:["user_info_UID_YRaZptE7mQpwqkV5XIr1hucsQ2Tx","user_info_UID_i2KXTMg5g6nhAOgWQwo1itlwHnQz","user_info_UID_jLKtbrB1V1dRD1QHAhwevYxVnHta","user_info_UID_AgHySDtRKqqo3wYuiOqwfpTQjKfk","user_info_UID_JAKoivK8LhMRNZ4hWIk6YFGXKa9u","user_info_UID_NNikwAIyX4nVsg5ShvytR5T73XAZ"]
24-07-12.19:49:40.602 [scheduling-1    ] INFO  GetNewData             - 定时任务扫描的keys:["user_info_UID_YRaZptE7mQpwqkV5XIr1hucsQ2Tx","user_info_UID_i2KXTMg5g6nhAOgWQwo1itlwHnQz","user_info_UID_jLKtbrB1V1dRD1QHAhwevYxVnHta","user_info_UID_AgHySDtRKqqo3wYuiOqwfpTQjKfk","user_info_UID_JAKoivK8LhMRNZ4hWIk6YFGXKa9u","user_info_UID_NNikwAIyX4nVsg5ShvytR5T73XAZ"]
24-07-12.19:49:43.607 [scheduling-1    ] INFO  GetNewData             - 定时任务扫描的keys:["user_info_UID_YRaZptE7mQpwqkV5XIr1hucsQ2Tx","user_info_UID_i2KXTMg5g6nhAOgWQwo1itlwHnQz","user_info_UID_jLKtbrB1V1dRD1QHAhwevYxVnHta","user_info_UID_AgHySDtRKqqo3wYuiOqwfpTQjKfk","user_info_UID_JAKoivK8LhMRNZ4hWIk6YFGXKa9u","user_info_UID_NNikwAIyX4nVsg5ShvytR5T73XAZ"]
24-07-12.19:49:46.585 [scheduling-1    ] INFO  GetNewData             - 定时任务扫描的keys:["user_info_UID_YRaZptE7mQpwqkV5XIr1hucsQ2Tx","user_info_UID_i2KXTMg5g6nhAOgWQwo1itlwHnQz","user_info_UID_jLKtbrB1V1dRD1QHAhwevYxVnHta","user_info_UID_AgHySDtRKqqo3wYuiOqwfpTQjKfk","user_info_UID_JAKoivK8LhMRNZ4hWIk6YFGXKa9u","user_info_UID_NNikwAIyX4nVsg5ShvytR5T73XAZ"]
24-07-12.19:49:49.607 [scheduling-1    ] INFO  GetNewData             - 定时任务扫描的keys:["user_info_UID_YRaZptE7mQpwqkV5XIr1hucsQ2Tx","user_info_UID_i2KXTMg5g6nhAOgWQwo1itlwHnQz","user_info_UID_jLKtbrB1V1dRD1QHAhwevYxVnHta","user_info_UID_AgHySDtRKqqo3wYuiOqwfpTQjKfk","user_info_UID_JAKoivK8LhMRNZ4hWIk6YFGXKa9u","user_info_UID_NNikwAIyX4nVsg5ShvytR5T73XAZ"]
24-07-12.19:49:52.586 [scheduling-1    ] INFO  GetNewData             - 定时任务扫描的keys:["user_info_UID_YRaZptE7mQpwqkV5XIr1hucsQ2Tx","user_info_UID_i2KXTMg5g6nhAOgWQwo1itlwHnQz","user_info_UID_jLKtbrB1V1dRD1QHAhwevYxVnHta","user_info_UID_AgHySDtRKqqo3wYuiOqwfpTQjKfk","user_info_UID_JAKoivK8LhMRNZ4hWIk6YFGXKa9u","user_info_UID_NNikwAIyX4nVsg5ShvytR5T73XAZ"]
24-07-12.19:49:55.688 [scheduling-1    ] INFO  GetNewData             - 定时任务扫描的keys:["user_info_UID_YRaZptE7mQpwqkV5XIr1hucsQ2Tx","user_info_UID_i2KXTMg5g6nhAOgWQwo1itlwHnQz","user_info_UID_jLKtbrB1V1dRD1QHAhwevYxVnHta","user_info_UID_AgHySDtRKqqo3wYuiOqwfpTQjKfk","user_info_UID_JAKoivK8LhMRNZ4hWIk6YFGXKa9u","user_info_UID_NNikwAIyX4nVsg5ShvytR5T73XAZ"]
24-07-12.19:49:58.585 [scheduling-1    ] INFO  GetNewData             - 定时任务扫描的keys:["user_info_UID_YRaZptE7mQpwqkV5XIr1hucsQ2Tx","user_info_UID_i2KXTMg5g6nhAOgWQwo1itlwHnQz","user_info_UID_jLKtbrB1V1dRD1QHAhwevYxVnHta","user_info_UID_AgHySDtRKqqo3wYuiOqwfpTQjKfk","user_info_UID_JAKoivK8LhMRNZ4hWIk6YFGXKa9u","user_info_UID_NNikwAIyX4nVsg5ShvytR5T73XAZ"]
24-07-12.19:50:01.612 [scheduling-1    ] INFO  GetNewData             - 定时任务扫描的keys:["user_info_UID_YRaZptE7mQpwqkV5XIr1hucsQ2Tx","user_info_UID_i2KXTMg5g6nhAOgWQwo1itlwHnQz","user_info_UID_jLKtbrB1V1dRD1QHAhwevYxVnHta","user_info_UID_AgHySDtRKqqo3wYuiOqwfpTQjKfk","user_info_UID_JAKoivK8LhMRNZ4hWIk6YFGXKa9u","user_info_UID_NNikwAIyX4nVsg5ShvytR5T73XAZ"]
24-07-12.19:50:04.602 [scheduling-1    ] INFO  GetNewData             - 定时任务扫描的keys:["user_info_UID_YRaZptE7mQpwqkV5XIr1hucsQ2Tx","user_info_UID_i2KXTMg5g6nhAOgWQwo1itlwHnQz","user_info_UID_jLKtbrB1V1dRD1QHAhwevYxVnHta","user_info_UID_AgHySDtRKqqo3wYuiOqwfpTQjKfk","user_info_UID_JAKoivK8LhMRNZ4hWIk6YFGXKa9u","user_info_UID_NNikwAIyX4nVsg5ShvytR5T73XAZ"]
24-07-12.19:50:07.578 [scheduling-1    ] INFO  GetNewData             - 定时任务扫描的keys:["user_info_UID_YRaZptE7mQpwqkV5XIr1hucsQ2Tx","user_info_UID_i2KXTMg5g6nhAOgWQwo1itlwHnQz","user_info_UID_jLKtbrB1V1dRD1QHAhwevYxVnHta","user_info_UID_AgHySDtRKqqo3wYuiOqwfpTQjKfk","user_info_UID_JAKoivK8LhMRNZ4hWIk6YFGXKa9u","user_info_UID_NNikwAIyX4nVsg5ShvytR5T73XAZ"]
24-07-12.19:50:10.584 [scheduling-1    ] INFO  GetNewData             - 定时任务扫描的keys:["user_info_UID_YRaZptE7mQpwqkV5XIr1hucsQ2Tx","user_info_UID_i2KXTMg5g6nhAOgWQwo1itlwHnQz","user_info_UID_jLKtbrB1V1dRD1QHAhwevYxVnHta","user_info_UID_AgHySDtRKqqo3wYuiOqwfpTQjKfk","user_info_UID_JAKoivK8LhMRNZ4hWIk6YFGXKa9u","user_info_UID_NNikwAIyX4nVsg5ShvytR5T73XAZ"]
24-07-12.19:50:13.574 [scheduling-1    ] INFO  GetNewData             - 定时任务扫描的keys:["user_info_UID_YRaZptE7mQpwqkV5XIr1hucsQ2Tx","user_info_UID_i2KXTMg5g6nhAOgWQwo1itlwHnQz","user_info_UID_jLKtbrB1V1dRD1QHAhwevYxVnHta","user_info_UID_AgHySDtRKqqo3wYuiOqwfpTQjKfk","user_info_UID_JAKoivK8LhMRNZ4hWIk6YFGXKa9u","user_info_UID_NNikwAIyX4nVsg5ShvytR5T73XAZ"]
24-07-12.19:50:16.578 [scheduling-1    ] INFO  GetNewData             - 定时任务扫描的keys:["user_info_UID_YRaZptE7mQpwqkV5XIr1hucsQ2Tx","user_info_UID_i2KXTMg5g6nhAOgWQwo1itlwHnQz","user_info_UID_jLKtbrB1V1dRD1QHAhwevYxVnHta","user_info_UID_AgHySDtRKqqo3wYuiOqwfpTQjKfk","user_info_UID_JAKoivK8LhMRNZ4hWIk6YFGXKa9u","user_info_UID_NNikwAIyX4nVsg5ShvytR5T73XAZ"]
24-07-12.19:50:19.593 [scheduling-1    ] INFO  GetNewData             - 定时任务扫描的keys:["user_info_UID_YRaZptE7mQpwqkV5XIr1hucsQ2Tx","user_info_UID_i2KXTMg5g6nhAOgWQwo1itlwHnQz","user_info_UID_jLKtbrB1V1dRD1QHAhwevYxVnHta","user_info_UID_AgHySDtRKqqo3wYuiOqwfpTQjKfk","user_info_UID_JAKoivK8LhMRNZ4hWIk6YFGXKa9u","user_info_UID_NNikwAIyX4nVsg5ShvytR5T73XAZ"]
24-07-12.19:50:22.603 [scheduling-1    ] INFO  GetNewData             - 定时任务扫描的keys:["user_info_UID_YRaZptE7mQpwqkV5XIr1hucsQ2Tx","user_info_UID_i2KXTMg5g6nhAOgWQwo1itlwHnQz","user_info_UID_jLKtbrB1V1dRD1QHAhwevYxVnHta","user_info_UID_AgHySDtRKqqo3wYuiOqwfpTQjKfk","user_info_UID_JAKoivK8LhMRNZ4hWIk6YFGXKa9u","user_info_UID_NNikwAIyX4nVsg5ShvytR5T73XAZ"]
24-07-12.19:50:25.572 [scheduling-1    ] INFO  GetNewData             - 定时任务扫描的keys:["user_info_UID_YRaZptE7mQpwqkV5XIr1hucsQ2Tx","user_info_UID_i2KXTMg5g6nhAOgWQwo1itlwHnQz","user_info_UID_jLKtbrB1V1dRD1QHAhwevYxVnHta","user_info_UID_AgHySDtRKqqo3wYuiOqwfpTQjKfk","user_info_UID_JAKoivK8LhMRNZ4hWIk6YFGXKa9u","user_info_UID_NNikwAIyX4nVsg5ShvytR5T73XAZ"]
24-07-12.19:50:28.594 [scheduling-1    ] INFO  GetNewData             - 定时任务扫描的keys:["user_info_UID_YRaZptE7mQpwqkV5XIr1hucsQ2Tx","user_info_UID_i2KXTMg5g6nhAOgWQwo1itlwHnQz","user_info_UID_jLKtbrB1V1dRD1QHAhwevYxVnHta","user_info_UID_AgHySDtRKqqo3wYuiOqwfpTQjKfk","user_info_UID_JAKoivK8LhMRNZ4hWIk6YFGXKa9u","user_info_UID_NNikwAIyX4nVsg5ShvytR5T73XAZ"]
24-07-12.19:50:31.597 [scheduling-1    ] INFO  GetNewData             - 定时任务扫描的keys:["user_info_UID_YRaZptE7mQpwqkV5XIr1hucsQ2Tx","user_info_UID_i2KXTMg5g6nhAOgWQwo1itlwHnQz","user_info_UID_jLKtbrB1V1dRD1QHAhwevYxVnHta","user_info_UID_AgHySDtRKqqo3wYuiOqwfpTQjKfk","user_info_UID_JAKoivK8LhMRNZ4hWIk6YFGXKa9u","user_info_UID_NNikwAIyX4nVsg5ShvytR5T73XAZ"]
24-07-12.19:50:34.579 [scheduling-1    ] INFO  GetNewData             - 定时任务扫描的keys:["user_info_UID_YRaZptE7mQpwqkV5XIr1hucsQ2Tx","user_info_UID_i2KXTMg5g6nhAOgWQwo1itlwHnQz","user_info_UID_jLKtbrB1V1dRD1QHAhwevYxVnHta","user_info_UID_AgHySDtRKqqo3wYuiOqwfpTQjKfk","user_info_UID_JAKoivK8LhMRNZ4hWIk6YFGXKa9u","user_info_UID_NNikwAIyX4nVsg5ShvytR5T73XAZ"]
24-07-12.19:50:37.583 [scheduling-1    ] INFO  GetNewData             - 定时任务扫描的keys:["user_info_UID_YRaZptE7mQpwqkV5XIr1hucsQ2Tx","user_info_UID_i2KXTMg5g6nhAOgWQwo1itlwHnQz","user_info_UID_jLKtbrB1V1dRD1QHAhwevYxVnHta","user_info_UID_AgHySDtRKqqo3wYuiOqwfpTQjKfk","user_info_UID_JAKoivK8LhMRNZ4hWIk6YFGXKa9u","user_info_UID_NNikwAIyX4nVsg5ShvytR5T73XAZ"]
24-07-12.19:50:40.596 [scheduling-1    ] INFO  GetNewData             - 定时任务扫描的keys:["user_info_UID_YRaZptE7mQpwqkV5XIr1hucsQ2Tx","user_info_UID_i2KXTMg5g6nhAOgWQwo1itlwHnQz","user_info_UID_jLKtbrB1V1dRD1QHAhwevYxVnHta","user_info_UID_AgHySDtRKqqo3wYuiOqwfpTQjKfk","user_info_UID_JAKoivK8LhMRNZ4hWIk6YFGXKa9u","user_info_UID_NNikwAIyX4nVsg5ShvytR5T73XAZ"]
24-07-12.19:50:43.592 [scheduling-1    ] INFO  GetNewData             - 定时任务扫描的keys:["user_info_UID_YRaZptE7mQpwqkV5XIr1hucsQ2Tx","user_info_UID_i2KXTMg5g6nhAOgWQwo1itlwHnQz","user_info_UID_jLKtbrB1V1dRD1QHAhwevYxVnHta","user_info_UID_AgHySDtRKqqo3wYuiOqwfpTQjKfk","user_info_UID_JAKoivK8LhMRNZ4hWIk6YFGXKa9u","user_info_UID_NNikwAIyX4nVsg5ShvytR5T73XAZ"]
24-07-12.19:50:46.609 [scheduling-1    ] INFO  GetNewData             - 定时任务扫描的keys:["user_info_UID_YRaZptE7mQpwqkV5XIr1hucsQ2Tx","user_info_UID_i2KXTMg5g6nhAOgWQwo1itlwHnQz","user_info_UID_jLKtbrB1V1dRD1QHAhwevYxVnHta","user_info_UID_AgHySDtRKqqo3wYuiOqwfpTQjKfk","user_info_UID_JAKoivK8LhMRNZ4hWIk6YFGXKa9u","user_info_UID_NNikwAIyX4nVsg5ShvytR5T73XAZ"]
24-07-12.19:50:49.581 [scheduling-1    ] INFO  GetNewData             - 定时任务扫描的keys:["user_info_UID_YRaZptE7mQpwqkV5XIr1hucsQ2Tx","user_info_UID_i2KXTMg5g6nhAOgWQwo1itlwHnQz","user_info_UID_jLKtbrB1V1dRD1QHAhwevYxVnHta","user_info_UID_AgHySDtRKqqo3wYuiOqwfpTQjKfk","user_info_UID_JAKoivK8LhMRNZ4hWIk6YFGXKa9u","user_info_UID_NNikwAIyX4nVsg5ShvytR5T73XAZ"]
24-07-12.19:50:52.598 [scheduling-1    ] INFO  GetNewData             - 定时任务扫描的keys:["user_info_UID_YRaZptE7mQpwqkV5XIr1hucsQ2Tx","user_info_UID_i2KXTMg5g6nhAOgWQwo1itlwHnQz","user_info_UID_jLKtbrB1V1dRD1QHAhwevYxVnHta","user_info_UID_AgHySDtRKqqo3wYuiOqwfpTQjKfk","user_info_UID_JAKoivK8LhMRNZ4hWIk6YFGXKa9u","user_info_UID_NNikwAIyX4nVsg5ShvytR5T73XAZ"]
24-07-12.19:50:55.587 [scheduling-1    ] INFO  GetNewData             - 定时任务扫描的keys:["user_info_UID_YRaZptE7mQpwqkV5XIr1hucsQ2Tx","user_info_UID_i2KXTMg5g6nhAOgWQwo1itlwHnQz","user_info_UID_jLKtbrB1V1dRD1QHAhwevYxVnHta","user_info_UID_AgHySDtRKqqo3wYuiOqwfpTQjKfk","user_info_UID_JAKoivK8LhMRNZ4hWIk6YFGXKa9u","user_info_UID_NNikwAIyX4nVsg5ShvytR5T73XAZ"]
24-07-12.19:50:58.602 [scheduling-1    ] INFO  GetNewData             - 定时任务扫描的keys:["user_info_UID_YRaZptE7mQpwqkV5XIr1hucsQ2Tx","user_info_UID_i2KXTMg5g6nhAOgWQwo1itlwHnQz","user_info_UID_jLKtbrB1V1dRD1QHAhwevYxVnHta","user_info_UID_AgHySDtRKqqo3wYuiOqwfpTQjKfk","user_info_UID_JAKoivK8LhMRNZ4hWIk6YFGXKa9u","user_info_UID_NNikwAIyX4nVsg5ShvytR5T73XAZ"]
24-07-12.19:51:01.612 [scheduling-1    ] INFO  GetNewData             - 定时任务扫描的keys:["user_info_UID_YRaZptE7mQpwqkV5XIr1hucsQ2Tx","user_info_UID_i2KXTMg5g6nhAOgWQwo1itlwHnQz","user_info_UID_jLKtbrB1V1dRD1QHAhwevYxVnHta","user_info_UID_AgHySDtRKqqo3wYuiOqwfpTQjKfk","user_info_UID_JAKoivK8LhMRNZ4hWIk6YFGXKa9u","user_info_UID_NNikwAIyX4nVsg5ShvytR5T73XAZ"]
24-07-12.19:51:04.599 [scheduling-1    ] INFO  GetNewData             - 定时任务扫描的keys:["user_info_UID_YRaZptE7mQpwqkV5XIr1hucsQ2Tx","user_info_UID_i2KXTMg5g6nhAOgWQwo1itlwHnQz","user_info_UID_jLKtbrB1V1dRD1QHAhwevYxVnHta","user_info_UID_AgHySDtRKqqo3wYuiOqwfpTQjKfk","user_info_UID_JAKoivK8LhMRNZ4hWIk6YFGXKa9u","user_info_UID_NNikwAIyX4nVsg5ShvytR5T73XAZ"]
24-07-12.19:51:07.591 [scheduling-1    ] INFO  GetNewData             - 定时任务扫描的keys:["user_info_UID_YRaZptE7mQpwqkV5XIr1hucsQ2Tx","user_info_UID_i2KXTMg5g6nhAOgWQwo1itlwHnQz","user_info_UID_jLKtbrB1V1dRD1QHAhwevYxVnHta","user_info_UID_AgHySDtRKqqo3wYuiOqwfpTQjKfk","user_info_UID_JAKoivK8LhMRNZ4hWIk6YFGXKa9u","user_info_UID_NNikwAIyX4nVsg5ShvytR5T73XAZ"]
24-07-12.19:51:10.607 [scheduling-1    ] INFO  GetNewData             - 定时任务扫描的keys:["user_info_UID_YRaZptE7mQpwqkV5XIr1hucsQ2Tx","user_info_UID_i2KXTMg5g6nhAOgWQwo1itlwHnQz","user_info_UID_jLKtbrB1V1dRD1QHAhwevYxVnHta","user_info_UID_AgHySDtRKqqo3wYuiOqwfpTQjKfk","user_info_UID_JAKoivK8LhMRNZ4hWIk6YFGXKa9u","user_info_UID_NNikwAIyX4nVsg5ShvytR5T73XAZ"]
24-07-12.19:51:13.598 [scheduling-1    ] INFO  GetNewData             - 定时任务扫描的keys:["user_info_UID_YRaZptE7mQpwqkV5XIr1hucsQ2Tx","user_info_UID_i2KXTMg5g6nhAOgWQwo1itlwHnQz","user_info_UID_jLKtbrB1V1dRD1QHAhwevYxVnHta","user_info_UID_AgHySDtRKqqo3wYuiOqwfpTQjKfk","user_info_UID_JAKoivK8LhMRNZ4hWIk6YFGXKa9u","user_info_UID_NNikwAIyX4nVsg5ShvytR5T73XAZ"]
24-07-12.19:51:16.607 [scheduling-1    ] INFO  GetNewData             - 定时任务扫描的keys:["user_info_UID_YRaZptE7mQpwqkV5XIr1hucsQ2Tx","user_info_UID_i2KXTMg5g6nhAOgWQwo1itlwHnQz","user_info_UID_jLKtbrB1V1dRD1QHAhwevYxVnHta","user_info_UID_AgHySDtRKqqo3wYuiOqwfpTQjKfk","user_info_UID_JAKoivK8LhMRNZ4hWIk6YFGXKa9u","user_info_UID_NNikwAIyX4nVsg5ShvytR5T73XAZ"]
24-07-12.19:51:19.600 [scheduling-1    ] INFO  GetNewData             - 定时任务扫描的keys:["user_info_UID_YRaZptE7mQpwqkV5XIr1hucsQ2Tx","user_info_UID_i2KXTMg5g6nhAOgWQwo1itlwHnQz","user_info_UID_jLKtbrB1V1dRD1QHAhwevYxVnHta","user_info_UID_AgHySDtRKqqo3wYuiOqwfpTQjKfk","user_info_UID_JAKoivK8LhMRNZ4hWIk6YFGXKa9u","user_info_UID_NNikwAIyX4nVsg5ShvytR5T73XAZ"]
24-07-12.19:51:22.580 [scheduling-1    ] INFO  GetNewData             - 定时任务扫描的keys:["user_info_UID_YRaZptE7mQpwqkV5XIr1hucsQ2Tx","user_info_UID_i2KXTMg5g6nhAOgWQwo1itlwHnQz","user_info_UID_jLKtbrB1V1dRD1QHAhwevYxVnHta","user_info_UID_AgHySDtRKqqo3wYuiOqwfpTQjKfk","user_info_UID_JAKoivK8LhMRNZ4hWIk6YFGXKa9u","user_info_UID_NNikwAIyX4nVsg5ShvytR5T73XAZ"]
24-07-12.19:51:25.601 [scheduling-1    ] INFO  GetNewData             - 定时任务扫描的keys:["user_info_UID_YRaZptE7mQpwqkV5XIr1hucsQ2Tx","user_info_UID_i2KXTMg5g6nhAOgWQwo1itlwHnQz","user_info_UID_jLKtbrB1V1dRD1QHAhwevYxVnHta","user_info_UID_AgHySDtRKqqo3wYuiOqwfpTQjKfk","user_info_UID_JAKoivK8LhMRNZ4hWIk6YFGXKa9u","user_info_UID_NNikwAIyX4nVsg5ShvytR5T73XAZ"]
24-07-12.19:51:28.615 [scheduling-1    ] INFO  GetNewData             - 定时任务扫描的keys:["user_info_UID_YRaZptE7mQpwqkV5XIr1hucsQ2Tx","user_info_UID_i2KXTMg5g6nhAOgWQwo1itlwHnQz","user_info_UID_jLKtbrB1V1dRD1QHAhwevYxVnHta","user_info_UID_AgHySDtRKqqo3wYuiOqwfpTQjKfk","user_info_UID_JAKoivK8LhMRNZ4hWIk6YFGXKa9u","user_info_UID_NNikwAIyX4nVsg5ShvytR5T73XAZ"]
24-07-12.19:51:31.588 [scheduling-1    ] INFO  GetNewData             - 定时任务扫描的keys:["user_info_UID_YRaZptE7mQpwqkV5XIr1hucsQ2Tx","user_info_UID_i2KXTMg5g6nhAOgWQwo1itlwHnQz","user_info_UID_jLKtbrB1V1dRD1QHAhwevYxVnHta","user_info_UID_AgHySDtRKqqo3wYuiOqwfpTQjKfk","user_info_UID_JAKoivK8LhMRNZ4hWIk6YFGXKa9u","user_info_UID_NNikwAIyX4nVsg5ShvytR5T73XAZ"]
24-07-12.19:51:34.584 [scheduling-1    ] INFO  GetNewData             - 定时任务扫描的keys:["user_info_UID_YRaZptE7mQpwqkV5XIr1hucsQ2Tx","user_info_UID_i2KXTMg5g6nhAOgWQwo1itlwHnQz","user_info_UID_jLKtbrB1V1dRD1QHAhwevYxVnHta","user_info_UID_AgHySDtRKqqo3wYuiOqwfpTQjKfk","user_info_UID_JAKoivK8LhMRNZ4hWIk6YFGXKa9u","user_info_UID_NNikwAIyX4nVsg5ShvytR5T73XAZ"]
24-07-12.19:51:37.598 [scheduling-1    ] INFO  GetNewData             - 定时任务扫描的keys:["user_info_UID_YRaZptE7mQpwqkV5XIr1hucsQ2Tx","user_info_UID_i2KXTMg5g6nhAOgWQwo1itlwHnQz","user_info_UID_jLKtbrB1V1dRD1QHAhwevYxVnHta","user_info_UID_AgHySDtRKqqo3wYuiOqwfpTQjKfk","user_info_UID_JAKoivK8LhMRNZ4hWIk6YFGXKa9u","user_info_UID_NNikwAIyX4nVsg5ShvytR5T73XAZ"]
24-07-12.19:51:40.603 [scheduling-1    ] INFO  GetNewData             - 定时任务扫描的keys:["user_info_UID_YRaZptE7mQpwqkV5XIr1hucsQ2Tx","user_info_UID_i2KXTMg5g6nhAOgWQwo1itlwHnQz","user_info_UID_jLKtbrB1V1dRD1QHAhwevYxVnHta","user_info_UID_AgHySDtRKqqo3wYuiOqwfpTQjKfk","user_info_UID_JAKoivK8LhMRNZ4hWIk6YFGXKa9u","user_info_UID_NNikwAIyX4nVsg5ShvytR5T73XAZ"]
24-07-12.19:51:43.606 [scheduling-1    ] INFO  GetNewData             - 定时任务扫描的keys:["user_info_UID_YRaZptE7mQpwqkV5XIr1hucsQ2Tx","user_info_UID_i2KXTMg5g6nhAOgWQwo1itlwHnQz","user_info_UID_jLKtbrB1V1dRD1QHAhwevYxVnHta","user_info_UID_AgHySDtRKqqo3wYuiOqwfpTQjKfk","user_info_UID_JAKoivK8LhMRNZ4hWIk6YFGXKa9u","user_info_UID_NNikwAIyX4nVsg5ShvytR5T73XAZ"]
24-07-12.19:51:46.583 [scheduling-1    ] INFO  GetNewData             - 定时任务扫描的keys:["user_info_UID_YRaZptE7mQpwqkV5XIr1hucsQ2Tx","user_info_UID_i2KXTMg5g6nhAOgWQwo1itlwHnQz","user_info_UID_jLKtbrB1V1dRD1QHAhwevYxVnHta","user_info_UID_AgHySDtRKqqo3wYuiOqwfpTQjKfk","user_info_UID_JAKoivK8LhMRNZ4hWIk6YFGXKa9u","user_info_UID_NNikwAIyX4nVsg5ShvytR5T73XAZ"]
24-07-12.19:51:49.609 [scheduling-1    ] INFO  GetNewData             - 定时任务扫描的keys:["user_info_UID_YRaZptE7mQpwqkV5XIr1hucsQ2Tx","user_info_UID_i2KXTMg5g6nhAOgWQwo1itlwHnQz","user_info_UID_jLKtbrB1V1dRD1QHAhwevYxVnHta","user_info_UID_AgHySDtRKqqo3wYuiOqwfpTQjKfk","user_info_UID_JAKoivK8LhMRNZ4hWIk6YFGXKa9u","user_info_UID_NNikwAIyX4nVsg5ShvytR5T73XAZ"]
24-07-12.19:51:52.579 [scheduling-1    ] INFO  GetNewData             - 定时任务扫描的keys:["user_info_UID_YRaZptE7mQpwqkV5XIr1hucsQ2Tx","user_info_UID_i2KXTMg5g6nhAOgWQwo1itlwHnQz","user_info_UID_jLKtbrB1V1dRD1QHAhwevYxVnHta","user_info_UID_AgHySDtRKqqo3wYuiOqwfpTQjKfk","user_info_UID_JAKoivK8LhMRNZ4hWIk6YFGXKa9u","user_info_UID_NNikwAIyX4nVsg5ShvytR5T73XAZ"]
24-07-12.19:51:55.710 [scheduling-1    ] INFO  GetNewData             - 定时任务扫描的keys:["user_info_UID_YRaZptE7mQpwqkV5XIr1hucsQ2Tx","user_info_UID_i2KXTMg5g6nhAOgWQwo1itlwHnQz","user_info_UID_jLKtbrB1V1dRD1QHAhwevYxVnHta","user_info_UID_AgHySDtRKqqo3wYuiOqwfpTQjKfk","user_info_UID_JAKoivK8LhMRNZ4hWIk6YFGXKa9u","user_info_UID_NNikwAIyX4nVsg5ShvytR5T73XAZ"]
24-07-12.19:51:58.585 [scheduling-1    ] INFO  GetNewData             - 定时任务扫描的keys:["user_info_UID_YRaZptE7mQpwqkV5XIr1hucsQ2Tx","user_info_UID_i2KXTMg5g6nhAOgWQwo1itlwHnQz","user_info_UID_jLKtbrB1V1dRD1QHAhwevYxVnHta","user_info_UID_AgHySDtRKqqo3wYuiOqwfpTQjKfk","user_info_UID_JAKoivK8LhMRNZ4hWIk6YFGXKa9u","user_info_UID_NNikwAIyX4nVsg5ShvytR5T73XAZ"]
24-07-12.19:52:01.587 [scheduling-1    ] INFO  GetNewData             - 定时任务扫描的keys:["user_info_UID_YRaZptE7mQpwqkV5XIr1hucsQ2Tx","user_info_UID_i2KXTMg5g6nhAOgWQwo1itlwHnQz","user_info_UID_jLKtbrB1V1dRD1QHAhwevYxVnHta","user_info_UID_AgHySDtRKqqo3wYuiOqwfpTQjKfk","user_info_UID_JAKoivK8LhMRNZ4hWIk6YFGXKa9u","user_info_UID_NNikwAIyX4nVsg5ShvytR5T73XAZ"]
24-07-12.19:52:04.576 [scheduling-1    ] INFO  GetNewData             - 定时任务扫描的keys:["user_info_UID_YRaZptE7mQpwqkV5XIr1hucsQ2Tx","user_info_UID_i2KXTMg5g6nhAOgWQwo1itlwHnQz","user_info_UID_jLKtbrB1V1dRD1QHAhwevYxVnHta","user_info_UID_AgHySDtRKqqo3wYuiOqwfpTQjKfk","user_info_UID_JAKoivK8LhMRNZ4hWIk6YFGXKa9u","user_info_UID_NNikwAIyX4nVsg5ShvytR5T73XAZ"]
24-07-12.19:52:07.579 [scheduling-1    ] INFO  GetNewData             - 定时任务扫描的keys:["user_info_UID_YRaZptE7mQpwqkV5XIr1hucsQ2Tx","user_info_UID_i2KXTMg5g6nhAOgWQwo1itlwHnQz","user_info_UID_jLKtbrB1V1dRD1QHAhwevYxVnHta","user_info_UID_AgHySDtRKqqo3wYuiOqwfpTQjKfk","user_info_UID_JAKoivK8LhMRNZ4hWIk6YFGXKa9u","user_info_UID_NNikwAIyX4nVsg5ShvytR5T73XAZ"]
24-07-12.19:52:10.595 [scheduling-1    ] INFO  GetNewData             - 定时任务扫描的keys:["user_info_UID_YRaZptE7mQpwqkV5XIr1hucsQ2Tx","user_info_UID_i2KXTMg5g6nhAOgWQwo1itlwHnQz","user_info_UID_jLKtbrB1V1dRD1QHAhwevYxVnHta","user_info_UID_AgHySDtRKqqo3wYuiOqwfpTQjKfk","user_info_UID_JAKoivK8LhMRNZ4hWIk6YFGXKa9u","user_info_UID_NNikwAIyX4nVsg5ShvytR5T73XAZ"]
24-07-12.19:52:13.600 [scheduling-1    ] INFO  GetNewData             - 定时任务扫描的keys:["user_info_UID_YRaZptE7mQpwqkV5XIr1hucsQ2Tx","user_info_UID_i2KXTMg5g6nhAOgWQwo1itlwHnQz","user_info_UID_jLKtbrB1V1dRD1QHAhwevYxVnHta","user_info_UID_AgHySDtRKqqo3wYuiOqwfpTQjKfk","user_info_UID_JAKoivK8LhMRNZ4hWIk6YFGXKa9u","user_info_UID_NNikwAIyX4nVsg5ShvytR5T73XAZ"]
24-07-12.19:52:16.600 [scheduling-1    ] INFO  GetNewData             - 定时任务扫描的keys:["user_info_UID_YRaZptE7mQpwqkV5XIr1hucsQ2Tx","user_info_UID_i2KXTMg5g6nhAOgWQwo1itlwHnQz","user_info_UID_jLKtbrB1V1dRD1QHAhwevYxVnHta","user_info_UID_AgHySDtRKqqo3wYuiOqwfpTQjKfk","user_info_UID_JAKoivK8LhMRNZ4hWIk6YFGXKa9u","user_info_UID_NNikwAIyX4nVsg5ShvytR5T73XAZ"]
24-07-12.19:52:19.574 [scheduling-1    ] INFO  GetNewData             - 定时任务扫描的keys:["user_info_UID_YRaZptE7mQpwqkV5XIr1hucsQ2Tx","user_info_UID_i2KXTMg5g6nhAOgWQwo1itlwHnQz","user_info_UID_jLKtbrB1V1dRD1QHAhwevYxVnHta","user_info_UID_AgHySDtRKqqo3wYuiOqwfpTQjKfk","user_info_UID_JAKoivK8LhMRNZ4hWIk6YFGXKa9u","user_info_UID_NNikwAIyX4nVsg5ShvytR5T73XAZ"]
24-07-12.19:52:22.603 [scheduling-1    ] INFO  GetNewData             - 定时任务扫描的keys:["user_info_UID_YRaZptE7mQpwqkV5XIr1hucsQ2Tx","user_info_UID_i2KXTMg5g6nhAOgWQwo1itlwHnQz","user_info_UID_jLKtbrB1V1dRD1QHAhwevYxVnHta","user_info_UID_AgHySDtRKqqo3wYuiOqwfpTQjKfk","user_info_UID_JAKoivK8LhMRNZ4hWIk6YFGXKa9u","user_info_UID_NNikwAIyX4nVsg5ShvytR5T73XAZ"]
24-07-12.19:52:25.691 [scheduling-1    ] INFO  GetNewData             - 定时任务扫描的keys:["user_info_UID_YRaZptE7mQpwqkV5XIr1hucsQ2Tx","user_info_UID_i2KXTMg5g6nhAOgWQwo1itlwHnQz","user_info_UID_jLKtbrB1V1dRD1QHAhwevYxVnHta","user_info_UID_AgHySDtRKqqo3wYuiOqwfpTQjKfk","user_info_UID_JAKoivK8LhMRNZ4hWIk6YFGXKa9u","user_info_UID_NNikwAIyX4nVsg5ShvytR5T73XAZ"]
24-07-12.19:52:28.589 [scheduling-1    ] INFO  GetNewData             - 定时任务扫描的keys:["user_info_UID_YRaZptE7mQpwqkV5XIr1hucsQ2Tx","user_info_UID_i2KXTMg5g6nhAOgWQwo1itlwHnQz","user_info_UID_jLKtbrB1V1dRD1QHAhwevYxVnHta","user_info_UID_AgHySDtRKqqo3wYuiOqwfpTQjKfk","user_info_UID_JAKoivK8LhMRNZ4hWIk6YFGXKa9u","user_info_UID_NNikwAIyX4nVsg5ShvytR5T73XAZ"]
24-07-12.19:52:31.593 [scheduling-1    ] INFO  GetNewData             - 定时任务扫描的keys:["user_info_UID_YRaZptE7mQpwqkV5XIr1hucsQ2Tx","user_info_UID_i2KXTMg5g6nhAOgWQwo1itlwHnQz","user_info_UID_jLKtbrB1V1dRD1QHAhwevYxVnHta","user_info_UID_AgHySDtRKqqo3wYuiOqwfpTQjKfk","user_info_UID_JAKoivK8LhMRNZ4hWIk6YFGXKa9u","user_info_UID_NNikwAIyX4nVsg5ShvytR5T73XAZ"]
24-07-12.19:52:34.601 [scheduling-1    ] INFO  GetNewData             - 定时任务扫描的keys:["user_info_UID_YRaZptE7mQpwqkV5XIr1hucsQ2Tx","user_info_UID_i2KXTMg5g6nhAOgWQwo1itlwHnQz","user_info_UID_jLKtbrB1V1dRD1QHAhwevYxVnHta","user_info_UID_AgHySDtRKqqo3wYuiOqwfpTQjKfk","user_info_UID_JAKoivK8LhMRNZ4hWIk6YFGXKa9u","user_info_UID_NNikwAIyX4nVsg5ShvytR5T73XAZ"]
24-07-12.19:52:37.608 [scheduling-1    ] INFO  GetNewData             - 定时任务扫描的keys:["user_info_UID_YRaZptE7mQpwqkV5XIr1hucsQ2Tx","user_info_UID_i2KXTMg5g6nhAOgWQwo1itlwHnQz","user_info_UID_jLKtbrB1V1dRD1QHAhwevYxVnHta","user_info_UID_AgHySDtRKqqo3wYuiOqwfpTQjKfk","user_info_UID_JAKoivK8LhMRNZ4hWIk6YFGXKa9u","user_info_UID_NNikwAIyX4nVsg5ShvytR5T73XAZ"]
24-07-12.19:52:40.589 [scheduling-1    ] INFO  GetNewData             - 定时任务扫描的keys:["user_info_UID_YRaZptE7mQpwqkV5XIr1hucsQ2Tx","user_info_UID_i2KXTMg5g6nhAOgWQwo1itlwHnQz","user_info_UID_jLKtbrB1V1dRD1QHAhwevYxVnHta","user_info_UID_AgHySDtRKqqo3wYuiOqwfpTQjKfk","user_info_UID_JAKoivK8LhMRNZ4hWIk6YFGXKa9u","user_info_UID_NNikwAIyX4nVsg5ShvytR5T73XAZ"]
24-07-12.19:52:43.573 [scheduling-1    ] INFO  GetNewData             - 定时任务扫描的keys:["user_info_UID_YRaZptE7mQpwqkV5XIr1hucsQ2Tx","user_info_UID_i2KXTMg5g6nhAOgWQwo1itlwHnQz","user_info_UID_jLKtbrB1V1dRD1QHAhwevYxVnHta","user_info_UID_AgHySDtRKqqo3wYuiOqwfpTQjKfk","user_info_UID_JAKoivK8LhMRNZ4hWIk6YFGXKa9u","user_info_UID_NNikwAIyX4nVsg5ShvytR5T73XAZ"]
24-07-12.19:52:46.603 [scheduling-1    ] INFO  GetNewData             - 定时任务扫描的keys:["user_info_UID_YRaZptE7mQpwqkV5XIr1hucsQ2Tx","user_info_UID_i2KXTMg5g6nhAOgWQwo1itlwHnQz","user_info_UID_jLKtbrB1V1dRD1QHAhwevYxVnHta","user_info_UID_AgHySDtRKqqo3wYuiOqwfpTQjKfk","user_info_UID_JAKoivK8LhMRNZ4hWIk6YFGXKa9u","user_info_UID_NNikwAIyX4nVsg5ShvytR5T73XAZ"]
24-07-12.19:52:49.581 [scheduling-1    ] INFO  GetNewData             - 定时任务扫描的keys:["user_info_UID_YRaZptE7mQpwqkV5XIr1hucsQ2Tx","user_info_UID_i2KXTMg5g6nhAOgWQwo1itlwHnQz","user_info_UID_jLKtbrB1V1dRD1QHAhwevYxVnHta","user_info_UID_AgHySDtRKqqo3wYuiOqwfpTQjKfk","user_info_UID_JAKoivK8LhMRNZ4hWIk6YFGXKa9u","user_info_UID_NNikwAIyX4nVsg5ShvytR5T73XAZ"]
24-07-12.19:52:52.596 [scheduling-1    ] INFO  GetNewData             - 定时任务扫描的keys:["user_info_UID_YRaZptE7mQpwqkV5XIr1hucsQ2Tx","user_info_UID_i2KXTMg5g6nhAOgWQwo1itlwHnQz","user_info_UID_jLKtbrB1V1dRD1QHAhwevYxVnHta","user_info_UID_AgHySDtRKqqo3wYuiOqwfpTQjKfk","user_info_UID_JAKoivK8LhMRNZ4hWIk6YFGXKa9u","user_info_UID_NNikwAIyX4nVsg5ShvytR5T73XAZ"]
24-07-12.19:52:55.580 [scheduling-1    ] INFO  GetNewData             - 定时任务扫描的keys:["user_info_UID_YRaZptE7mQpwqkV5XIr1hucsQ2Tx","user_info_UID_i2KXTMg5g6nhAOgWQwo1itlwHnQz","user_info_UID_jLKtbrB1V1dRD1QHAhwevYxVnHta","user_info_UID_AgHySDtRKqqo3wYuiOqwfpTQjKfk","user_info_UID_JAKoivK8LhMRNZ4hWIk6YFGXKa9u","user_info_UID_NNikwAIyX4nVsg5ShvytR5T73XAZ"]
24-07-12.19:52:58.608 [scheduling-1    ] INFO  GetNewData             - 定时任务扫描的keys:["user_info_UID_YRaZptE7mQpwqkV5XIr1hucsQ2Tx","user_info_UID_i2KXTMg5g6nhAOgWQwo1itlwHnQz","user_info_UID_jLKtbrB1V1dRD1QHAhwevYxVnHta","user_info_UID_AgHySDtRKqqo3wYuiOqwfpTQjKfk","user_info_UID_JAKoivK8LhMRNZ4hWIk6YFGXKa9u","user_info_UID_NNikwAIyX4nVsg5ShvytR5T73XAZ"]
24-07-12.19:53:01.579 [scheduling-1    ] INFO  GetNewData             - 定时任务扫描的keys:["user_info_UID_YRaZptE7mQpwqkV5XIr1hucsQ2Tx","user_info_UID_i2KXTMg5g6nhAOgWQwo1itlwHnQz","user_info_UID_jLKtbrB1V1dRD1QHAhwevYxVnHta","user_info_UID_AgHySDtRKqqo3wYuiOqwfpTQjKfk","user_info_UID_JAKoivK8LhMRNZ4hWIk6YFGXKa9u","user_info_UID_NNikwAIyX4nVsg5ShvytR5T73XAZ"]
24-07-12.19:53:04.593 [scheduling-1    ] INFO  GetNewData             - 定时任务扫描的keys:["user_info_UID_YRaZptE7mQpwqkV5XIr1hucsQ2Tx","user_info_UID_i2KXTMg5g6nhAOgWQwo1itlwHnQz","user_info_UID_jLKtbrB1V1dRD1QHAhwevYxVnHta","user_info_UID_AgHySDtRKqqo3wYuiOqwfpTQjKfk","user_info_UID_JAKoivK8LhMRNZ4hWIk6YFGXKa9u","user_info_UID_NNikwAIyX4nVsg5ShvytR5T73XAZ"]
24-07-12.19:53:07.587 [scheduling-1    ] INFO  GetNewData             - 定时任务扫描的keys:["user_info_UID_YRaZptE7mQpwqkV5XIr1hucsQ2Tx","user_info_UID_i2KXTMg5g6nhAOgWQwo1itlwHnQz","user_info_UID_jLKtbrB1V1dRD1QHAhwevYxVnHta","user_info_UID_AgHySDtRKqqo3wYuiOqwfpTQjKfk","user_info_UID_JAKoivK8LhMRNZ4hWIk6YFGXKa9u","user_info_UID_NNikwAIyX4nVsg5ShvytR5T73XAZ"]
24-07-12.19:53:10.580 [scheduling-1    ] INFO  GetNewData             - 定时任务扫描的keys:["user_info_UID_YRaZptE7mQpwqkV5XIr1hucsQ2Tx","user_info_UID_i2KXTMg5g6nhAOgWQwo1itlwHnQz","user_info_UID_jLKtbrB1V1dRD1QHAhwevYxVnHta","user_info_UID_AgHySDtRKqqo3wYuiOqwfpTQjKfk","user_info_UID_JAKoivK8LhMRNZ4hWIk6YFGXKa9u","user_info_UID_NNikwAIyX4nVsg5ShvytR5T73XAZ"]
24-07-12.19:53:13.572 [scheduling-1    ] INFO  GetNewData             - 定时任务扫描的keys:["user_info_UID_YRaZptE7mQpwqkV5XIr1hucsQ2Tx","user_info_UID_i2KXTMg5g6nhAOgWQwo1itlwHnQz","user_info_UID_jLKtbrB1V1dRD1QHAhwevYxVnHta","user_info_UID_AgHySDtRKqqo3wYuiOqwfpTQjKfk","user_info_UID_JAKoivK8LhMRNZ4hWIk6YFGXKa9u","user_info_UID_NNikwAIyX4nVsg5ShvytR5T73XAZ"]
24-07-12.19:53:16.606 [scheduling-1    ] INFO  GetNewData             - 定时任务扫描的keys:["user_info_UID_YRaZptE7mQpwqkV5XIr1hucsQ2Tx","user_info_UID_i2KXTMg5g6nhAOgWQwo1itlwHnQz","user_info_UID_jLKtbrB1V1dRD1QHAhwevYxVnHta","user_info_UID_AgHySDtRKqqo3wYuiOqwfpTQjKfk","user_info_UID_JAKoivK8LhMRNZ4hWIk6YFGXKa9u","user_info_UID_NNikwAIyX4nVsg5ShvytR5T73XAZ"]
24-07-12.19:53:19.587 [scheduling-1    ] INFO  GetNewData             - 定时任务扫描的keys:["user_info_UID_YRaZptE7mQpwqkV5XIr1hucsQ2Tx","user_info_UID_i2KXTMg5g6nhAOgWQwo1itlwHnQz","user_info_UID_jLKtbrB1V1dRD1QHAhwevYxVnHta","user_info_UID_AgHySDtRKqqo3wYuiOqwfpTQjKfk","user_info_UID_JAKoivK8LhMRNZ4hWIk6YFGXKa9u","user_info_UID_NNikwAIyX4nVsg5ShvytR5T73XAZ"]
24-07-12.19:53:22.598 [scheduling-1    ] INFO  GetNewData             - 定时任务扫描的keys:["user_info_UID_YRaZptE7mQpwqkV5XIr1hucsQ2Tx","user_info_UID_i2KXTMg5g6nhAOgWQwo1itlwHnQz","user_info_UID_jLKtbrB1V1dRD1QHAhwevYxVnHta","user_info_UID_AgHySDtRKqqo3wYuiOqwfpTQjKfk","user_info_UID_JAKoivK8LhMRNZ4hWIk6YFGXKa9u","user_info_UID_NNikwAIyX4nVsg5ShvytR5T73XAZ"]
24-07-12.19:53:25.576 [scheduling-1    ] INFO  GetNewData             - 定时任务扫描的keys:["user_info_UID_YRaZptE7mQpwqkV5XIr1hucsQ2Tx","user_info_UID_i2KXTMg5g6nhAOgWQwo1itlwHnQz","user_info_UID_jLKtbrB1V1dRD1QHAhwevYxVnHta","user_info_UID_AgHySDtRKqqo3wYuiOqwfpTQjKfk","user_info_UID_JAKoivK8LhMRNZ4hWIk6YFGXKa9u","user_info_UID_NNikwAIyX4nVsg5ShvytR5T73XAZ"]
24-07-12.19:53:28.583 [scheduling-1    ] INFO  GetNewData             - 定时任务扫描的keys:["user_info_UID_YRaZptE7mQpwqkV5XIr1hucsQ2Tx","user_info_UID_i2KXTMg5g6nhAOgWQwo1itlwHnQz","user_info_UID_jLKtbrB1V1dRD1QHAhwevYxVnHta","user_info_UID_AgHySDtRKqqo3wYuiOqwfpTQjKfk","user_info_UID_JAKoivK8LhMRNZ4hWIk6YFGXKa9u","user_info_UID_NNikwAIyX4nVsg5ShvytR5T73XAZ"]
24-07-12.19:53:31.589 [scheduling-1    ] INFO  GetNewData             - 定时任务扫描的keys:["user_info_UID_YRaZptE7mQpwqkV5XIr1hucsQ2Tx","user_info_UID_i2KXTMg5g6nhAOgWQwo1itlwHnQz","user_info_UID_jLKtbrB1V1dRD1QHAhwevYxVnHta","user_info_UID_AgHySDtRKqqo3wYuiOqwfpTQjKfk","user_info_UID_JAKoivK8LhMRNZ4hWIk6YFGXKa9u","user_info_UID_NNikwAIyX4nVsg5ShvytR5T73XAZ"]
24-07-12.19:53:34.583 [scheduling-1    ] INFO  GetNewData             - 定时任务扫描的keys:["user_info_UID_YRaZptE7mQpwqkV5XIr1hucsQ2Tx","user_info_UID_i2KXTMg5g6nhAOgWQwo1itlwHnQz","user_info_UID_jLKtbrB1V1dRD1QHAhwevYxVnHta","user_info_UID_AgHySDtRKqqo3wYuiOqwfpTQjKfk","user_info_UID_JAKoivK8LhMRNZ4hWIk6YFGXKa9u","user_info_UID_NNikwAIyX4nVsg5ShvytR5T73XAZ"]
24-07-12.19:53:37.577 [scheduling-1    ] INFO  GetNewData             - 定时任务扫描的keys:["user_info_UID_YRaZptE7mQpwqkV5XIr1hucsQ2Tx","user_info_UID_i2KXTMg5g6nhAOgWQwo1itlwHnQz","user_info_UID_jLKtbrB1V1dRD1QHAhwevYxVnHta","user_info_UID_AgHySDtRKqqo3wYuiOqwfpTQjKfk","user_info_UID_JAKoivK8LhMRNZ4hWIk6YFGXKa9u","user_info_UID_NNikwAIyX4nVsg5ShvytR5T73XAZ"]
24-07-12.19:53:40.581 [scheduling-1    ] INFO  GetNewData             - 定时任务扫描的keys:["user_info_UID_YRaZptE7mQpwqkV5XIr1hucsQ2Tx","user_info_UID_i2KXTMg5g6nhAOgWQwo1itlwHnQz","user_info_UID_jLKtbrB1V1dRD1QHAhwevYxVnHta","user_info_UID_AgHySDtRKqqo3wYuiOqwfpTQjKfk","user_info_UID_JAKoivK8LhMRNZ4hWIk6YFGXKa9u","user_info_UID_NNikwAIyX4nVsg5ShvytR5T73XAZ"]
24-07-12.19:53:43.581 [scheduling-1    ] INFO  GetNewData             - 定时任务扫描的keys:["user_info_UID_YRaZptE7mQpwqkV5XIr1hucsQ2Tx","user_info_UID_i2KXTMg5g6nhAOgWQwo1itlwHnQz","user_info_UID_jLKtbrB1V1dRD1QHAhwevYxVnHta","user_info_UID_AgHySDtRKqqo3wYuiOqwfpTQjKfk","user_info_UID_JAKoivK8LhMRNZ4hWIk6YFGXKa9u","user_info_UID_NNikwAIyX4nVsg5ShvytR5T73XAZ"]
24-07-12.19:53:46.576 [scheduling-1    ] INFO  GetNewData             - 定时任务扫描的keys:["user_info_UID_YRaZptE7mQpwqkV5XIr1hucsQ2Tx","user_info_UID_i2KXTMg5g6nhAOgWQwo1itlwHnQz","user_info_UID_jLKtbrB1V1dRD1QHAhwevYxVnHta","user_info_UID_AgHySDtRKqqo3wYuiOqwfpTQjKfk","user_info_UID_JAKoivK8LhMRNZ4hWIk6YFGXKa9u","user_info_UID_NNikwAIyX4nVsg5ShvytR5T73XAZ"]
24-07-12.19:53:49.596 [scheduling-1    ] INFO  GetNewData             - 定时任务扫描的keys:["user_info_UID_YRaZptE7mQpwqkV5XIr1hucsQ2Tx","user_info_UID_i2KXTMg5g6nhAOgWQwo1itlwHnQz","user_info_UID_jLKtbrB1V1dRD1QHAhwevYxVnHta","user_info_UID_AgHySDtRKqqo3wYuiOqwfpTQjKfk","user_info_UID_JAKoivK8LhMRNZ4hWIk6YFGXKa9u","user_info_UID_NNikwAIyX4nVsg5ShvytR5T73XAZ"]
24-07-12.19:53:52.617 [scheduling-1    ] INFO  GetNewData             - 定时任务扫描的keys:["user_info_UID_YRaZptE7mQpwqkV5XIr1hucsQ2Tx","user_info_UID_i2KXTMg5g6nhAOgWQwo1itlwHnQz","user_info_UID_jLKtbrB1V1dRD1QHAhwevYxVnHta","user_info_UID_AgHySDtRKqqo3wYuiOqwfpTQjKfk","user_info_UID_JAKoivK8LhMRNZ4hWIk6YFGXKa9u","user_info_UID_NNikwAIyX4nVsg5ShvytR5T73XAZ"]
24-07-12.19:53:55.775 [scheduling-1    ] INFO  GetNewData             - 定时任务扫描的keys:["user_info_UID_YRaZptE7mQpwqkV5XIr1hucsQ2Tx","user_info_UID_i2KXTMg5g6nhAOgWQwo1itlwHnQz","user_info_UID_jLKtbrB1V1dRD1QHAhwevYxVnHta","user_info_UID_AgHySDtRKqqo3wYuiOqwfpTQjKfk","user_info_UID_JAKoivK8LhMRNZ4hWIk6YFGXKa9u","user_info_UID_NNikwAIyX4nVsg5ShvytR5T73XAZ"]
24-07-12.19:53:58.591 [scheduling-1    ] INFO  GetNewData             - 定时任务扫描的keys:["user_info_UID_YRaZptE7mQpwqkV5XIr1hucsQ2Tx","user_info_UID_i2KXTMg5g6nhAOgWQwo1itlwHnQz","user_info_UID_jLKtbrB1V1dRD1QHAhwevYxVnHta","user_info_UID_AgHySDtRKqqo3wYuiOqwfpTQjKfk","user_info_UID_JAKoivK8LhMRNZ4hWIk6YFGXKa9u","user_info_UID_NNikwAIyX4nVsg5ShvytR5T73XAZ"]
24-07-12.19:54:01.585 [scheduling-1    ] INFO  GetNewData             - 定时任务扫描的keys:["user_info_UID_YRaZptE7mQpwqkV5XIr1hucsQ2Tx","user_info_UID_i2KXTMg5g6nhAOgWQwo1itlwHnQz","user_info_UID_jLKtbrB1V1dRD1QHAhwevYxVnHta","user_info_UID_AgHySDtRKqqo3wYuiOqwfpTQjKfk","user_info_UID_JAKoivK8LhMRNZ4hWIk6YFGXKa9u","user_info_UID_NNikwAIyX4nVsg5ShvytR5T73XAZ"]
24-07-12.19:54:04.615 [scheduling-1    ] INFO  GetNewData             - 定时任务扫描的keys:["user_info_UID_YRaZptE7mQpwqkV5XIr1hucsQ2Tx","user_info_UID_i2KXTMg5g6nhAOgWQwo1itlwHnQz","user_info_UID_jLKtbrB1V1dRD1QHAhwevYxVnHta","user_info_UID_AgHySDtRKqqo3wYuiOqwfpTQjKfk","user_info_UID_JAKoivK8LhMRNZ4hWIk6YFGXKa9u","user_info_UID_NNikwAIyX4nVsg5ShvytR5T73XAZ"]
24-07-12.19:54:07.584 [scheduling-1    ] INFO  GetNewData             - 定时任务扫描的keys:["user_info_UID_YRaZptE7mQpwqkV5XIr1hucsQ2Tx","user_info_UID_i2KXTMg5g6nhAOgWQwo1itlwHnQz","user_info_UID_jLKtbrB1V1dRD1QHAhwevYxVnHta","user_info_UID_AgHySDtRKqqo3wYuiOqwfpTQjKfk","user_info_UID_JAKoivK8LhMRNZ4hWIk6YFGXKa9u","user_info_UID_NNikwAIyX4nVsg5ShvytR5T73XAZ"]
24-07-12.19:54:10.599 [scheduling-1    ] INFO  GetNewData             - 定时任务扫描的keys:["user_info_UID_YRaZptE7mQpwqkV5XIr1hucsQ2Tx","user_info_UID_i2KXTMg5g6nhAOgWQwo1itlwHnQz","user_info_UID_jLKtbrB1V1dRD1QHAhwevYxVnHta","user_info_UID_AgHySDtRKqqo3wYuiOqwfpTQjKfk","user_info_UID_JAKoivK8LhMRNZ4hWIk6YFGXKa9u","user_info_UID_NNikwAIyX4nVsg5ShvytR5T73XAZ"]
24-07-12.19:54:13.615 [scheduling-1    ] INFO  GetNewData             - 定时任务扫描的keys:["user_info_UID_YRaZptE7mQpwqkV5XIr1hucsQ2Tx","user_info_UID_i2KXTMg5g6nhAOgWQwo1itlwHnQz","user_info_UID_jLKtbrB1V1dRD1QHAhwevYxVnHta","user_info_UID_AgHySDtRKqqo3wYuiOqwfpTQjKfk","user_info_UID_JAKoivK8LhMRNZ4hWIk6YFGXKa9u","user_info_UID_NNikwAIyX4nVsg5ShvytR5T73XAZ"]
24-07-12.19:54:16.596 [scheduling-1    ] INFO  GetNewData             - 定时任务扫描的keys:["user_info_UID_YRaZptE7mQpwqkV5XIr1hucsQ2Tx","user_info_UID_i2KXTMg5g6nhAOgWQwo1itlwHnQz","user_info_UID_jLKtbrB1V1dRD1QHAhwevYxVnHta","user_info_UID_AgHySDtRKqqo3wYuiOqwfpTQjKfk","user_info_UID_JAKoivK8LhMRNZ4hWIk6YFGXKa9u","user_info_UID_NNikwAIyX4nVsg5ShvytR5T73XAZ"]
24-07-12.19:54:19.584 [scheduling-1    ] INFO  GetNewData             - 定时任务扫描的keys:["user_info_UID_YRaZptE7mQpwqkV5XIr1hucsQ2Tx","user_info_UID_i2KXTMg5g6nhAOgWQwo1itlwHnQz","user_info_UID_jLKtbrB1V1dRD1QHAhwevYxVnHta","user_info_UID_AgHySDtRKqqo3wYuiOqwfpTQjKfk","user_info_UID_JAKoivK8LhMRNZ4hWIk6YFGXKa9u","user_info_UID_NNikwAIyX4nVsg5ShvytR5T73XAZ"]
24-07-12.19:54:22.605 [scheduling-1    ] INFO  GetNewData             - 定时任务扫描的keys:["user_info_UID_YRaZptE7mQpwqkV5XIr1hucsQ2Tx","user_info_UID_i2KXTMg5g6nhAOgWQwo1itlwHnQz","user_info_UID_jLKtbrB1V1dRD1QHAhwevYxVnHta","user_info_UID_AgHySDtRKqqo3wYuiOqwfpTQjKfk","user_info_UID_JAKoivK8LhMRNZ4hWIk6YFGXKa9u","user_info_UID_NNikwAIyX4nVsg5ShvytR5T73XAZ"]
24-07-12.19:54:25.606 [scheduling-1    ] INFO  GetNewData             - 定时任务扫描的keys:["user_info_UID_YRaZptE7mQpwqkV5XIr1hucsQ2Tx","user_info_UID_i2KXTMg5g6nhAOgWQwo1itlwHnQz","user_info_UID_jLKtbrB1V1dRD1QHAhwevYxVnHta","user_info_UID_AgHySDtRKqqo3wYuiOqwfpTQjKfk","user_info_UID_JAKoivK8LhMRNZ4hWIk6YFGXKa9u","user_info_UID_NNikwAIyX4nVsg5ShvytR5T73XAZ"]
24-07-12.19:54:28.615 [scheduling-1    ] INFO  GetNewData             - 定时任务扫描的keys:["user_info_UID_YRaZptE7mQpwqkV5XIr1hucsQ2Tx","user_info_UID_i2KXTMg5g6nhAOgWQwo1itlwHnQz","user_info_UID_jLKtbrB1V1dRD1QHAhwevYxVnHta","user_info_UID_AgHySDtRKqqo3wYuiOqwfpTQjKfk","user_info_UID_JAKoivK8LhMRNZ4hWIk6YFGXKa9u","user_info_UID_NNikwAIyX4nVsg5ShvytR5T73XAZ"]
24-07-12.19:54:31.580 [scheduling-1    ] INFO  GetNewData             - 定时任务扫描的keys:["user_info_UID_YRaZptE7mQpwqkV5XIr1hucsQ2Tx","user_info_UID_i2KXTMg5g6nhAOgWQwo1itlwHnQz","user_info_UID_jLKtbrB1V1dRD1QHAhwevYxVnHta","user_info_UID_AgHySDtRKqqo3wYuiOqwfpTQjKfk","user_info_UID_JAKoivK8LhMRNZ4hWIk6YFGXKa9u","user_info_UID_NNikwAIyX4nVsg5ShvytR5T73XAZ"]
24-07-12.19:54:34.589 [scheduling-1    ] INFO  GetNewData             - 定时任务扫描的keys:["user_info_UID_YRaZptE7mQpwqkV5XIr1hucsQ2Tx","user_info_UID_i2KXTMg5g6nhAOgWQwo1itlwHnQz","user_info_UID_jLKtbrB1V1dRD1QHAhwevYxVnHta","user_info_UID_AgHySDtRKqqo3wYuiOqwfpTQjKfk","user_info_UID_JAKoivK8LhMRNZ4hWIk6YFGXKa9u","user_info_UID_NNikwAIyX4nVsg5ShvytR5T73XAZ"]
24-07-12.19:54:37.608 [scheduling-1    ] INFO  GetNewData             - 定时任务扫描的keys:["user_info_UID_YRaZptE7mQpwqkV5XIr1hucsQ2Tx","user_info_UID_i2KXTMg5g6nhAOgWQwo1itlwHnQz","user_info_UID_jLKtbrB1V1dRD1QHAhwevYxVnHta","user_info_UID_AgHySDtRKqqo3wYuiOqwfpTQjKfk","user_info_UID_JAKoivK8LhMRNZ4hWIk6YFGXKa9u","user_info_UID_NNikwAIyX4nVsg5ShvytR5T73XAZ"]
24-07-12.19:54:40.578 [scheduling-1    ] INFO  GetNewData             - 定时任务扫描的keys:["user_info_UID_YRaZptE7mQpwqkV5XIr1hucsQ2Tx","user_info_UID_i2KXTMg5g6nhAOgWQwo1itlwHnQz","user_info_UID_jLKtbrB1V1dRD1QHAhwevYxVnHta","user_info_UID_AgHySDtRKqqo3wYuiOqwfpTQjKfk","user_info_UID_JAKoivK8LhMRNZ4hWIk6YFGXKa9u","user_info_UID_NNikwAIyX4nVsg5ShvytR5T73XAZ"]
24-07-12.19:54:43.582 [scheduling-1    ] INFO  GetNewData             - 定时任务扫描的keys:["user_info_UID_YRaZptE7mQpwqkV5XIr1hucsQ2Tx","user_info_UID_i2KXTMg5g6nhAOgWQwo1itlwHnQz","user_info_UID_jLKtbrB1V1dRD1QHAhwevYxVnHta","user_info_UID_AgHySDtRKqqo3wYuiOqwfpTQjKfk","user_info_UID_JAKoivK8LhMRNZ4hWIk6YFGXKa9u","user_info_UID_NNikwAIyX4nVsg5ShvytR5T73XAZ"]
24-07-12.19:54:46.603 [scheduling-1    ] INFO  GetNewData             - 定时任务扫描的keys:["user_info_UID_YRaZptE7mQpwqkV5XIr1hucsQ2Tx","user_info_UID_i2KXTMg5g6nhAOgWQwo1itlwHnQz","user_info_UID_jLKtbrB1V1dRD1QHAhwevYxVnHta","user_info_UID_AgHySDtRKqqo3wYuiOqwfpTQjKfk","user_info_UID_JAKoivK8LhMRNZ4hWIk6YFGXKa9u","user_info_UID_NNikwAIyX4nVsg5ShvytR5T73XAZ"]
24-07-12.19:54:49.583 [scheduling-1    ] INFO  GetNewData             - 定时任务扫描的keys:["user_info_UID_YRaZptE7mQpwqkV5XIr1hucsQ2Tx","user_info_UID_i2KXTMg5g6nhAOgWQwo1itlwHnQz","user_info_UID_jLKtbrB1V1dRD1QHAhwevYxVnHta","user_info_UID_AgHySDtRKqqo3wYuiOqwfpTQjKfk","user_info_UID_JAKoivK8LhMRNZ4hWIk6YFGXKa9u","user_info_UID_NNikwAIyX4nVsg5ShvytR5T73XAZ"]
24-07-12.19:54:52.596 [scheduling-1    ] INFO  GetNewData             - 定时任务扫描的keys:["user_info_UID_YRaZptE7mQpwqkV5XIr1hucsQ2Tx","user_info_UID_i2KXTMg5g6nhAOgWQwo1itlwHnQz","user_info_UID_jLKtbrB1V1dRD1QHAhwevYxVnHta","user_info_UID_AgHySDtRKqqo3wYuiOqwfpTQjKfk","user_info_UID_JAKoivK8LhMRNZ4hWIk6YFGXKa9u","user_info_UID_NNikwAIyX4nVsg5ShvytR5T73XAZ"]
24-07-12.19:54:55.604 [scheduling-1    ] INFO  GetNewData             - 定时任务扫描的keys:["user_info_UID_YRaZptE7mQpwqkV5XIr1hucsQ2Tx","user_info_UID_i2KXTMg5g6nhAOgWQwo1itlwHnQz","user_info_UID_jLKtbrB1V1dRD1QHAhwevYxVnHta","user_info_UID_AgHySDtRKqqo3wYuiOqwfpTQjKfk","user_info_UID_JAKoivK8LhMRNZ4hWIk6YFGXKa9u","user_info_UID_NNikwAIyX4nVsg5ShvytR5T73XAZ"]
24-07-12.19:54:58.581 [scheduling-1    ] INFO  GetNewData             - 定时任务扫描的keys:["user_info_UID_YRaZptE7mQpwqkV5XIr1hucsQ2Tx","user_info_UID_i2KXTMg5g6nhAOgWQwo1itlwHnQz","user_info_UID_jLKtbrB1V1dRD1QHAhwevYxVnHta","user_info_UID_AgHySDtRKqqo3wYuiOqwfpTQjKfk","user_info_UID_JAKoivK8LhMRNZ4hWIk6YFGXKa9u","user_info_UID_NNikwAIyX4nVsg5ShvytR5T73XAZ"]
24-07-12.19:55:01.617 [scheduling-1    ] INFO  GetNewData             - 定时任务扫描的keys:["user_info_UID_YRaZptE7mQpwqkV5XIr1hucsQ2Tx","user_info_UID_i2KXTMg5g6nhAOgWQwo1itlwHnQz","user_info_UID_jLKtbrB1V1dRD1QHAhwevYxVnHta","user_info_UID_AgHySDtRKqqo3wYuiOqwfpTQjKfk","user_info_UID_JAKoivK8LhMRNZ4hWIk6YFGXKa9u","user_info_UID_NNikwAIyX4nVsg5ShvytR5T73XAZ"]
24-07-12.19:55:04.572 [scheduling-1    ] INFO  GetNewData             - 定时任务扫描的keys:["user_info_UID_YRaZptE7mQpwqkV5XIr1hucsQ2Tx","user_info_UID_i2KXTMg5g6nhAOgWQwo1itlwHnQz","user_info_UID_jLKtbrB1V1dRD1QHAhwevYxVnHta","user_info_UID_AgHySDtRKqqo3wYuiOqwfpTQjKfk","user_info_UID_JAKoivK8LhMRNZ4hWIk6YFGXKa9u","user_info_UID_NNikwAIyX4nVsg5ShvytR5T73XAZ"]
24-07-12.19:55:07.590 [scheduling-1    ] INFO  GetNewData             - 定时任务扫描的keys:["user_info_UID_YRaZptE7mQpwqkV5XIr1hucsQ2Tx","user_info_UID_i2KXTMg5g6nhAOgWQwo1itlwHnQz","user_info_UID_jLKtbrB1V1dRD1QHAhwevYxVnHta","user_info_UID_AgHySDtRKqqo3wYuiOqwfpTQjKfk","user_info_UID_JAKoivK8LhMRNZ4hWIk6YFGXKa9u","user_info_UID_NNikwAIyX4nVsg5ShvytR5T73XAZ"]
24-07-12.19:55:10.586 [scheduling-1    ] INFO  GetNewData             - 定时任务扫描的keys:["user_info_UID_YRaZptE7mQpwqkV5XIr1hucsQ2Tx","user_info_UID_i2KXTMg5g6nhAOgWQwo1itlwHnQz","user_info_UID_jLKtbrB1V1dRD1QHAhwevYxVnHta","user_info_UID_AgHySDtRKqqo3wYuiOqwfpTQjKfk","user_info_UID_JAKoivK8LhMRNZ4hWIk6YFGXKa9u","user_info_UID_NNikwAIyX4nVsg5ShvytR5T73XAZ"]
24-07-12.19:55:13.583 [scheduling-1    ] INFO  GetNewData             - 定时任务扫描的keys:["user_info_UID_YRaZptE7mQpwqkV5XIr1hucsQ2Tx","user_info_UID_i2KXTMg5g6nhAOgWQwo1itlwHnQz","user_info_UID_jLKtbrB1V1dRD1QHAhwevYxVnHta","user_info_UID_AgHySDtRKqqo3wYuiOqwfpTQjKfk","user_info_UID_JAKoivK8LhMRNZ4hWIk6YFGXKa9u","user_info_UID_NNikwAIyX4nVsg5ShvytR5T73XAZ"]
24-07-12.19:55:16.599 [scheduling-1    ] INFO  GetNewData             - 定时任务扫描的keys:["user_info_UID_YRaZptE7mQpwqkV5XIr1hucsQ2Tx","user_info_UID_i2KXTMg5g6nhAOgWQwo1itlwHnQz","user_info_UID_jLKtbrB1V1dRD1QHAhwevYxVnHta","user_info_UID_AgHySDtRKqqo3wYuiOqwfpTQjKfk","user_info_UID_JAKoivK8LhMRNZ4hWIk6YFGXKa9u","user_info_UID_NNikwAIyX4nVsg5ShvytR5T73XAZ"]
24-07-12.19:55:19.607 [scheduling-1    ] INFO  GetNewData             - 定时任务扫描的keys:["user_info_UID_YRaZptE7mQpwqkV5XIr1hucsQ2Tx","user_info_UID_i2KXTMg5g6nhAOgWQwo1itlwHnQz","user_info_UID_jLKtbrB1V1dRD1QHAhwevYxVnHta","user_info_UID_AgHySDtRKqqo3wYuiOqwfpTQjKfk","user_info_UID_JAKoivK8LhMRNZ4hWIk6YFGXKa9u","user_info_UID_NNikwAIyX4nVsg5ShvytR5T73XAZ"]
24-07-12.19:55:22.578 [scheduling-1    ] INFO  GetNewData             - 定时任务扫描的keys:["user_info_UID_YRaZptE7mQpwqkV5XIr1hucsQ2Tx","user_info_UID_i2KXTMg5g6nhAOgWQwo1itlwHnQz","user_info_UID_jLKtbrB1V1dRD1QHAhwevYxVnHta","user_info_UID_AgHySDtRKqqo3wYuiOqwfpTQjKfk","user_info_UID_JAKoivK8LhMRNZ4hWIk6YFGXKa9u","user_info_UID_NNikwAIyX4nVsg5ShvytR5T73XAZ"]
24-07-12.19:55:25.678 [scheduling-1    ] INFO  GetNewData             - 定时任务扫描的keys:["user_info_UID_YRaZptE7mQpwqkV5XIr1hucsQ2Tx","user_info_UID_i2KXTMg5g6nhAOgWQwo1itlwHnQz","user_info_UID_jLKtbrB1V1dRD1QHAhwevYxVnHta","user_info_UID_AgHySDtRKqqo3wYuiOqwfpTQjKfk","user_info_UID_JAKoivK8LhMRNZ4hWIk6YFGXKa9u","user_info_UID_NNikwAIyX4nVsg5ShvytR5T73XAZ"]
24-07-12.19:55:28.599 [scheduling-1    ] INFO  GetNewData             - 定时任务扫描的keys:["user_info_UID_YRaZptE7mQpwqkV5XIr1hucsQ2Tx","user_info_UID_i2KXTMg5g6nhAOgWQwo1itlwHnQz","user_info_UID_jLKtbrB1V1dRD1QHAhwevYxVnHta","user_info_UID_AgHySDtRKqqo3wYuiOqwfpTQjKfk","user_info_UID_JAKoivK8LhMRNZ4hWIk6YFGXKa9u","user_info_UID_NNikwAIyX4nVsg5ShvytR5T73XAZ"]
24-07-12.19:55:31.615 [scheduling-1    ] INFO  GetNewData             - 定时任务扫描的keys:["user_info_UID_YRaZptE7mQpwqkV5XIr1hucsQ2Tx","user_info_UID_i2KXTMg5g6nhAOgWQwo1itlwHnQz","user_info_UID_jLKtbrB1V1dRD1QHAhwevYxVnHta","user_info_UID_AgHySDtRKqqo3wYuiOqwfpTQjKfk","user_info_UID_JAKoivK8LhMRNZ4hWIk6YFGXKa9u","user_info_UID_NNikwAIyX4nVsg5ShvytR5T73XAZ"]
24-07-12.19:55:34.606 [scheduling-1    ] INFO  GetNewData             - 定时任务扫描的keys:["user_info_UID_YRaZptE7mQpwqkV5XIr1hucsQ2Tx","user_info_UID_i2KXTMg5g6nhAOgWQwo1itlwHnQz","user_info_UID_jLKtbrB1V1dRD1QHAhwevYxVnHta","user_info_UID_AgHySDtRKqqo3wYuiOqwfpTQjKfk","user_info_UID_JAKoivK8LhMRNZ4hWIk6YFGXKa9u","user_info_UID_NNikwAIyX4nVsg5ShvytR5T73XAZ"]
24-07-12.19:55:37.611 [scheduling-1    ] INFO  GetNewData             - 定时任务扫描的keys:["user_info_UID_YRaZptE7mQpwqkV5XIr1hucsQ2Tx","user_info_UID_i2KXTMg5g6nhAOgWQwo1itlwHnQz","user_info_UID_jLKtbrB1V1dRD1QHAhwevYxVnHta","user_info_UID_AgHySDtRKqqo3wYuiOqwfpTQjKfk","user_info_UID_JAKoivK8LhMRNZ4hWIk6YFGXKa9u","user_info_UID_NNikwAIyX4nVsg5ShvytR5T73XAZ"]
24-07-12.19:55:40.606 [scheduling-1    ] INFO  GetNewData             - 定时任务扫描的keys:["user_info_UID_YRaZptE7mQpwqkV5XIr1hucsQ2Tx","user_info_UID_i2KXTMg5g6nhAOgWQwo1itlwHnQz","user_info_UID_jLKtbrB1V1dRD1QHAhwevYxVnHta","user_info_UID_AgHySDtRKqqo3wYuiOqwfpTQjKfk","user_info_UID_JAKoivK8LhMRNZ4hWIk6YFGXKa9u","user_info_UID_NNikwAIyX4nVsg5ShvytR5T73XAZ"]
24-07-12.19:55:43.585 [scheduling-1    ] INFO  GetNewData             - 定时任务扫描的keys:["user_info_UID_YRaZptE7mQpwqkV5XIr1hucsQ2Tx","user_info_UID_i2KXTMg5g6nhAOgWQwo1itlwHnQz","user_info_UID_jLKtbrB1V1dRD1QHAhwevYxVnHta","user_info_UID_AgHySDtRKqqo3wYuiOqwfpTQjKfk","user_info_UID_JAKoivK8LhMRNZ4hWIk6YFGXKa9u","user_info_UID_NNikwAIyX4nVsg5ShvytR5T73XAZ"]
24-07-12.19:55:46.608 [scheduling-1    ] INFO  GetNewData             - 定时任务扫描的keys:["user_info_UID_YRaZptE7mQpwqkV5XIr1hucsQ2Tx","user_info_UID_i2KXTMg5g6nhAOgWQwo1itlwHnQz","user_info_UID_jLKtbrB1V1dRD1QHAhwevYxVnHta","user_info_UID_AgHySDtRKqqo3wYuiOqwfpTQjKfk","user_info_UID_JAKoivK8LhMRNZ4hWIk6YFGXKa9u","user_info_UID_NNikwAIyX4nVsg5ShvytR5T73XAZ"]
24-07-12.19:55:49.572 [scheduling-1    ] INFO  GetNewData             - 定时任务扫描的keys:["user_info_UID_YRaZptE7mQpwqkV5XIr1hucsQ2Tx","user_info_UID_i2KXTMg5g6nhAOgWQwo1itlwHnQz","user_info_UID_jLKtbrB1V1dRD1QHAhwevYxVnHta","user_info_UID_AgHySDtRKqqo3wYuiOqwfpTQjKfk","user_info_UID_JAKoivK8LhMRNZ4hWIk6YFGXKa9u","user_info_UID_NNikwAIyX4nVsg5ShvytR5T73XAZ"]
24-07-12.19:55:52.588 [scheduling-1    ] INFO  GetNewData             - 定时任务扫描的keys:["user_info_UID_YRaZptE7mQpwqkV5XIr1hucsQ2Tx","user_info_UID_i2KXTMg5g6nhAOgWQwo1itlwHnQz","user_info_UID_jLKtbrB1V1dRD1QHAhwevYxVnHta","user_info_UID_AgHySDtRKqqo3wYuiOqwfpTQjKfk","user_info_UID_JAKoivK8LhMRNZ4hWIk6YFGXKa9u","user_info_UID_NNikwAIyX4nVsg5ShvytR5T73XAZ"]
24-07-12.19:55:55.677 [scheduling-1    ] INFO  GetNewData             - 定时任务扫描的keys:["user_info_UID_YRaZptE7mQpwqkV5XIr1hucsQ2Tx","user_info_UID_i2KXTMg5g6nhAOgWQwo1itlwHnQz","user_info_UID_jLKtbrB1V1dRD1QHAhwevYxVnHta","user_info_UID_AgHySDtRKqqo3wYuiOqwfpTQjKfk","user_info_UID_JAKoivK8LhMRNZ4hWIk6YFGXKa9u","user_info_UID_NNikwAIyX4nVsg5ShvytR5T73XAZ"]
24-07-12.19:55:58.613 [scheduling-1    ] INFO  GetNewData             - 定时任务扫描的keys:["user_info_UID_YRaZptE7mQpwqkV5XIr1hucsQ2Tx","user_info_UID_i2KXTMg5g6nhAOgWQwo1itlwHnQz","user_info_UID_jLKtbrB1V1dRD1QHAhwevYxVnHta","user_info_UID_AgHySDtRKqqo3wYuiOqwfpTQjKfk","user_info_UID_JAKoivK8LhMRNZ4hWIk6YFGXKa9u","user_info_UID_NNikwAIyX4nVsg5ShvytR5T73XAZ"]
24-07-12.19:56:01.596 [scheduling-1    ] INFO  GetNewData             - 定时任务扫描的keys:["user_info_UID_YRaZptE7mQpwqkV5XIr1hucsQ2Tx","user_info_UID_i2KXTMg5g6nhAOgWQwo1itlwHnQz","user_info_UID_jLKtbrB1V1dRD1QHAhwevYxVnHta","user_info_UID_AgHySDtRKqqo3wYuiOqwfpTQjKfk","user_info_UID_JAKoivK8LhMRNZ4hWIk6YFGXKa9u","user_info_UID_NNikwAIyX4nVsg5ShvytR5T73XAZ"]
24-07-12.19:56:04.577 [scheduling-1    ] INFO  GetNewData             - 定时任务扫描的keys:["user_info_UID_YRaZptE7mQpwqkV5XIr1hucsQ2Tx","user_info_UID_i2KXTMg5g6nhAOgWQwo1itlwHnQz","user_info_UID_jLKtbrB1V1dRD1QHAhwevYxVnHta","user_info_UID_AgHySDtRKqqo3wYuiOqwfpTQjKfk","user_info_UID_JAKoivK8LhMRNZ4hWIk6YFGXKa9u","user_info_UID_NNikwAIyX4nVsg5ShvytR5T73XAZ"]
24-07-12.19:56:07.599 [scheduling-1    ] INFO  GetNewData             - 定时任务扫描的keys:["user_info_UID_YRaZptE7mQpwqkV5XIr1hucsQ2Tx","user_info_UID_i2KXTMg5g6nhAOgWQwo1itlwHnQz","user_info_UID_jLKtbrB1V1dRD1QHAhwevYxVnHta","user_info_UID_AgHySDtRKqqo3wYuiOqwfpTQjKfk","user_info_UID_JAKoivK8LhMRNZ4hWIk6YFGXKa9u","user_info_UID_NNikwAIyX4nVsg5ShvytR5T73XAZ"]
24-07-12.19:56:10.586 [scheduling-1    ] INFO  GetNewData             - 定时任务扫描的keys:["user_info_UID_YRaZptE7mQpwqkV5XIr1hucsQ2Tx","user_info_UID_i2KXTMg5g6nhAOgWQwo1itlwHnQz","user_info_UID_jLKtbrB1V1dRD1QHAhwevYxVnHta","user_info_UID_AgHySDtRKqqo3wYuiOqwfpTQjKfk","user_info_UID_JAKoivK8LhMRNZ4hWIk6YFGXKa9u","user_info_UID_NNikwAIyX4nVsg5ShvytR5T73XAZ"]
24-07-12.19:56:13.600 [scheduling-1    ] INFO  GetNewData             - 定时任务扫描的keys:["user_info_UID_YRaZptE7mQpwqkV5XIr1hucsQ2Tx","user_info_UID_i2KXTMg5g6nhAOgWQwo1itlwHnQz","user_info_UID_jLKtbrB1V1dRD1QHAhwevYxVnHta","user_info_UID_AgHySDtRKqqo3wYuiOqwfpTQjKfk","user_info_UID_JAKoivK8LhMRNZ4hWIk6YFGXKa9u","user_info_UID_NNikwAIyX4nVsg5ShvytR5T73XAZ"]
24-07-12.19:56:16.590 [scheduling-1    ] INFO  GetNewData             - 定时任务扫描的keys:["user_info_UID_YRaZptE7mQpwqkV5XIr1hucsQ2Tx","user_info_UID_i2KXTMg5g6nhAOgWQwo1itlwHnQz","user_info_UID_jLKtbrB1V1dRD1QHAhwevYxVnHta","user_info_UID_AgHySDtRKqqo3wYuiOqwfpTQjKfk","user_info_UID_JAKoivK8LhMRNZ4hWIk6YFGXKa9u","user_info_UID_NNikwAIyX4nVsg5ShvytR5T73XAZ"]
24-07-12.19:56:19.604 [scheduling-1    ] INFO  GetNewData             - 定时任务扫描的keys:["user_info_UID_YRaZptE7mQpwqkV5XIr1hucsQ2Tx","user_info_UID_i2KXTMg5g6nhAOgWQwo1itlwHnQz","user_info_UID_jLKtbrB1V1dRD1QHAhwevYxVnHta","user_info_UID_AgHySDtRKqqo3wYuiOqwfpTQjKfk","user_info_UID_JAKoivK8LhMRNZ4hWIk6YFGXKa9u","user_info_UID_NNikwAIyX4nVsg5ShvytR5T73XAZ"]
24-07-12.19:56:22.609 [scheduling-1    ] INFO  GetNewData             - 定时任务扫描的keys:["user_info_UID_YRaZptE7mQpwqkV5XIr1hucsQ2Tx","user_info_UID_i2KXTMg5g6nhAOgWQwo1itlwHnQz","user_info_UID_jLKtbrB1V1dRD1QHAhwevYxVnHta","user_info_UID_AgHySDtRKqqo3wYuiOqwfpTQjKfk","user_info_UID_JAKoivK8LhMRNZ4hWIk6YFGXKa9u","user_info_UID_NNikwAIyX4nVsg5ShvytR5T73XAZ"]
24-07-12.19:56:25.602 [scheduling-1    ] INFO  GetNewData             - 定时任务扫描的keys:["user_info_UID_YRaZptE7mQpwqkV5XIr1hucsQ2Tx","user_info_UID_i2KXTMg5g6nhAOgWQwo1itlwHnQz","user_info_UID_jLKtbrB1V1dRD1QHAhwevYxVnHta","user_info_UID_AgHySDtRKqqo3wYuiOqwfpTQjKfk","user_info_UID_JAKoivK8LhMRNZ4hWIk6YFGXKa9u","user_info_UID_NNikwAIyX4nVsg5ShvytR5T73XAZ"]
24-07-12.19:56:28.573 [scheduling-1    ] INFO  GetNewData             - 定时任务扫描的keys:["user_info_UID_YRaZptE7mQpwqkV5XIr1hucsQ2Tx","user_info_UID_i2KXTMg5g6nhAOgWQwo1itlwHnQz","user_info_UID_jLKtbrB1V1dRD1QHAhwevYxVnHta","user_info_UID_AgHySDtRKqqo3wYuiOqwfpTQjKfk","user_info_UID_JAKoivK8LhMRNZ4hWIk6YFGXKa9u","user_info_UID_NNikwAIyX4nVsg5ShvytR5T73XAZ"]
24-07-12.19:56:31.623 [scheduling-1    ] INFO  GetNewData             - 定时任务扫描的keys:["user_info_UID_YRaZptE7mQpwqkV5XIr1hucsQ2Tx","user_info_UID_i2KXTMg5g6nhAOgWQwo1itlwHnQz","user_info_UID_jLKtbrB1V1dRD1QHAhwevYxVnHta","user_info_UID_AgHySDtRKqqo3wYuiOqwfpTQjKfk","user_info_UID_JAKoivK8LhMRNZ4hWIk6YFGXKa9u","user_info_UID_NNikwAIyX4nVsg5ShvytR5T73XAZ"]
24-07-12.19:56:34.577 [scheduling-1    ] INFO  GetNewData             - 定时任务扫描的keys:["user_info_UID_YRaZptE7mQpwqkV5XIr1hucsQ2Tx","user_info_UID_i2KXTMg5g6nhAOgWQwo1itlwHnQz","user_info_UID_jLKtbrB1V1dRD1QHAhwevYxVnHta","user_info_UID_AgHySDtRKqqo3wYuiOqwfpTQjKfk","user_info_UID_JAKoivK8LhMRNZ4hWIk6YFGXKa9u","user_info_UID_NNikwAIyX4nVsg5ShvytR5T73XAZ"]
24-07-12.19:56:37.602 [scheduling-1    ] INFO  GetNewData             - 定时任务扫描的keys:["user_info_UID_YRaZptE7mQpwqkV5XIr1hucsQ2Tx","user_info_UID_i2KXTMg5g6nhAOgWQwo1itlwHnQz","user_info_UID_jLKtbrB1V1dRD1QHAhwevYxVnHta","user_info_UID_AgHySDtRKqqo3wYuiOqwfpTQjKfk","user_info_UID_JAKoivK8LhMRNZ4hWIk6YFGXKa9u","user_info_UID_NNikwAIyX4nVsg5ShvytR5T73XAZ"]
24-07-12.19:56:40.583 [scheduling-1    ] INFO  GetNewData             - 定时任务扫描的keys:["user_info_UID_YRaZptE7mQpwqkV5XIr1hucsQ2Tx","user_info_UID_i2KXTMg5g6nhAOgWQwo1itlwHnQz","user_info_UID_jLKtbrB1V1dRD1QHAhwevYxVnHta","user_info_UID_AgHySDtRKqqo3wYuiOqwfpTQjKfk","user_info_UID_JAKoivK8LhMRNZ4hWIk6YFGXKa9u","user_info_UID_NNikwAIyX4nVsg5ShvytR5T73XAZ"]
24-07-12.19:56:40.682 [scheduling-1    ] INFO  GetNewData             - 网站数据:0.8,已经达到用户设置的阈值上限:0.3,向 UID_jLKtbrB1V1dRD1QHAhwevYxVnHta 发送一次邮件
24-07-12.19:56:40.929 [scheduling-1    ] INFO  GetNewData             - 网站数据:0.8,已经达到用户设置的阈值下限:6,向 UID_jLKtbrB1V1dRD1QHAhwevYxVnHta 发送一次邮件
24-07-12.19:56:43.583 [scheduling-1    ] INFO  GetNewData             - 定时任务扫描的keys:["user_info_UID_YRaZptE7mQpwqkV5XIr1hucsQ2Tx","user_info_UID_i2KXTMg5g6nhAOgWQwo1itlwHnQz","user_info_UID_jLKtbrB1V1dRD1QHAhwevYxVnHta","user_info_UID_AgHySDtRKqqo3wYuiOqwfpTQjKfk","user_info_UID_JAKoivK8LhMRNZ4hWIk6YFGXKa9u","user_info_UID_NNikwAIyX4nVsg5ShvytR5T73XAZ"]
24-07-12.19:56:46.590 [scheduling-1    ] INFO  GetNewData             - 定时任务扫描的keys:["user_info_UID_YRaZptE7mQpwqkV5XIr1hucsQ2Tx","user_info_UID_i2KXTMg5g6nhAOgWQwo1itlwHnQz","user_info_UID_jLKtbrB1V1dRD1QHAhwevYxVnHta","user_info_UID_AgHySDtRKqqo3wYuiOqwfpTQjKfk","user_info_UID_JAKoivK8LhMRNZ4hWIk6YFGXKa9u","user_info_UID_NNikwAIyX4nVsg5ShvytR5T73XAZ"]
24-07-12.19:56:49.582 [scheduling-1    ] INFO  GetNewData             - 定时任务扫描的keys:["user_info_UID_YRaZptE7mQpwqkV5XIr1hucsQ2Tx","user_info_UID_i2KXTMg5g6nhAOgWQwo1itlwHnQz","user_info_UID_jLKtbrB1V1dRD1QHAhwevYxVnHta","user_info_UID_AgHySDtRKqqo3wYuiOqwfpTQjKfk","user_info_UID_JAKoivK8LhMRNZ4hWIk6YFGXKa9u","user_info_UID_NNikwAIyX4nVsg5ShvytR5T73XAZ"]
24-07-12.19:56:52.600 [scheduling-1    ] INFO  GetNewData             - 定时任务扫描的keys:["user_info_UID_YRaZptE7mQpwqkV5XIr1hucsQ2Tx","user_info_UID_i2KXTMg5g6nhAOgWQwo1itlwHnQz","user_info_UID_jLKtbrB1V1dRD1QHAhwevYxVnHta","user_info_UID_AgHySDtRKqqo3wYuiOqwfpTQjKfk","user_info_UID_JAKoivK8LhMRNZ4hWIk6YFGXKa9u","user_info_UID_NNikwAIyX4nVsg5ShvytR5T73XAZ"]
24-07-12.19:56:55.594 [scheduling-1    ] INFO  GetNewData             - 定时任务扫描的keys:["user_info_UID_YRaZptE7mQpwqkV5XIr1hucsQ2Tx","user_info_UID_i2KXTMg5g6nhAOgWQwo1itlwHnQz","user_info_UID_jLKtbrB1V1dRD1QHAhwevYxVnHta","user_info_UID_AgHySDtRKqqo3wYuiOqwfpTQjKfk","user_info_UID_JAKoivK8LhMRNZ4hWIk6YFGXKa9u","user_info_UID_NNikwAIyX4nVsg5ShvytR5T73XAZ"]
24-07-12.19:56:58.583 [scheduling-1    ] INFO  GetNewData             - 定时任务扫描的keys:["user_info_UID_YRaZptE7mQpwqkV5XIr1hucsQ2Tx","user_info_UID_i2KXTMg5g6nhAOgWQwo1itlwHnQz","user_info_UID_jLKtbrB1V1dRD1QHAhwevYxVnHta","user_info_UID_AgHySDtRKqqo3wYuiOqwfpTQjKfk","user_info_UID_JAKoivK8LhMRNZ4hWIk6YFGXKa9u","user_info_UID_NNikwAIyX4nVsg5ShvytR5T73XAZ"]
24-07-12.19:57:01.589 [scheduling-1    ] INFO  GetNewData             - 定时任务扫描的keys:["user_info_UID_YRaZptE7mQpwqkV5XIr1hucsQ2Tx","user_info_UID_i2KXTMg5g6nhAOgWQwo1itlwHnQz","user_info_UID_jLKtbrB1V1dRD1QHAhwevYxVnHta","user_info_UID_AgHySDtRKqqo3wYuiOqwfpTQjKfk","user_info_UID_JAKoivK8LhMRNZ4hWIk6YFGXKa9u","user_info_UID_NNikwAIyX4nVsg5ShvytR5T73XAZ"]
24-07-12.19:57:04.599 [scheduling-1    ] INFO  GetNewData             - 定时任务扫描的keys:["user_info_UID_YRaZptE7mQpwqkV5XIr1hucsQ2Tx","user_info_UID_i2KXTMg5g6nhAOgWQwo1itlwHnQz","user_info_UID_jLKtbrB1V1dRD1QHAhwevYxVnHta","user_info_UID_AgHySDtRKqqo3wYuiOqwfpTQjKfk","user_info_UID_JAKoivK8LhMRNZ4hWIk6YFGXKa9u","user_info_UID_NNikwAIyX4nVsg5ShvytR5T73XAZ"]
24-07-12.19:57:07.586 [scheduling-1    ] INFO  GetNewData             - 定时任务扫描的keys:["user_info_UID_YRaZptE7mQpwqkV5XIr1hucsQ2Tx","user_info_UID_i2KXTMg5g6nhAOgWQwo1itlwHnQz","user_info_UID_jLKtbrB1V1dRD1QHAhwevYxVnHta","user_info_UID_AgHySDtRKqqo3wYuiOqwfpTQjKfk","user_info_UID_JAKoivK8LhMRNZ4hWIk6YFGXKa9u","user_info_UID_NNikwAIyX4nVsg5ShvytR5T73XAZ"]
24-07-12.19:57:10.609 [scheduling-1    ] INFO  GetNewData             - 定时任务扫描的keys:["user_info_UID_YRaZptE7mQpwqkV5XIr1hucsQ2Tx","user_info_UID_i2KXTMg5g6nhAOgWQwo1itlwHnQz","user_info_UID_jLKtbrB1V1dRD1QHAhwevYxVnHta","user_info_UID_AgHySDtRKqqo3wYuiOqwfpTQjKfk","user_info_UID_JAKoivK8LhMRNZ4hWIk6YFGXKa9u","user_info_UID_NNikwAIyX4nVsg5ShvytR5T73XAZ"]
24-07-12.19:57:13.600 [scheduling-1    ] INFO  GetNewData             - 定时任务扫描的keys:["user_info_UID_YRaZptE7mQpwqkV5XIr1hucsQ2Tx","user_info_UID_i2KXTMg5g6nhAOgWQwo1itlwHnQz","user_info_UID_jLKtbrB1V1dRD1QHAhwevYxVnHta","user_info_UID_AgHySDtRKqqo3wYuiOqwfpTQjKfk","user_info_UID_JAKoivK8LhMRNZ4hWIk6YFGXKa9u","user_info_UID_NNikwAIyX4nVsg5ShvytR5T73XAZ"]
24-07-12.19:57:16.576 [scheduling-1    ] INFO  GetNewData             - 定时任务扫描的keys:["user_info_UID_YRaZptE7mQpwqkV5XIr1hucsQ2Tx","user_info_UID_i2KXTMg5g6nhAOgWQwo1itlwHnQz","user_info_UID_jLKtbrB1V1dRD1QHAhwevYxVnHta","user_info_UID_AgHySDtRKqqo3wYuiOqwfpTQjKfk","user_info_UID_JAKoivK8LhMRNZ4hWIk6YFGXKa9u","user_info_UID_NNikwAIyX4nVsg5ShvytR5T73XAZ"]
24-07-12.19:57:19.592 [scheduling-1    ] INFO  GetNewData             - 定时任务扫描的keys:["user_info_UID_YRaZptE7mQpwqkV5XIr1hucsQ2Tx","user_info_UID_i2KXTMg5g6nhAOgWQwo1itlwHnQz","user_info_UID_jLKtbrB1V1dRD1QHAhwevYxVnHta","user_info_UID_AgHySDtRKqqo3wYuiOqwfpTQjKfk","user_info_UID_JAKoivK8LhMRNZ4hWIk6YFGXKa9u","user_info_UID_NNikwAIyX4nVsg5ShvytR5T73XAZ"]
24-07-12.19:57:22.584 [scheduling-1    ] INFO  GetNewData             - 定时任务扫描的keys:["user_info_UID_YRaZptE7mQpwqkV5XIr1hucsQ2Tx","user_info_UID_i2KXTMg5g6nhAOgWQwo1itlwHnQz","user_info_UID_jLKtbrB1V1dRD1QHAhwevYxVnHta","user_info_UID_AgHySDtRKqqo3wYuiOqwfpTQjKfk","user_info_UID_JAKoivK8LhMRNZ4hWIk6YFGXKa9u","user_info_UID_NNikwAIyX4nVsg5ShvytR5T73XAZ"]
24-07-12.19:57:25.596 [scheduling-1    ] INFO  GetNewData             - 定时任务扫描的keys:["user_info_UID_YRaZptE7mQpwqkV5XIr1hucsQ2Tx","user_info_UID_i2KXTMg5g6nhAOgWQwo1itlwHnQz","user_info_UID_jLKtbrB1V1dRD1QHAhwevYxVnHta","user_info_UID_AgHySDtRKqqo3wYuiOqwfpTQjKfk","user_info_UID_JAKoivK8LhMRNZ4hWIk6YFGXKa9u","user_info_UID_NNikwAIyX4nVsg5ShvytR5T73XAZ"]
24-07-12.19:57:28.626 [scheduling-1    ] INFO  GetNewData             - 定时任务扫描的keys:["user_info_UID_YRaZptE7mQpwqkV5XIr1hucsQ2Tx","user_info_UID_i2KXTMg5g6nhAOgWQwo1itlwHnQz","user_info_UID_jLKtbrB1V1dRD1QHAhwevYxVnHta","user_info_UID_AgHySDtRKqqo3wYuiOqwfpTQjKfk","user_info_UID_JAKoivK8LhMRNZ4hWIk6YFGXKa9u","user_info_UID_NNikwAIyX4nVsg5ShvytR5T73XAZ"]
24-07-12.19:57:31.609 [scheduling-1    ] INFO  GetNewData             - 定时任务扫描的keys:["user_info_UID_YRaZptE7mQpwqkV5XIr1hucsQ2Tx","user_info_UID_i2KXTMg5g6nhAOgWQwo1itlwHnQz","user_info_UID_jLKtbrB1V1dRD1QHAhwevYxVnHta","user_info_UID_AgHySDtRKqqo3wYuiOqwfpTQjKfk","user_info_UID_JAKoivK8LhMRNZ4hWIk6YFGXKa9u","user_info_UID_NNikwAIyX4nVsg5ShvytR5T73XAZ"]
24-07-12.19:57:34.577 [scheduling-1    ] INFO  GetNewData             - 定时任务扫描的keys:["user_info_UID_YRaZptE7mQpwqkV5XIr1hucsQ2Tx","user_info_UID_i2KXTMg5g6nhAOgWQwo1itlwHnQz","user_info_UID_jLKtbrB1V1dRD1QHAhwevYxVnHta","user_info_UID_AgHySDtRKqqo3wYuiOqwfpTQjKfk","user_info_UID_JAKoivK8LhMRNZ4hWIk6YFGXKa9u","user_info_UID_NNikwAIyX4nVsg5ShvytR5T73XAZ"]
24-07-12.19:57:37.583 [scheduling-1    ] INFO  GetNewData             - 定时任务扫描的keys:["user_info_UID_YRaZptE7mQpwqkV5XIr1hucsQ2Tx","user_info_UID_i2KXTMg5g6nhAOgWQwo1itlwHnQz","user_info_UID_jLKtbrB1V1dRD1QHAhwevYxVnHta","user_info_UID_AgHySDtRKqqo3wYuiOqwfpTQjKfk","user_info_UID_JAKoivK8LhMRNZ4hWIk6YFGXKa9u","user_info_UID_NNikwAIyX4nVsg5ShvytR5T73XAZ"]
24-07-12.19:57:40.609 [scheduling-1    ] INFO  GetNewData             - 定时任务扫描的keys:["user_info_UID_YRaZptE7mQpwqkV5XIr1hucsQ2Tx","user_info_UID_i2KXTMg5g6nhAOgWQwo1itlwHnQz","user_info_UID_jLKtbrB1V1dRD1QHAhwevYxVnHta","user_info_UID_AgHySDtRKqqo3wYuiOqwfpTQjKfk","user_info_UID_JAKoivK8LhMRNZ4hWIk6YFGXKa9u","user_info_UID_NNikwAIyX4nVsg5ShvytR5T73XAZ"]
24-07-12.19:57:43.586 [scheduling-1    ] INFO  GetNewData             - 定时任务扫描的keys:["user_info_UID_YRaZptE7mQpwqkV5XIr1hucsQ2Tx","user_info_UID_i2KXTMg5g6nhAOgWQwo1itlwHnQz","user_info_UID_jLKtbrB1V1dRD1QHAhwevYxVnHta","user_info_UID_AgHySDtRKqqo3wYuiOqwfpTQjKfk","user_info_UID_JAKoivK8LhMRNZ4hWIk6YFGXKa9u","user_info_UID_NNikwAIyX4nVsg5ShvytR5T73XAZ"]
24-07-12.19:57:46.582 [scheduling-1    ] INFO  GetNewData             - 定时任务扫描的keys:["user_info_UID_YRaZptE7mQpwqkV5XIr1hucsQ2Tx","user_info_UID_i2KXTMg5g6nhAOgWQwo1itlwHnQz","user_info_UID_jLKtbrB1V1dRD1QHAhwevYxVnHta","user_info_UID_AgHySDtRKqqo3wYuiOqwfpTQjKfk","user_info_UID_JAKoivK8LhMRNZ4hWIk6YFGXKa9u","user_info_UID_NNikwAIyX4nVsg5ShvytR5T73XAZ"]
24-07-12.19:57:49.589 [scheduling-1    ] INFO  GetNewData             - 定时任务扫描的keys:["user_info_UID_YRaZptE7mQpwqkV5XIr1hucsQ2Tx","user_info_UID_i2KXTMg5g6nhAOgWQwo1itlwHnQz","user_info_UID_jLKtbrB1V1dRD1QHAhwevYxVnHta","user_info_UID_7BEJWP7AxUUljdrjgyhwOyciCmBk","user_info_UID_AgHySDtRKqqo3wYuiOqwfpTQjKfk","user_info_UID_JAKoivK8LhMRNZ4hWIk6YFGXKa9u","user_info_UID_NNikwAIyX4nVsg5ShvytR5T73XAZ"]
24-07-12.19:57:52.598 [scheduling-1    ] INFO  GetNewData             - 定时任务扫描的keys:["user_info_UID_YRaZptE7mQpwqkV5XIr1hucsQ2Tx","user_info_UID_i2KXTMg5g6nhAOgWQwo1itlwHnQz","user_info_UID_jLKtbrB1V1dRD1QHAhwevYxVnHta","user_info_UID_7BEJWP7AxUUljdrjgyhwOyciCmBk","user_info_UID_AgHySDtRKqqo3wYuiOqwfpTQjKfk","user_info_UID_JAKoivK8LhMRNZ4hWIk6YFGXKa9u","user_info_UID_NNikwAIyX4nVsg5ShvytR5T73XAZ"]
24-07-12.19:57:55.715 [scheduling-1    ] INFO  GetNewData             - 定时任务扫描的keys:["user_info_UID_YRaZptE7mQpwqkV5XIr1hucsQ2Tx","user_info_UID_i2KXTMg5g6nhAOgWQwo1itlwHnQz","user_info_UID_jLKtbrB1V1dRD1QHAhwevYxVnHta","user_info_UID_7BEJWP7AxUUljdrjgyhwOyciCmBk","user_info_UID_AgHySDtRKqqo3wYuiOqwfpTQjKfk","user_info_UID_JAKoivK8LhMRNZ4hWIk6YFGXKa9u","user_info_UID_NNikwAIyX4nVsg5ShvytR5T73XAZ"]
24-07-12.19:57:58.598 [scheduling-1    ] INFO  GetNewData             - 定时任务扫描的keys:["user_info_UID_YRaZptE7mQpwqkV5XIr1hucsQ2Tx","user_info_UID_i2KXTMg5g6nhAOgWQwo1itlwHnQz","user_info_UID_jLKtbrB1V1dRD1QHAhwevYxVnHta","user_info_UID_7BEJWP7AxUUljdrjgyhwOyciCmBk","user_info_UID_AgHySDtRKqqo3wYuiOqwfpTQjKfk","user_info_UID_JAKoivK8LhMRNZ4hWIk6YFGXKa9u","user_info_UID_NNikwAIyX4nVsg5ShvytR5T73XAZ"]
24-07-12.19:58:01.618 [scheduling-1    ] INFO  GetNewData             - 定时任务扫描的keys:["user_info_UID_YRaZptE7mQpwqkV5XIr1hucsQ2Tx","user_info_UID_i2KXTMg5g6nhAOgWQwo1itlwHnQz","user_info_UID_jLKtbrB1V1dRD1QHAhwevYxVnHta","user_info_UID_7BEJWP7AxUUljdrjgyhwOyciCmBk","user_info_UID_AgHySDtRKqqo3wYuiOqwfpTQjKfk","user_info_UID_JAKoivK8LhMRNZ4hWIk6YFGXKa9u","user_info_UID_NNikwAIyX4nVsg5ShvytR5T73XAZ"]
24-07-12.19:58:04.600 [scheduling-1    ] INFO  GetNewData             - 定时任务扫描的keys:["user_info_UID_YRaZptE7mQpwqkV5XIr1hucsQ2Tx","user_info_UID_i2KXTMg5g6nhAOgWQwo1itlwHnQz","user_info_UID_jLKtbrB1V1dRD1QHAhwevYxVnHta","user_info_UID_7BEJWP7AxUUljdrjgyhwOyciCmBk","user_info_UID_AgHySDtRKqqo3wYuiOqwfpTQjKfk","user_info_UID_JAKoivK8LhMRNZ4hWIk6YFGXKa9u","user_info_UID_NNikwAIyX4nVsg5ShvytR5T73XAZ"]
24-07-12.19:58:07.587 [scheduling-1    ] INFO  GetNewData             - 定时任务扫描的keys:["user_info_UID_YRaZptE7mQpwqkV5XIr1hucsQ2Tx","user_info_UID_i2KXTMg5g6nhAOgWQwo1itlwHnQz","user_info_UID_jLKtbrB1V1dRD1QHAhwevYxVnHta","user_info_UID_7BEJWP7AxUUljdrjgyhwOyciCmBk","user_info_UID_AgHySDtRKqqo3wYuiOqwfpTQjKfk","user_info_UID_JAKoivK8LhMRNZ4hWIk6YFGXKa9u","user_info_UID_NNikwAIyX4nVsg5ShvytR5T73XAZ"]
24-07-12.19:58:10.595 [scheduling-1    ] INFO  GetNewData             - 定时任务扫描的keys:["user_info_UID_YRaZptE7mQpwqkV5XIr1hucsQ2Tx","user_info_UID_i2KXTMg5g6nhAOgWQwo1itlwHnQz","user_info_UID_jLKtbrB1V1dRD1QHAhwevYxVnHta","user_info_UID_7BEJWP7AxUUljdrjgyhwOyciCmBk","user_info_UID_AgHySDtRKqqo3wYuiOqwfpTQjKfk","user_info_UID_JAKoivK8LhMRNZ4hWIk6YFGXKa9u","user_info_UID_NNikwAIyX4nVsg5ShvytR5T73XAZ"]
24-07-12.19:58:13.583 [scheduling-1    ] INFO  GetNewData             - 定时任务扫描的keys:["user_info_UID_YRaZptE7mQpwqkV5XIr1hucsQ2Tx","user_info_UID_i2KXTMg5g6nhAOgWQwo1itlwHnQz","user_info_UID_jLKtbrB1V1dRD1QHAhwevYxVnHta","user_info_UID_7BEJWP7AxUUljdrjgyhwOyciCmBk","user_info_UID_AgHySDtRKqqo3wYuiOqwfpTQjKfk","user_info_UID_JAKoivK8LhMRNZ4hWIk6YFGXKa9u","user_info_UID_NNikwAIyX4nVsg5ShvytR5T73XAZ"]
24-07-12.19:58:16.603 [scheduling-1    ] INFO  GetNewData             - 定时任务扫描的keys:["user_info_UID_YRaZptE7mQpwqkV5XIr1hucsQ2Tx","user_info_UID_i2KXTMg5g6nhAOgWQwo1itlwHnQz","user_info_UID_jLKtbrB1V1dRD1QHAhwevYxVnHta","user_info_UID_7BEJWP7AxUUljdrjgyhwOyciCmBk","user_info_UID_AgHySDtRKqqo3wYuiOqwfpTQjKfk","user_info_UID_JAKoivK8LhMRNZ4hWIk6YFGXKa9u","user_info_UID_NNikwAIyX4nVsg5ShvytR5T73XAZ"]
24-07-12.19:58:19.603 [scheduling-1    ] INFO  GetNewData             - 定时任务扫描的keys:["user_info_UID_YRaZptE7mQpwqkV5XIr1hucsQ2Tx","user_info_UID_i2KXTMg5g6nhAOgWQwo1itlwHnQz","user_info_UID_jLKtbrB1V1dRD1QHAhwevYxVnHta","user_info_UID_7BEJWP7AxUUljdrjgyhwOyciCmBk","user_info_UID_AgHySDtRKqqo3wYuiOqwfpTQjKfk","user_info_UID_JAKoivK8LhMRNZ4hWIk6YFGXKa9u","user_info_UID_NNikwAIyX4nVsg5ShvytR5T73XAZ"]
24-07-12.19:58:19.650 [scheduling-1    ] INFO  GetNewData             - 网站数据:2.58,已经达到用户设置的阈值上限:2.5,向 UID_YRaZptE7mQpwqkV5XIr1hucsQ2Tx 发送一次邮件
24-07-12.19:58:19.903 [scheduling-1    ] INFO  GetNewData             - 网站数据:2.58,已经达到用户设置的阈值上限:2.5,向 UID_i2KXTMg5g6nhAOgWQwo1itlwHnQz 发送一次邮件
24-07-12.19:58:20.163 [scheduling-1    ] INFO  GetNewData             - 网站数据:2.58,已经达到用户设置的阈值上限:2.5,向 UID_7BEJWP7AxUUljdrjgyhwOyciCmBk 发送一次邮件
24-07-12.19:58:20.346 [scheduling-1    ] INFO  GetNewData             - 网站数据:2.58,已经达到用户设置的阈值上限:2.5,向 UID_AgHySDtRKqqo3wYuiOqwfpTQjKfk 发送一次邮件
24-07-12.19:58:20.522 [scheduling-1    ] INFO  GetNewData             - 网站数据:2.58,已经达到用户设置的阈值上限:2.5,向 UID_JAKoivK8LhMRNZ4hWIk6YFGXKa9u 发送一次邮件
24-07-12.19:58:20.699 [scheduling-1    ] INFO  GetNewData             - 网站数据:2.58,已经达到用户设置的阈值上限:2.5,向 UID_NNikwAIyX4nVsg5ShvytR5T73XAZ 发送一次邮件
24-07-12.19:58:22.620 [scheduling-1    ] INFO  GetNewData             - 定时任务扫描的keys:["user_info_UID_YRaZptE7mQpwqkV5XIr1hucsQ2Tx","user_info_UID_i2KXTMg5g6nhAOgWQwo1itlwHnQz","user_info_UID_jLKtbrB1V1dRD1QHAhwevYxVnHta","user_info_UID_7BEJWP7AxUUljdrjgyhwOyciCmBk","user_info_UID_AgHySDtRKqqo3wYuiOqwfpTQjKfk","user_info_UID_JAKoivK8LhMRNZ4hWIk6YFGXKa9u","user_info_UID_NNikwAIyX4nVsg5ShvytR5T73XAZ"]
24-07-12.19:58:25.706 [scheduling-1    ] INFO  GetNewData             - 定时任务扫描的keys:["user_info_UID_YRaZptE7mQpwqkV5XIr1hucsQ2Tx","user_info_UID_i2KXTMg5g6nhAOgWQwo1itlwHnQz","user_info_UID_jLKtbrB1V1dRD1QHAhwevYxVnHta","user_info_UID_7BEJWP7AxUUljdrjgyhwOyciCmBk","user_info_UID_AgHySDtRKqqo3wYuiOqwfpTQjKfk","user_info_UID_JAKoivK8LhMRNZ4hWIk6YFGXKa9u","user_info_UID_NNikwAIyX4nVsg5ShvytR5T73XAZ"]
24-07-12.19:58:28.599 [scheduling-1    ] INFO  GetNewData             - 定时任务扫描的keys:["user_info_UID_YRaZptE7mQpwqkV5XIr1hucsQ2Tx","user_info_UID_i2KXTMg5g6nhAOgWQwo1itlwHnQz","user_info_UID_jLKtbrB1V1dRD1QHAhwevYxVnHta","user_info_UID_7BEJWP7AxUUljdrjgyhwOyciCmBk","user_info_UID_AgHySDtRKqqo3wYuiOqwfpTQjKfk","user_info_UID_JAKoivK8LhMRNZ4hWIk6YFGXKa9u","user_info_UID_NNikwAIyX4nVsg5ShvytR5T73XAZ"]
24-07-12.19:58:31.586 [scheduling-1    ] INFO  GetNewData             - 定时任务扫描的keys:["user_info_UID_YRaZptE7mQpwqkV5XIr1hucsQ2Tx","user_info_UID_i2KXTMg5g6nhAOgWQwo1itlwHnQz","user_info_UID_jLKtbrB1V1dRD1QHAhwevYxVnHta","user_info_UID_7BEJWP7AxUUljdrjgyhwOyciCmBk","user_info_UID_AgHySDtRKqqo3wYuiOqwfpTQjKfk","user_info_UID_JAKoivK8LhMRNZ4hWIk6YFGXKa9u","user_info_UID_NNikwAIyX4nVsg5ShvytR5T73XAZ"]
24-07-12.19:58:34.582 [scheduling-1    ] INFO  GetNewData             - 定时任务扫描的keys:["user_info_UID_YRaZptE7mQpwqkV5XIr1hucsQ2Tx","user_info_UID_i2KXTMg5g6nhAOgWQwo1itlwHnQz","user_info_UID_jLKtbrB1V1dRD1QHAhwevYxVnHta","user_info_UID_7BEJWP7AxUUljdrjgyhwOyciCmBk","user_info_UID_AgHySDtRKqqo3wYuiOqwfpTQjKfk","user_info_UID_JAKoivK8LhMRNZ4hWIk6YFGXKa9u","user_info_UID_NNikwAIyX4nVsg5ShvytR5T73XAZ"]
24-07-12.19:58:37.597 [scheduling-1    ] INFO  GetNewData             - 定时任务扫描的keys:["user_info_UID_YRaZptE7mQpwqkV5XIr1hucsQ2Tx","user_info_UID_i2KXTMg5g6nhAOgWQwo1itlwHnQz","user_info_UID_jLKtbrB1V1dRD1QHAhwevYxVnHta","user_info_UID_7BEJWP7AxUUljdrjgyhwOyciCmBk","user_info_UID_AgHySDtRKqqo3wYuiOqwfpTQjKfk","user_info_UID_JAKoivK8LhMRNZ4hWIk6YFGXKa9u","user_info_UID_NNikwAIyX4nVsg5ShvytR5T73XAZ"]
24-07-12.19:58:40.607 [scheduling-1    ] INFO  GetNewData             - 定时任务扫描的keys:["user_info_UID_YRaZptE7mQpwqkV5XIr1hucsQ2Tx","user_info_UID_i2KXTMg5g6nhAOgWQwo1itlwHnQz","user_info_UID_jLKtbrB1V1dRD1QHAhwevYxVnHta","user_info_UID_7BEJWP7AxUUljdrjgyhwOyciCmBk","user_info_UID_AgHySDtRKqqo3wYuiOqwfpTQjKfk","user_info_UID_JAKoivK8LhMRNZ4hWIk6YFGXKa9u","user_info_UID_NNikwAIyX4nVsg5ShvytR5T73XAZ"]
24-07-12.19:58:43.585 [scheduling-1    ] INFO  GetNewData             - 定时任务扫描的keys:["user_info_UID_YRaZptE7mQpwqkV5XIr1hucsQ2Tx","user_info_UID_i2KXTMg5g6nhAOgWQwo1itlwHnQz","user_info_UID_jLKtbrB1V1dRD1QHAhwevYxVnHta","user_info_UID_7BEJWP7AxUUljdrjgyhwOyciCmBk","user_info_UID_AgHySDtRKqqo3wYuiOqwfpTQjKfk","user_info_UID_JAKoivK8LhMRNZ4hWIk6YFGXKa9u","user_info_UID_NNikwAIyX4nVsg5ShvytR5T73XAZ"]
24-07-12.19:58:46.597 [scheduling-1    ] INFO  GetNewData             - 定时任务扫描的keys:["user_info_UID_YRaZptE7mQpwqkV5XIr1hucsQ2Tx","user_info_UID_i2KXTMg5g6nhAOgWQwo1itlwHnQz","user_info_UID_jLKtbrB1V1dRD1QHAhwevYxVnHta","user_info_UID_7BEJWP7AxUUljdrjgyhwOyciCmBk","user_info_UID_AgHySDtRKqqo3wYuiOqwfpTQjKfk","user_info_UID_JAKoivK8LhMRNZ4hWIk6YFGXKa9u","user_info_UID_NNikwAIyX4nVsg5ShvytR5T73XAZ"]
24-07-12.19:58:49.596 [scheduling-1    ] INFO  GetNewData             - 定时任务扫描的keys:["user_info_UID_YRaZptE7mQpwqkV5XIr1hucsQ2Tx","user_info_UID_i2KXTMg5g6nhAOgWQwo1itlwHnQz","user_info_UID_jLKtbrB1V1dRD1QHAhwevYxVnHta","user_info_UID_7BEJWP7AxUUljdrjgyhwOyciCmBk","user_info_UID_AgHySDtRKqqo3wYuiOqwfpTQjKfk","user_info_UID_JAKoivK8LhMRNZ4hWIk6YFGXKa9u","user_info_UID_NNikwAIyX4nVsg5ShvytR5T73XAZ"]
24-07-12.19:58:52.579 [scheduling-1    ] INFO  GetNewData             - 定时任务扫描的keys:["user_info_UID_YRaZptE7mQpwqkV5XIr1hucsQ2Tx","user_info_UID_i2KXTMg5g6nhAOgWQwo1itlwHnQz","user_info_UID_jLKtbrB1V1dRD1QHAhwevYxVnHta","user_info_UID_7BEJWP7AxUUljdrjgyhwOyciCmBk","user_info_UID_AgHySDtRKqqo3wYuiOqwfpTQjKfk","user_info_UID_JAKoivK8LhMRNZ4hWIk6YFGXKa9u","user_info_UID_NNikwAIyX4nVsg5ShvytR5T73XAZ"]
24-07-12.19:58:55.605 [scheduling-1    ] INFO  GetNewData             - 定时任务扫描的keys:["user_info_UID_YRaZptE7mQpwqkV5XIr1hucsQ2Tx","user_info_UID_i2KXTMg5g6nhAOgWQwo1itlwHnQz","user_info_UID_jLKtbrB1V1dRD1QHAhwevYxVnHta","user_info_UID_7BEJWP7AxUUljdrjgyhwOyciCmBk","user_info_UID_AgHySDtRKqqo3wYuiOqwfpTQjKfk","user_info_UID_JAKoivK8LhMRNZ4hWIk6YFGXKa9u","user_info_UID_NNikwAIyX4nVsg5ShvytR5T73XAZ"]
24-07-12.19:58:58.575 [scheduling-1    ] INFO  GetNewData             - 定时任务扫描的keys:["user_info_UID_YRaZptE7mQpwqkV5XIr1hucsQ2Tx","user_info_UID_i2KXTMg5g6nhAOgWQwo1itlwHnQz","user_info_UID_jLKtbrB1V1dRD1QHAhwevYxVnHta","user_info_UID_7BEJWP7AxUUljdrjgyhwOyciCmBk","user_info_UID_AgHySDtRKqqo3wYuiOqwfpTQjKfk","user_info_UID_JAKoivK8LhMRNZ4hWIk6YFGXKa9u","user_info_UID_NNikwAIyX4nVsg5ShvytR5T73XAZ"]
24-07-12.19:59:01.604 [scheduling-1    ] INFO  GetNewData             - 定时任务扫描的keys:["user_info_UID_YRaZptE7mQpwqkV5XIr1hucsQ2Tx","user_info_UID_i2KXTMg5g6nhAOgWQwo1itlwHnQz","user_info_UID_jLKtbrB1V1dRD1QHAhwevYxVnHta","user_info_UID_7BEJWP7AxUUljdrjgyhwOyciCmBk","user_info_UID_AgHySDtRKqqo3wYuiOqwfpTQjKfk","user_info_UID_JAKoivK8LhMRNZ4hWIk6YFGXKa9u","user_info_UID_NNikwAIyX4nVsg5ShvytR5T73XAZ"]
24-07-12.19:59:04.601 [scheduling-1    ] INFO  GetNewData             - 定时任务扫描的keys:["user_info_UID_YRaZptE7mQpwqkV5XIr1hucsQ2Tx","user_info_UID_i2KXTMg5g6nhAOgWQwo1itlwHnQz","user_info_UID_jLKtbrB1V1dRD1QHAhwevYxVnHta","user_info_UID_7BEJWP7AxUUljdrjgyhwOyciCmBk","user_info_UID_AgHySDtRKqqo3wYuiOqwfpTQjKfk","user_info_UID_JAKoivK8LhMRNZ4hWIk6YFGXKa9u","user_info_UID_NNikwAIyX4nVsg5ShvytR5T73XAZ"]
24-07-12.19:59:07.594 [scheduling-1    ] INFO  GetNewData             - 定时任务扫描的keys:["user_info_UID_YRaZptE7mQpwqkV5XIr1hucsQ2Tx","user_info_UID_i2KXTMg5g6nhAOgWQwo1itlwHnQz","user_info_UID_jLKtbrB1V1dRD1QHAhwevYxVnHta","user_info_UID_7BEJWP7AxUUljdrjgyhwOyciCmBk","user_info_UID_AgHySDtRKqqo3wYuiOqwfpTQjKfk","user_info_UID_JAKoivK8LhMRNZ4hWIk6YFGXKa9u","user_info_UID_NNikwAIyX4nVsg5ShvytR5T73XAZ"]
24-07-12.19:59:10.599 [scheduling-1    ] INFO  GetNewData             - 定时任务扫描的keys:["user_info_UID_YRaZptE7mQpwqkV5XIr1hucsQ2Tx","user_info_UID_i2KXTMg5g6nhAOgWQwo1itlwHnQz","user_info_UID_jLKtbrB1V1dRD1QHAhwevYxVnHta","user_info_UID_7BEJWP7AxUUljdrjgyhwOyciCmBk","user_info_UID_AgHySDtRKqqo3wYuiOqwfpTQjKfk","user_info_UID_JAKoivK8LhMRNZ4hWIk6YFGXKa9u","user_info_UID_NNikwAIyX4nVsg5ShvytR5T73XAZ"]
24-07-12.19:59:13.588 [scheduling-1    ] INFO  GetNewData             - 定时任务扫描的keys:["user_info_UID_YRaZptE7mQpwqkV5XIr1hucsQ2Tx","user_info_UID_i2KXTMg5g6nhAOgWQwo1itlwHnQz","user_info_UID_jLKtbrB1V1dRD1QHAhwevYxVnHta","user_info_UID_7BEJWP7AxUUljdrjgyhwOyciCmBk","user_info_UID_AgHySDtRKqqo3wYuiOqwfpTQjKfk","user_info_UID_JAKoivK8LhMRNZ4hWIk6YFGXKa9u","user_info_UID_NNikwAIyX4nVsg5ShvytR5T73XAZ"]
24-07-12.19:59:16.581 [scheduling-1    ] INFO  GetNewData             - 定时任务扫描的keys:["user_info_UID_YRaZptE7mQpwqkV5XIr1hucsQ2Tx","user_info_UID_i2KXTMg5g6nhAOgWQwo1itlwHnQz","user_info_UID_jLKtbrB1V1dRD1QHAhwevYxVnHta","user_info_UID_7BEJWP7AxUUljdrjgyhwOyciCmBk","user_info_UID_AgHySDtRKqqo3wYuiOqwfpTQjKfk","user_info_UID_JAKoivK8LhMRNZ4hWIk6YFGXKa9u","user_info_UID_NNikwAIyX4nVsg5ShvytR5T73XAZ"]
24-07-12.19:59:19.610 [scheduling-1    ] INFO  GetNewData             - 定时任务扫描的keys:["user_info_UID_YRaZptE7mQpwqkV5XIr1hucsQ2Tx","user_info_UID_i2KXTMg5g6nhAOgWQwo1itlwHnQz","user_info_UID_jLKtbrB1V1dRD1QHAhwevYxVnHta","user_info_UID_7BEJWP7AxUUljdrjgyhwOyciCmBk","user_info_UID_AgHySDtRKqqo3wYuiOqwfpTQjKfk","user_info_UID_JAKoivK8LhMRNZ4hWIk6YFGXKa9u","user_info_UID_NNikwAIyX4nVsg5ShvytR5T73XAZ"]
24-07-12.19:59:22.598 [scheduling-1    ] INFO  GetNewData             - 定时任务扫描的keys:["user_info_UID_YRaZptE7mQpwqkV5XIr1hucsQ2Tx","user_info_UID_i2KXTMg5g6nhAOgWQwo1itlwHnQz","user_info_UID_jLKtbrB1V1dRD1QHAhwevYxVnHta","user_info_UID_7BEJWP7AxUUljdrjgyhwOyciCmBk","user_info_UID_AgHySDtRKqqo3wYuiOqwfpTQjKfk","user_info_UID_JAKoivK8LhMRNZ4hWIk6YFGXKa9u","user_info_UID_NNikwAIyX4nVsg5ShvytR5T73XAZ"]
24-07-12.19:59:25.576 [scheduling-1    ] INFO  GetNewData             - 定时任务扫描的keys:["user_info_UID_YRaZptE7mQpwqkV5XIr1hucsQ2Tx","user_info_UID_i2KXTMg5g6nhAOgWQwo1itlwHnQz","user_info_UID_jLKtbrB1V1dRD1QHAhwevYxVnHta","user_info_UID_7BEJWP7AxUUljdrjgyhwOyciCmBk","user_info_UID_AgHySDtRKqqo3wYuiOqwfpTQjKfk","user_info_UID_JAKoivK8LhMRNZ4hWIk6YFGXKa9u","user_info_UID_NNikwAIyX4nVsg5ShvytR5T73XAZ"]
24-07-12.19:59:28.590 [scheduling-1    ] INFO  GetNewData             - 定时任务扫描的keys:["user_info_UID_YRaZptE7mQpwqkV5XIr1hucsQ2Tx","user_info_UID_i2KXTMg5g6nhAOgWQwo1itlwHnQz","user_info_UID_jLKtbrB1V1dRD1QHAhwevYxVnHta","user_info_UID_7BEJWP7AxUUljdrjgyhwOyciCmBk","user_info_UID_AgHySDtRKqqo3wYuiOqwfpTQjKfk","user_info_UID_JAKoivK8LhMRNZ4hWIk6YFGXKa9u","user_info_UID_NNikwAIyX4nVsg5ShvytR5T73XAZ"]
24-07-12.19:59:31.592 [scheduling-1    ] INFO  GetNewData             - 定时任务扫描的keys:["user_info_UID_YRaZptE7mQpwqkV5XIr1hucsQ2Tx","user_info_UID_i2KXTMg5g6nhAOgWQwo1itlwHnQz","user_info_UID_jLKtbrB1V1dRD1QHAhwevYxVnHta","user_info_UID_7BEJWP7AxUUljdrjgyhwOyciCmBk","user_info_UID_AgHySDtRKqqo3wYuiOqwfpTQjKfk","user_info_UID_JAKoivK8LhMRNZ4hWIk6YFGXKa9u","user_info_UID_NNikwAIyX4nVsg5ShvytR5T73XAZ"]
24-07-12.19:59:34.602 [scheduling-1    ] INFO  GetNewData             - 定时任务扫描的keys:["user_info_UID_YRaZptE7mQpwqkV5XIr1hucsQ2Tx","user_info_UID_i2KXTMg5g6nhAOgWQwo1itlwHnQz","user_info_UID_jLKtbrB1V1dRD1QHAhwevYxVnHta","user_info_UID_7BEJWP7AxUUljdrjgyhwOyciCmBk","user_info_UID_AgHySDtRKqqo3wYuiOqwfpTQjKfk","user_info_UID_JAKoivK8LhMRNZ4hWIk6YFGXKa9u","user_info_UID_NNikwAIyX4nVsg5ShvytR5T73XAZ"]
24-07-12.19:59:37.606 [scheduling-1    ] INFO  GetNewData             - 定时任务扫描的keys:["user_info_UID_YRaZptE7mQpwqkV5XIr1hucsQ2Tx","user_info_UID_i2KXTMg5g6nhAOgWQwo1itlwHnQz","user_info_UID_jLKtbrB1V1dRD1QHAhwevYxVnHta","user_info_UID_7BEJWP7AxUUljdrjgyhwOyciCmBk","user_info_UID_AgHySDtRKqqo3wYuiOqwfpTQjKfk","user_info_UID_JAKoivK8LhMRNZ4hWIk6YFGXKa9u","user_info_UID_NNikwAIyX4nVsg5ShvytR5T73XAZ"]
24-07-12.19:59:40.605 [scheduling-1    ] INFO  GetNewData             - 定时任务扫描的keys:["user_info_UID_YRaZptE7mQpwqkV5XIr1hucsQ2Tx","user_info_UID_i2KXTMg5g6nhAOgWQwo1itlwHnQz","user_info_UID_jLKtbrB1V1dRD1QHAhwevYxVnHta","user_info_UID_7BEJWP7AxUUljdrjgyhwOyciCmBk","user_info_UID_AgHySDtRKqqo3wYuiOqwfpTQjKfk","user_info_UID_JAKoivK8LhMRNZ4hWIk6YFGXKa9u","user_info_UID_NNikwAIyX4nVsg5ShvytR5T73XAZ"]
24-07-12.19:59:43.613 [scheduling-1    ] INFO  GetNewData             - 定时任务扫描的keys:["user_info_UID_YRaZptE7mQpwqkV5XIr1hucsQ2Tx","user_info_UID_i2KXTMg5g6nhAOgWQwo1itlwHnQz","user_info_UID_jLKtbrB1V1dRD1QHAhwevYxVnHta","user_info_UID_7BEJWP7AxUUljdrjgyhwOyciCmBk","user_info_UID_AgHySDtRKqqo3wYuiOqwfpTQjKfk","user_info_UID_JAKoivK8LhMRNZ4hWIk6YFGXKa9u","user_info_UID_NNikwAIyX4nVsg5ShvytR5T73XAZ"]
24-07-12.19:59:46.579 [scheduling-1    ] INFO  GetNewData             - 定时任务扫描的keys:["user_info_UID_YRaZptE7mQpwqkV5XIr1hucsQ2Tx","user_info_UID_i2KXTMg5g6nhAOgWQwo1itlwHnQz","user_info_UID_jLKtbrB1V1dRD1QHAhwevYxVnHta","user_info_UID_7BEJWP7AxUUljdrjgyhwOyciCmBk","user_info_UID_AgHySDtRKqqo3wYuiOqwfpTQjKfk","user_info_UID_JAKoivK8LhMRNZ4hWIk6YFGXKa9u","user_info_UID_NNikwAIyX4nVsg5ShvytR5T73XAZ"]
24-07-12.19:59:49.576 [scheduling-1    ] INFO  GetNewData             - 定时任务扫描的keys:["user_info_UID_YRaZptE7mQpwqkV5XIr1hucsQ2Tx","user_info_UID_i2KXTMg5g6nhAOgWQwo1itlwHnQz","user_info_UID_jLKtbrB1V1dRD1QHAhwevYxVnHta","user_info_UID_7BEJWP7AxUUljdrjgyhwOyciCmBk","user_info_UID_AgHySDtRKqqo3wYuiOqwfpTQjKfk","user_info_UID_JAKoivK8LhMRNZ4hWIk6YFGXKa9u","user_info_UID_NNikwAIyX4nVsg5ShvytR5T73XAZ"]
24-07-12.19:59:52.587 [scheduling-1    ] INFO  GetNewData             - 定时任务扫描的keys:["user_info_UID_YRaZptE7mQpwqkV5XIr1hucsQ2Tx","user_info_UID_i2KXTMg5g6nhAOgWQwo1itlwHnQz","user_info_UID_jLKtbrB1V1dRD1QHAhwevYxVnHta","user_info_UID_7BEJWP7AxUUljdrjgyhwOyciCmBk","user_info_UID_AgHySDtRKqqo3wYuiOqwfpTQjKfk","user_info_UID_JAKoivK8LhMRNZ4hWIk6YFGXKa9u","user_info_UID_NNikwAIyX4nVsg5ShvytR5T73XAZ"]
24-07-12.19:59:55.683 [scheduling-1    ] INFO  GetNewData             - 定时任务扫描的keys:["user_info_UID_YRaZptE7mQpwqkV5XIr1hucsQ2Tx","user_info_UID_i2KXTMg5g6nhAOgWQwo1itlwHnQz","user_info_UID_jLKtbrB1V1dRD1QHAhwevYxVnHta","user_info_UID_7BEJWP7AxUUljdrjgyhwOyciCmBk","user_info_UID_AgHySDtRKqqo3wYuiOqwfpTQjKfk","user_info_UID_JAKoivK8LhMRNZ4hWIk6YFGXKa9u","user_info_UID_NNikwAIyX4nVsg5ShvytR5T73XAZ"]
24-07-12.19:59:58.610 [scheduling-1    ] INFO  GetNewData             - 定时任务扫描的keys:["user_info_UID_YRaZptE7mQpwqkV5XIr1hucsQ2Tx","user_info_UID_i2KXTMg5g6nhAOgWQwo1itlwHnQz","user_info_UID_jLKtbrB1V1dRD1QHAhwevYxVnHta","user_info_UID_7BEJWP7AxUUljdrjgyhwOyciCmBk","user_info_UID_AgHySDtRKqqo3wYuiOqwfpTQjKfk","user_info_UID_JAKoivK8LhMRNZ4hWIk6YFGXKa9u","user_info_UID_NNikwAIyX4nVsg5ShvytR5T73XAZ"]
24-07-12.20:00:01.599 [scheduling-1    ] INFO  GetNewData             - 定时任务扫描的keys:["user_info_UID_YRaZptE7mQpwqkV5XIr1hucsQ2Tx","user_info_UID_i2KXTMg5g6nhAOgWQwo1itlwHnQz","user_info_UID_jLKtbrB1V1dRD1QHAhwevYxVnHta","user_info_UID_7BEJWP7AxUUljdrjgyhwOyciCmBk","user_info_UID_AgHySDtRKqqo3wYuiOqwfpTQjKfk","user_info_UID_JAKoivK8LhMRNZ4hWIk6YFGXKa9u","user_info_UID_NNikwAIyX4nVsg5ShvytR5T73XAZ"]
24-07-12.20:00:04.579 [scheduling-1    ] INFO  GetNewData             - 定时任务扫描的keys:["user_info_UID_YRaZptE7mQpwqkV5XIr1hucsQ2Tx","user_info_UID_i2KXTMg5g6nhAOgWQwo1itlwHnQz","user_info_UID_jLKtbrB1V1dRD1QHAhwevYxVnHta","user_info_UID_7BEJWP7AxUUljdrjgyhwOyciCmBk","user_info_UID_AgHySDtRKqqo3wYuiOqwfpTQjKfk","user_info_UID_JAKoivK8LhMRNZ4hWIk6YFGXKa9u","user_info_UID_NNikwAIyX4nVsg5ShvytR5T73XAZ"]
24-07-12.20:00:07.574 [scheduling-1    ] INFO  GetNewData             - 定时任务扫描的keys:["user_info_UID_YRaZptE7mQpwqkV5XIr1hucsQ2Tx","user_info_UID_i2KXTMg5g6nhAOgWQwo1itlwHnQz","user_info_UID_jLKtbrB1V1dRD1QHAhwevYxVnHta","user_info_UID_7BEJWP7AxUUljdrjgyhwOyciCmBk","user_info_UID_AgHySDtRKqqo3wYuiOqwfpTQjKfk","user_info_UID_JAKoivK8LhMRNZ4hWIk6YFGXKa9u","user_info_UID_NNikwAIyX4nVsg5ShvytR5T73XAZ"]
24-07-12.20:00:10.567 [scheduling-1    ] INFO  GetNewData             - 定时任务扫描的keys:["user_info_UID_YRaZptE7mQpwqkV5XIr1hucsQ2Tx","user_info_UID_i2KXTMg5g6nhAOgWQwo1itlwHnQz","user_info_UID_jLKtbrB1V1dRD1QHAhwevYxVnHta","user_info_UID_7BEJWP7AxUUljdrjgyhwOyciCmBk","user_info_UID_AgHySDtRKqqo3wYuiOqwfpTQjKfk","user_info_UID_JAKoivK8LhMRNZ4hWIk6YFGXKa9u","user_info_UID_NNikwAIyX4nVsg5ShvytR5T73XAZ"]
24-07-12.20:00:13.610 [scheduling-1    ] INFO  GetNewData             - 定时任务扫描的keys:["user_info_UID_YRaZptE7mQpwqkV5XIr1hucsQ2Tx","user_info_UID_i2KXTMg5g6nhAOgWQwo1itlwHnQz","user_info_UID_jLKtbrB1V1dRD1QHAhwevYxVnHta","user_info_UID_7BEJWP7AxUUljdrjgyhwOyciCmBk","user_info_UID_AgHySDtRKqqo3wYuiOqwfpTQjKfk","user_info_UID_JAKoivK8LhMRNZ4hWIk6YFGXKa9u","user_info_UID_NNikwAIyX4nVsg5ShvytR5T73XAZ"]
24-07-12.20:00:16.611 [scheduling-1    ] INFO  GetNewData             - 定时任务扫描的keys:["user_info_UID_YRaZptE7mQpwqkV5XIr1hucsQ2Tx","user_info_UID_i2KXTMg5g6nhAOgWQwo1itlwHnQz","user_info_UID_jLKtbrB1V1dRD1QHAhwevYxVnHta","user_info_UID_7BEJWP7AxUUljdrjgyhwOyciCmBk","user_info_UID_AgHySDtRKqqo3wYuiOqwfpTQjKfk","user_info_UID_JAKoivK8LhMRNZ4hWIk6YFGXKa9u","user_info_UID_NNikwAIyX4nVsg5ShvytR5T73XAZ"]
24-07-12.20:00:19.614 [scheduling-1    ] INFO  GetNewData             - 定时任务扫描的keys:["user_info_UID_YRaZptE7mQpwqkV5XIr1hucsQ2Tx","user_info_UID_i2KXTMg5g6nhAOgWQwo1itlwHnQz","user_info_UID_jLKtbrB1V1dRD1QHAhwevYxVnHta","user_info_UID_7BEJWP7AxUUljdrjgyhwOyciCmBk","user_info_UID_AgHySDtRKqqo3wYuiOqwfpTQjKfk","user_info_UID_JAKoivK8LhMRNZ4hWIk6YFGXKa9u","user_info_UID_NNikwAIyX4nVsg5ShvytR5T73XAZ"]
24-07-12.20:00:22.579 [scheduling-1    ] INFO  GetNewData             - 定时任务扫描的keys:["user_info_UID_YRaZptE7mQpwqkV5XIr1hucsQ2Tx","user_info_UID_i2KXTMg5g6nhAOgWQwo1itlwHnQz","user_info_UID_jLKtbrB1V1dRD1QHAhwevYxVnHta","user_info_UID_7BEJWP7AxUUljdrjgyhwOyciCmBk","user_info_UID_AgHySDtRKqqo3wYuiOqwfpTQjKfk","user_info_UID_JAKoivK8LhMRNZ4hWIk6YFGXKa9u","user_info_UID_NNikwAIyX4nVsg5ShvytR5T73XAZ"]
24-07-12.20:00:25.616 [scheduling-1    ] INFO  GetNewData             - 定时任务扫描的keys:["user_info_UID_YRaZptE7mQpwqkV5XIr1hucsQ2Tx","user_info_UID_i2KXTMg5g6nhAOgWQwo1itlwHnQz","user_info_UID_jLKtbrB1V1dRD1QHAhwevYxVnHta","user_info_UID_7BEJWP7AxUUljdrjgyhwOyciCmBk","user_info_UID_AgHySDtRKqqo3wYuiOqwfpTQjKfk","user_info_UID_JAKoivK8LhMRNZ4hWIk6YFGXKa9u","user_info_UID_NNikwAIyX4nVsg5ShvytR5T73XAZ"]
24-07-12.20:00:28.612 [scheduling-1    ] INFO  GetNewData             - 定时任务扫描的keys:["user_info_UID_YRaZptE7mQpwqkV5XIr1hucsQ2Tx","user_info_UID_i2KXTMg5g6nhAOgWQwo1itlwHnQz","user_info_UID_jLKtbrB1V1dRD1QHAhwevYxVnHta","user_info_UID_7BEJWP7AxUUljdrjgyhwOyciCmBk","user_info_UID_AgHySDtRKqqo3wYuiOqwfpTQjKfk","user_info_UID_JAKoivK8LhMRNZ4hWIk6YFGXKa9u","user_info_UID_NNikwAIyX4nVsg5ShvytR5T73XAZ"]
24-07-12.20:00:31.591 [scheduling-1    ] INFO  GetNewData             - 定时任务扫描的keys:["user_info_UID_YRaZptE7mQpwqkV5XIr1hucsQ2Tx","user_info_UID_i2KXTMg5g6nhAOgWQwo1itlwHnQz","user_info_UID_jLKtbrB1V1dRD1QHAhwevYxVnHta","user_info_UID_7BEJWP7AxUUljdrjgyhwOyciCmBk","user_info_UID_AgHySDtRKqqo3wYuiOqwfpTQjKfk","user_info_UID_JAKoivK8LhMRNZ4hWIk6YFGXKa9u","user_info_UID_NNikwAIyX4nVsg5ShvytR5T73XAZ"]
24-07-12.20:00:34.571 [scheduling-1    ] INFO  GetNewData             - 定时任务扫描的keys:["user_info_UID_YRaZptE7mQpwqkV5XIr1hucsQ2Tx","user_info_UID_i2KXTMg5g6nhAOgWQwo1itlwHnQz","user_info_UID_jLKtbrB1V1dRD1QHAhwevYxVnHta","user_info_UID_7BEJWP7AxUUljdrjgyhwOyciCmBk","user_info_UID_AgHySDtRKqqo3wYuiOqwfpTQjKfk","user_info_UID_JAKoivK8LhMRNZ4hWIk6YFGXKa9u","user_info_UID_NNikwAIyX4nVsg5ShvytR5T73XAZ"]
24-07-12.20:00:37.577 [scheduling-1    ] INFO  GetNewData             - 定时任务扫描的keys:["user_info_UID_YRaZptE7mQpwqkV5XIr1hucsQ2Tx","user_info_UID_i2KXTMg5g6nhAOgWQwo1itlwHnQz","user_info_UID_jLKtbrB1V1dRD1QHAhwevYxVnHta","user_info_UID_7BEJWP7AxUUljdrjgyhwOyciCmBk","user_info_UID_AgHySDtRKqqo3wYuiOqwfpTQjKfk","user_info_UID_JAKoivK8LhMRNZ4hWIk6YFGXKa9u","user_info_UID_NNikwAIyX4nVsg5ShvytR5T73XAZ"]
24-07-12.20:00:40.590 [scheduling-1    ] INFO  GetNewData             - 定时任务扫描的keys:["user_info_UID_YRaZptE7mQpwqkV5XIr1hucsQ2Tx","user_info_UID_i2KXTMg5g6nhAOgWQwo1itlwHnQz","user_info_UID_jLKtbrB1V1dRD1QHAhwevYxVnHta","user_info_UID_7BEJWP7AxUUljdrjgyhwOyciCmBk","user_info_UID_AgHySDtRKqqo3wYuiOqwfpTQjKfk","user_info_UID_JAKoivK8LhMRNZ4hWIk6YFGXKa9u","user_info_UID_NNikwAIyX4nVsg5ShvytR5T73XAZ"]
24-07-12.20:00:43.595 [scheduling-1    ] INFO  GetNewData             - 定时任务扫描的keys:["user_info_UID_YRaZptE7mQpwqkV5XIr1hucsQ2Tx","user_info_UID_i2KXTMg5g6nhAOgWQwo1itlwHnQz","user_info_UID_jLKtbrB1V1dRD1QHAhwevYxVnHta","user_info_UID_7BEJWP7AxUUljdrjgyhwOyciCmBk","user_info_UID_AgHySDtRKqqo3wYuiOqwfpTQjKfk","user_info_UID_JAKoivK8LhMRNZ4hWIk6YFGXKa9u","user_info_UID_NNikwAIyX4nVsg5ShvytR5T73XAZ"]
24-07-12.20:00:46.618 [scheduling-1    ] INFO  GetNewData             - 定时任务扫描的keys:["user_info_UID_YRaZptE7mQpwqkV5XIr1hucsQ2Tx","user_info_UID_i2KXTMg5g6nhAOgWQwo1itlwHnQz","user_info_UID_jLKtbrB1V1dRD1QHAhwevYxVnHta","user_info_UID_7BEJWP7AxUUljdrjgyhwOyciCmBk","user_info_UID_AgHySDtRKqqo3wYuiOqwfpTQjKfk","user_info_UID_JAKoivK8LhMRNZ4hWIk6YFGXKa9u","user_info_UID_NNikwAIyX4nVsg5ShvytR5T73XAZ"]
24-07-12.20:00:49.589 [scheduling-1    ] INFO  GetNewData             - 定时任务扫描的keys:["user_info_UID_YRaZptE7mQpwqkV5XIr1hucsQ2Tx","user_info_UID_i2KXTMg5g6nhAOgWQwo1itlwHnQz","user_info_UID_jLKtbrB1V1dRD1QHAhwevYxVnHta","user_info_UID_7BEJWP7AxUUljdrjgyhwOyciCmBk","user_info_UID_AgHySDtRKqqo3wYuiOqwfpTQjKfk","user_info_UID_JAKoivK8LhMRNZ4hWIk6YFGXKa9u","user_info_UID_NNikwAIyX4nVsg5ShvytR5T73XAZ"]
24-07-12.20:00:52.584 [scheduling-1    ] INFO  GetNewData             - 定时任务扫描的keys:["user_info_UID_YRaZptE7mQpwqkV5XIr1hucsQ2Tx","user_info_UID_i2KXTMg5g6nhAOgWQwo1itlwHnQz","user_info_UID_jLKtbrB1V1dRD1QHAhwevYxVnHta","user_info_UID_7BEJWP7AxUUljdrjgyhwOyciCmBk","user_info_UID_AgHySDtRKqqo3wYuiOqwfpTQjKfk","user_info_UID_JAKoivK8LhMRNZ4hWIk6YFGXKa9u","user_info_UID_NNikwAIyX4nVsg5ShvytR5T73XAZ"]
24-07-12.20:00:55.578 [scheduling-1    ] INFO  GetNewData             - 定时任务扫描的keys:["user_info_UID_YRaZptE7mQpwqkV5XIr1hucsQ2Tx","user_info_UID_i2KXTMg5g6nhAOgWQwo1itlwHnQz","user_info_UID_jLKtbrB1V1dRD1QHAhwevYxVnHta","user_info_UID_7BEJWP7AxUUljdrjgyhwOyciCmBk","user_info_UID_AgHySDtRKqqo3wYuiOqwfpTQjKfk","user_info_UID_JAKoivK8LhMRNZ4hWIk6YFGXKa9u","user_info_UID_NNikwAIyX4nVsg5ShvytR5T73XAZ"]
24-07-12.20:00:58.624 [scheduling-1    ] INFO  GetNewData             - 定时任务扫描的keys:["user_info_UID_YRaZptE7mQpwqkV5XIr1hucsQ2Tx","user_info_UID_i2KXTMg5g6nhAOgWQwo1itlwHnQz","user_info_UID_jLKtbrB1V1dRD1QHAhwevYxVnHta","user_info_UID_7BEJWP7AxUUljdrjgyhwOyciCmBk","user_info_UID_AgHySDtRKqqo3wYuiOqwfpTQjKfk","user_info_UID_JAKoivK8LhMRNZ4hWIk6YFGXKa9u","user_info_UID_NNikwAIyX4nVsg5ShvytR5T73XAZ"]
24-07-12.20:01:01.588 [scheduling-1    ] INFO  GetNewData             - 定时任务扫描的keys:["user_info_UID_YRaZptE7mQpwqkV5XIr1hucsQ2Tx","user_info_UID_i2KXTMg5g6nhAOgWQwo1itlwHnQz","user_info_UID_jLKtbrB1V1dRD1QHAhwevYxVnHta","user_info_UID_7BEJWP7AxUUljdrjgyhwOyciCmBk","user_info_UID_AgHySDtRKqqo3wYuiOqwfpTQjKfk","user_info_UID_JAKoivK8LhMRNZ4hWIk6YFGXKa9u","user_info_UID_NNikwAIyX4nVsg5ShvytR5T73XAZ"]
24-07-12.20:01:04.578 [scheduling-1    ] INFO  GetNewData             - 定时任务扫描的keys:["user_info_UID_YRaZptE7mQpwqkV5XIr1hucsQ2Tx","user_info_UID_i2KXTMg5g6nhAOgWQwo1itlwHnQz","user_info_UID_jLKtbrB1V1dRD1QHAhwevYxVnHta","user_info_UID_7BEJWP7AxUUljdrjgyhwOyciCmBk","user_info_UID_AgHySDtRKqqo3wYuiOqwfpTQjKfk","user_info_UID_JAKoivK8LhMRNZ4hWIk6YFGXKa9u","user_info_UID_NNikwAIyX4nVsg5ShvytR5T73XAZ"]
24-07-12.20:01:07.580 [scheduling-1    ] INFO  GetNewData             - 定时任务扫描的keys:["user_info_UID_YRaZptE7mQpwqkV5XIr1hucsQ2Tx","user_info_UID_i2KXTMg5g6nhAOgWQwo1itlwHnQz","user_info_UID_jLKtbrB1V1dRD1QHAhwevYxVnHta","user_info_UID_7BEJWP7AxUUljdrjgyhwOyciCmBk","user_info_UID_AgHySDtRKqqo3wYuiOqwfpTQjKfk","user_info_UID_JAKoivK8LhMRNZ4hWIk6YFGXKa9u","user_info_UID_NNikwAIyX4nVsg5ShvytR5T73XAZ"]
24-07-12.20:01:10.574 [scheduling-1    ] INFO  GetNewData             - 定时任务扫描的keys:["user_info_UID_YRaZptE7mQpwqkV5XIr1hucsQ2Tx","user_info_UID_i2KXTMg5g6nhAOgWQwo1itlwHnQz","user_info_UID_jLKtbrB1V1dRD1QHAhwevYxVnHta","user_info_UID_7BEJWP7AxUUljdrjgyhwOyciCmBk","user_info_UID_AgHySDtRKqqo3wYuiOqwfpTQjKfk","user_info_UID_JAKoivK8LhMRNZ4hWIk6YFGXKa9u","user_info_UID_NNikwAIyX4nVsg5ShvytR5T73XAZ"]
24-07-12.20:01:13.578 [scheduling-1    ] INFO  GetNewData             - 定时任务扫描的keys:["user_info_UID_YRaZptE7mQpwqkV5XIr1hucsQ2Tx","user_info_UID_i2KXTMg5g6nhAOgWQwo1itlwHnQz","user_info_UID_jLKtbrB1V1dRD1QHAhwevYxVnHta","user_info_UID_7BEJWP7AxUUljdrjgyhwOyciCmBk","user_info_UID_AgHySDtRKqqo3wYuiOqwfpTQjKfk","user_info_UID_JAKoivK8LhMRNZ4hWIk6YFGXKa9u","user_info_UID_NNikwAIyX4nVsg5ShvytR5T73XAZ"]
24-07-12.20:01:16.581 [scheduling-1    ] INFO  GetNewData             - 定时任务扫描的keys:["user_info_UID_YRaZptE7mQpwqkV5XIr1hucsQ2Tx","user_info_UID_i2KXTMg5g6nhAOgWQwo1itlwHnQz","user_info_UID_jLKtbrB1V1dRD1QHAhwevYxVnHta","user_info_UID_7BEJWP7AxUUljdrjgyhwOyciCmBk","user_info_UID_AgHySDtRKqqo3wYuiOqwfpTQjKfk","user_info_UID_JAKoivK8LhMRNZ4hWIk6YFGXKa9u","user_info_UID_NNikwAIyX4nVsg5ShvytR5T73XAZ"]
24-07-12.20:01:19.607 [scheduling-1    ] INFO  GetNewData             - 定时任务扫描的keys:["user_info_UID_YRaZptE7mQpwqkV5XIr1hucsQ2Tx","user_info_UID_i2KXTMg5g6nhAOgWQwo1itlwHnQz","user_info_UID_jLKtbrB1V1dRD1QHAhwevYxVnHta","user_info_UID_7BEJWP7AxUUljdrjgyhwOyciCmBk","user_info_UID_AgHySDtRKqqo3wYuiOqwfpTQjKfk","user_info_UID_JAKoivK8LhMRNZ4hWIk6YFGXKa9u","user_info_UID_NNikwAIyX4nVsg5ShvytR5T73XAZ"]
24-07-12.20:01:22.603 [scheduling-1    ] INFO  GetNewData             - 定时任务扫描的keys:["user_info_UID_YRaZptE7mQpwqkV5XIr1hucsQ2Tx","user_info_UID_i2KXTMg5g6nhAOgWQwo1itlwHnQz","user_info_UID_jLKtbrB1V1dRD1QHAhwevYxVnHta","user_info_UID_7BEJWP7AxUUljdrjgyhwOyciCmBk","user_info_UID_AgHySDtRKqqo3wYuiOqwfpTQjKfk","user_info_UID_JAKoivK8LhMRNZ4hWIk6YFGXKa9u","user_info_UID_NNikwAIyX4nVsg5ShvytR5T73XAZ"]
24-07-12.20:01:25.711 [scheduling-1    ] INFO  GetNewData             - 定时任务扫描的keys:["user_info_UID_YRaZptE7mQpwqkV5XIr1hucsQ2Tx","user_info_UID_i2KXTMg5g6nhAOgWQwo1itlwHnQz","user_info_UID_jLKtbrB1V1dRD1QHAhwevYxVnHta","user_info_UID_7BEJWP7AxUUljdrjgyhwOyciCmBk","user_info_UID_AgHySDtRKqqo3wYuiOqwfpTQjKfk","user_info_UID_JAKoivK8LhMRNZ4hWIk6YFGXKa9u","user_info_UID_NNikwAIyX4nVsg5ShvytR5T73XAZ"]
24-07-12.20:01:28.595 [scheduling-1    ] INFO  GetNewData             - 定时任务扫描的keys:["user_info_UID_YRaZptE7mQpwqkV5XIr1hucsQ2Tx","user_info_UID_i2KXTMg5g6nhAOgWQwo1itlwHnQz","user_info_UID_jLKtbrB1V1dRD1QHAhwevYxVnHta","user_info_UID_7BEJWP7AxUUljdrjgyhwOyciCmBk","user_info_UID_AgHySDtRKqqo3wYuiOqwfpTQjKfk","user_info_UID_JAKoivK8LhMRNZ4hWIk6YFGXKa9u","user_info_UID_NNikwAIyX4nVsg5ShvytR5T73XAZ"]
24-07-12.20:01:31.579 [scheduling-1    ] INFO  GetNewData             - 定时任务扫描的keys:["user_info_UID_YRaZptE7mQpwqkV5XIr1hucsQ2Tx","user_info_UID_i2KXTMg5g6nhAOgWQwo1itlwHnQz","user_info_UID_jLKtbrB1V1dRD1QHAhwevYxVnHta","user_info_UID_7BEJWP7AxUUljdrjgyhwOyciCmBk","user_info_UID_AgHySDtRKqqo3wYuiOqwfpTQjKfk","user_info_UID_JAKoivK8LhMRNZ4hWIk6YFGXKa9u","user_info_UID_NNikwAIyX4nVsg5ShvytR5T73XAZ"]
24-07-12.20:01:34.606 [scheduling-1    ] INFO  GetNewData             - 定时任务扫描的keys:["user_info_UID_YRaZptE7mQpwqkV5XIr1hucsQ2Tx","user_info_UID_i2KXTMg5g6nhAOgWQwo1itlwHnQz","user_info_UID_jLKtbrB1V1dRD1QHAhwevYxVnHta","user_info_UID_7BEJWP7AxUUljdrjgyhwOyciCmBk","user_info_UID_AgHySDtRKqqo3wYuiOqwfpTQjKfk","user_info_UID_JAKoivK8LhMRNZ4hWIk6YFGXKa9u","user_info_UID_NNikwAIyX4nVsg5ShvytR5T73XAZ"]
24-07-12.20:01:37.594 [scheduling-1    ] INFO  GetNewData             - 定时任务扫描的keys:["user_info_UID_YRaZptE7mQpwqkV5XIr1hucsQ2Tx","user_info_UID_i2KXTMg5g6nhAOgWQwo1itlwHnQz","user_info_UID_jLKtbrB1V1dRD1QHAhwevYxVnHta","user_info_UID_7BEJWP7AxUUljdrjgyhwOyciCmBk","user_info_UID_AgHySDtRKqqo3wYuiOqwfpTQjKfk","user_info_UID_JAKoivK8LhMRNZ4hWIk6YFGXKa9u","user_info_UID_NNikwAIyX4nVsg5ShvytR5T73XAZ"]
24-07-12.20:01:40.606 [scheduling-1    ] INFO  GetNewData             - 定时任务扫描的keys:["user_info_UID_YRaZptE7mQpwqkV5XIr1hucsQ2Tx","user_info_UID_i2KXTMg5g6nhAOgWQwo1itlwHnQz","user_info_UID_jLKtbrB1V1dRD1QHAhwevYxVnHta","user_info_UID_7BEJWP7AxUUljdrjgyhwOyciCmBk","user_info_UID_AgHySDtRKqqo3wYuiOqwfpTQjKfk","user_info_UID_JAKoivK8LhMRNZ4hWIk6YFGXKa9u","user_info_UID_NNikwAIyX4nVsg5ShvytR5T73XAZ"]
24-07-12.20:01:43.588 [scheduling-1    ] INFO  GetNewData             - 定时任务扫描的keys:["user_info_UID_YRaZptE7mQpwqkV5XIr1hucsQ2Tx","user_info_UID_i2KXTMg5g6nhAOgWQwo1itlwHnQz","user_info_UID_jLKtbrB1V1dRD1QHAhwevYxVnHta","user_info_UID_7BEJWP7AxUUljdrjgyhwOyciCmBk","user_info_UID_AgHySDtRKqqo3wYuiOqwfpTQjKfk","user_info_UID_JAKoivK8LhMRNZ4hWIk6YFGXKa9u","user_info_UID_NNikwAIyX4nVsg5ShvytR5T73XAZ"]
24-07-12.20:01:46.585 [scheduling-1    ] INFO  GetNewData             - 定时任务扫描的keys:["user_info_UID_YRaZptE7mQpwqkV5XIr1hucsQ2Tx","user_info_UID_i2KXTMg5g6nhAOgWQwo1itlwHnQz","user_info_UID_jLKtbrB1V1dRD1QHAhwevYxVnHta","user_info_UID_7BEJWP7AxUUljdrjgyhwOyciCmBk","user_info_UID_AgHySDtRKqqo3wYuiOqwfpTQjKfk","user_info_UID_JAKoivK8LhMRNZ4hWIk6YFGXKa9u","user_info_UID_NNikwAIyX4nVsg5ShvytR5T73XAZ"]
24-07-12.20:01:49.579 [scheduling-1    ] INFO  GetNewData             - 定时任务扫描的keys:["user_info_UID_YRaZptE7mQpwqkV5XIr1hucsQ2Tx","user_info_UID_i2KXTMg5g6nhAOgWQwo1itlwHnQz","user_info_UID_jLKtbrB1V1dRD1QHAhwevYxVnHta","user_info_UID_7BEJWP7AxUUljdrjgyhwOyciCmBk","user_info_UID_AgHySDtRKqqo3wYuiOqwfpTQjKfk","user_info_UID_JAKoivK8LhMRNZ4hWIk6YFGXKa9u","user_info_UID_NNikwAIyX4nVsg5ShvytR5T73XAZ"]
24-07-12.20:01:52.633 [scheduling-1    ] INFO  GetNewData             - 定时任务扫描的keys:["user_info_UID_YRaZptE7mQpwqkV5XIr1hucsQ2Tx","user_info_UID_i2KXTMg5g6nhAOgWQwo1itlwHnQz","user_info_UID_jLKtbrB1V1dRD1QHAhwevYxVnHta","user_info_UID_7BEJWP7AxUUljdrjgyhwOyciCmBk","user_info_UID_AgHySDtRKqqo3wYuiOqwfpTQjKfk","user_info_UID_JAKoivK8LhMRNZ4hWIk6YFGXKa9u","user_info_UID_NNikwAIyX4nVsg5ShvytR5T73XAZ"]
24-07-12.20:01:55.720 [scheduling-1    ] INFO  GetNewData             - 定时任务扫描的keys:["user_info_UID_YRaZptE7mQpwqkV5XIr1hucsQ2Tx","user_info_UID_i2KXTMg5g6nhAOgWQwo1itlwHnQz","user_info_UID_jLKtbrB1V1dRD1QHAhwevYxVnHta","user_info_UID_7BEJWP7AxUUljdrjgyhwOyciCmBk","user_info_UID_AgHySDtRKqqo3wYuiOqwfpTQjKfk","user_info_UID_JAKoivK8LhMRNZ4hWIk6YFGXKa9u","user_info_UID_NNikwAIyX4nVsg5ShvytR5T73XAZ"]
24-07-12.20:01:58.583 [scheduling-1    ] INFO  GetNewData             - 定时任务扫描的keys:["user_info_UID_YRaZptE7mQpwqkV5XIr1hucsQ2Tx","user_info_UID_i2KXTMg5g6nhAOgWQwo1itlwHnQz","user_info_UID_jLKtbrB1V1dRD1QHAhwevYxVnHta","user_info_UID_7BEJWP7AxUUljdrjgyhwOyciCmBk","user_info_UID_AgHySDtRKqqo3wYuiOqwfpTQjKfk","user_info_UID_JAKoivK8LhMRNZ4hWIk6YFGXKa9u","user_info_UID_NNikwAIyX4nVsg5ShvytR5T73XAZ"]
24-07-12.20:02:01.575 [scheduling-1    ] INFO  GetNewData             - 定时任务扫描的keys:["user_info_UID_YRaZptE7mQpwqkV5XIr1hucsQ2Tx","user_info_UID_i2KXTMg5g6nhAOgWQwo1itlwHnQz","user_info_UID_jLKtbrB1V1dRD1QHAhwevYxVnHta","user_info_UID_7BEJWP7AxUUljdrjgyhwOyciCmBk","user_info_UID_AgHySDtRKqqo3wYuiOqwfpTQjKfk","user_info_UID_JAKoivK8LhMRNZ4hWIk6YFGXKa9u","user_info_UID_NNikwAIyX4nVsg5ShvytR5T73XAZ"]
24-07-12.20:02:04.576 [scheduling-1    ] INFO  GetNewData             - 定时任务扫描的keys:["user_info_UID_YRaZptE7mQpwqkV5XIr1hucsQ2Tx","user_info_UID_i2KXTMg5g6nhAOgWQwo1itlwHnQz","user_info_UID_jLKtbrB1V1dRD1QHAhwevYxVnHta","user_info_UID_7BEJWP7AxUUljdrjgyhwOyciCmBk","user_info_UID_AgHySDtRKqqo3wYuiOqwfpTQjKfk","user_info_UID_JAKoivK8LhMRNZ4hWIk6YFGXKa9u","user_info_UID_NNikwAIyX4nVsg5ShvytR5T73XAZ"]
24-07-12.20:02:07.604 [scheduling-1    ] INFO  GetNewData             - 定时任务扫描的keys:["user_info_UID_YRaZptE7mQpwqkV5XIr1hucsQ2Tx","user_info_UID_i2KXTMg5g6nhAOgWQwo1itlwHnQz","user_info_UID_jLKtbrB1V1dRD1QHAhwevYxVnHta","user_info_UID_7BEJWP7AxUUljdrjgyhwOyciCmBk","user_info_UID_AgHySDtRKqqo3wYuiOqwfpTQjKfk","user_info_UID_JAKoivK8LhMRNZ4hWIk6YFGXKa9u","user_info_UID_NNikwAIyX4nVsg5ShvytR5T73XAZ"]
24-07-12.20:02:10.589 [scheduling-1    ] INFO  GetNewData             - 定时任务扫描的keys:["user_info_UID_YRaZptE7mQpwqkV5XIr1hucsQ2Tx","user_info_UID_i2KXTMg5g6nhAOgWQwo1itlwHnQz","user_info_UID_jLKtbrB1V1dRD1QHAhwevYxVnHta","user_info_UID_7BEJWP7AxUUljdrjgyhwOyciCmBk","user_info_UID_AgHySDtRKqqo3wYuiOqwfpTQjKfk","user_info_UID_JAKoivK8LhMRNZ4hWIk6YFGXKa9u","user_info_UID_NNikwAIyX4nVsg5ShvytR5T73XAZ"]
24-07-12.20:02:13.607 [scheduling-1    ] INFO  GetNewData             - 定时任务扫描的keys:["user_info_UID_YRaZptE7mQpwqkV5XIr1hucsQ2Tx","user_info_UID_i2KXTMg5g6nhAOgWQwo1itlwHnQz","user_info_UID_jLKtbrB1V1dRD1QHAhwevYxVnHta","user_info_UID_7BEJWP7AxUUljdrjgyhwOyciCmBk","user_info_UID_AgHySDtRKqqo3wYuiOqwfpTQjKfk","user_info_UID_JAKoivK8LhMRNZ4hWIk6YFGXKa9u","user_info_UID_NNikwAIyX4nVsg5ShvytR5T73XAZ"]
24-07-12.20:02:16.580 [scheduling-1    ] INFO  GetNewData             - 定时任务扫描的keys:["user_info_UID_YRaZptE7mQpwqkV5XIr1hucsQ2Tx","user_info_UID_i2KXTMg5g6nhAOgWQwo1itlwHnQz","user_info_UID_jLKtbrB1V1dRD1QHAhwevYxVnHta","user_info_UID_7BEJWP7AxUUljdrjgyhwOyciCmBk","user_info_UID_AgHySDtRKqqo3wYuiOqwfpTQjKfk","user_info_UID_JAKoivK8LhMRNZ4hWIk6YFGXKa9u","user_info_UID_NNikwAIyX4nVsg5ShvytR5T73XAZ"]
24-07-12.20:02:19.579 [scheduling-1    ] INFO  GetNewData             - 定时任务扫描的keys:["user_info_UID_YRaZptE7mQpwqkV5XIr1hucsQ2Tx","user_info_UID_i2KXTMg5g6nhAOgWQwo1itlwHnQz","user_info_UID_jLKtbrB1V1dRD1QHAhwevYxVnHta","user_info_UID_7BEJWP7AxUUljdrjgyhwOyciCmBk","user_info_UID_AgHySDtRKqqo3wYuiOqwfpTQjKfk","user_info_UID_JAKoivK8LhMRNZ4hWIk6YFGXKa9u","user_info_UID_NNikwAIyX4nVsg5ShvytR5T73XAZ"]
24-07-12.20:02:22.591 [scheduling-1    ] INFO  GetNewData             - 定时任务扫描的keys:["user_info_UID_YRaZptE7mQpwqkV5XIr1hucsQ2Tx","user_info_UID_i2KXTMg5g6nhAOgWQwo1itlwHnQz","user_info_UID_jLKtbrB1V1dRD1QHAhwevYxVnHta","user_info_UID_7BEJWP7AxUUljdrjgyhwOyciCmBk","user_info_UID_AgHySDtRKqqo3wYuiOqwfpTQjKfk","user_info_UID_JAKoivK8LhMRNZ4hWIk6YFGXKa9u","user_info_UID_NNikwAIyX4nVsg5ShvytR5T73XAZ"]
24-07-12.20:02:25.586 [scheduling-1    ] INFO  GetNewData             - 定时任务扫描的keys:["user_info_UID_YRaZptE7mQpwqkV5XIr1hucsQ2Tx","user_info_UID_i2KXTMg5g6nhAOgWQwo1itlwHnQz","user_info_UID_jLKtbrB1V1dRD1QHAhwevYxVnHta","user_info_UID_7BEJWP7AxUUljdrjgyhwOyciCmBk","user_info_UID_AgHySDtRKqqo3wYuiOqwfpTQjKfk","user_info_UID_JAKoivK8LhMRNZ4hWIk6YFGXKa9u","user_info_UID_NNikwAIyX4nVsg5ShvytR5T73XAZ"]
24-07-12.20:02:28.586 [scheduling-1    ] INFO  GetNewData             - 定时任务扫描的keys:["user_info_UID_YRaZptE7mQpwqkV5XIr1hucsQ2Tx","user_info_UID_i2KXTMg5g6nhAOgWQwo1itlwHnQz","user_info_UID_jLKtbrB1V1dRD1QHAhwevYxVnHta","user_info_UID_7BEJWP7AxUUljdrjgyhwOyciCmBk","user_info_UID_AgHySDtRKqqo3wYuiOqwfpTQjKfk","user_info_UID_JAKoivK8LhMRNZ4hWIk6YFGXKa9u","user_info_UID_NNikwAIyX4nVsg5ShvytR5T73XAZ"]
24-07-12.20:02:31.577 [scheduling-1    ] INFO  GetNewData             - 定时任务扫描的keys:["user_info_UID_YRaZptE7mQpwqkV5XIr1hucsQ2Tx","user_info_UID_i2KXTMg5g6nhAOgWQwo1itlwHnQz","user_info_UID_jLKtbrB1V1dRD1QHAhwevYxVnHta","user_info_UID_7BEJWP7AxUUljdrjgyhwOyciCmBk","user_info_UID_AgHySDtRKqqo3wYuiOqwfpTQjKfk","user_info_UID_JAKoivK8LhMRNZ4hWIk6YFGXKa9u","user_info_UID_NNikwAIyX4nVsg5ShvytR5T73XAZ"]
24-07-12.20:02:34.590 [scheduling-1    ] INFO  GetNewData             - 定时任务扫描的keys:["user_info_UID_YRaZptE7mQpwqkV5XIr1hucsQ2Tx","user_info_UID_i2KXTMg5g6nhAOgWQwo1itlwHnQz","user_info_UID_jLKtbrB1V1dRD1QHAhwevYxVnHta","user_info_UID_7BEJWP7AxUUljdrjgyhwOyciCmBk","user_info_UID_AgHySDtRKqqo3wYuiOqwfpTQjKfk","user_info_UID_JAKoivK8LhMRNZ4hWIk6YFGXKa9u","user_info_UID_NNikwAIyX4nVsg5ShvytR5T73XAZ"]
24-07-12.20:02:34.688 [scheduling-1    ] INFO  GetNewData             - 网站数据:0.79,已经达到用户设置的阈值上限:0.6,向 UID_jLKtbrB1V1dRD1QHAhwevYxVnHta 发送一次邮件
24-07-12.20:02:34.925 [scheduling-1    ] INFO  GetNewData             - 网站数据:0.79,已经达到用户设置的阈值下限:6,向 UID_jLKtbrB1V1dRD1QHAhwevYxVnHta 发送一次邮件
24-07-12.20:02:37.608 [scheduling-1    ] INFO  GetNewData             - 定时任务扫描的keys:["user_info_UID_YRaZptE7mQpwqkV5XIr1hucsQ2Tx","user_info_UID_i2KXTMg5g6nhAOgWQwo1itlwHnQz","user_info_UID_jLKtbrB1V1dRD1QHAhwevYxVnHta","user_info_UID_7BEJWP7AxUUljdrjgyhwOyciCmBk","user_info_UID_AgHySDtRKqqo3wYuiOqwfpTQjKfk","user_info_UID_JAKoivK8LhMRNZ4hWIk6YFGXKa9u","user_info_UID_NNikwAIyX4nVsg5ShvytR5T73XAZ"]
24-07-12.20:02:40.590 [scheduling-1    ] INFO  GetNewData             - 定时任务扫描的keys:["user_info_UID_YRaZptE7mQpwqkV5XIr1hucsQ2Tx","user_info_UID_i2KXTMg5g6nhAOgWQwo1itlwHnQz","user_info_UID_jLKtbrB1V1dRD1QHAhwevYxVnHta","user_info_UID_7BEJWP7AxUUljdrjgyhwOyciCmBk","user_info_UID_AgHySDtRKqqo3wYuiOqwfpTQjKfk","user_info_UID_JAKoivK8LhMRNZ4hWIk6YFGXKa9u","user_info_UID_NNikwAIyX4nVsg5ShvytR5T73XAZ"]
24-07-12.20:02:43.588 [scheduling-1    ] INFO  GetNewData             - 定时任务扫描的keys:["user_info_UID_YRaZptE7mQpwqkV5XIr1hucsQ2Tx","user_info_UID_i2KXTMg5g6nhAOgWQwo1itlwHnQz","user_info_UID_jLKtbrB1V1dRD1QHAhwevYxVnHta","user_info_UID_7BEJWP7AxUUljdrjgyhwOyciCmBk","user_info_UID_AgHySDtRKqqo3wYuiOqwfpTQjKfk","user_info_UID_JAKoivK8LhMRNZ4hWIk6YFGXKa9u","user_info_UID_NNikwAIyX4nVsg5ShvytR5T73XAZ"]
24-07-12.20:02:46.586 [scheduling-1    ] INFO  GetNewData             - 定时任务扫描的keys:["user_info_UID_YRaZptE7mQpwqkV5XIr1hucsQ2Tx","user_info_UID_i2KXTMg5g6nhAOgWQwo1itlwHnQz","user_info_UID_jLKtbrB1V1dRD1QHAhwevYxVnHta","user_info_UID_7BEJWP7AxUUljdrjgyhwOyciCmBk","user_info_UID_AgHySDtRKqqo3wYuiOqwfpTQjKfk","user_info_UID_JAKoivK8LhMRNZ4hWIk6YFGXKa9u","user_info_UID_NNikwAIyX4nVsg5ShvytR5T73XAZ"]
24-07-12.20:02:49.600 [scheduling-1    ] INFO  GetNewData             - 定时任务扫描的keys:["user_info_UID_YRaZptE7mQpwqkV5XIr1hucsQ2Tx","user_info_UID_i2KXTMg5g6nhAOgWQwo1itlwHnQz","user_info_UID_jLKtbrB1V1dRD1QHAhwevYxVnHta","user_info_UID_7BEJWP7AxUUljdrjgyhwOyciCmBk","user_info_UID_AgHySDtRKqqo3wYuiOqwfpTQjKfk","user_info_UID_JAKoivK8LhMRNZ4hWIk6YFGXKa9u","user_info_UID_NNikwAIyX4nVsg5ShvytR5T73XAZ"]
24-07-12.20:02:52.580 [scheduling-1    ] INFO  GetNewData             - 定时任务扫描的keys:["user_info_UID_YRaZptE7mQpwqkV5XIr1hucsQ2Tx","user_info_UID_i2KXTMg5g6nhAOgWQwo1itlwHnQz","user_info_UID_jLKtbrB1V1dRD1QHAhwevYxVnHta","user_info_UID_7BEJWP7AxUUljdrjgyhwOyciCmBk","user_info_UID_AgHySDtRKqqo3wYuiOqwfpTQjKfk","user_info_UID_JAKoivK8LhMRNZ4hWIk6YFGXKa9u","user_info_UID_NNikwAIyX4nVsg5ShvytR5T73XAZ"]
24-07-12.20:02:55.610 [scheduling-1    ] INFO  GetNewData             - 定时任务扫描的keys:["user_info_UID_YRaZptE7mQpwqkV5XIr1hucsQ2Tx","user_info_UID_i2KXTMg5g6nhAOgWQwo1itlwHnQz","user_info_UID_jLKtbrB1V1dRD1QHAhwevYxVnHta","user_info_UID_7BEJWP7AxUUljdrjgyhwOyciCmBk","user_info_UID_AgHySDtRKqqo3wYuiOqwfpTQjKfk","user_info_UID_JAKoivK8LhMRNZ4hWIk6YFGXKa9u","user_info_UID_NNikwAIyX4nVsg5ShvytR5T73XAZ"]
24-07-12.20:02:58.583 [scheduling-1    ] INFO  GetNewData             - 定时任务扫描的keys:["user_info_UID_YRaZptE7mQpwqkV5XIr1hucsQ2Tx","user_info_UID_i2KXTMg5g6nhAOgWQwo1itlwHnQz","user_info_UID_jLKtbrB1V1dRD1QHAhwevYxVnHta","user_info_UID_7BEJWP7AxUUljdrjgyhwOyciCmBk","user_info_UID_AgHySDtRKqqo3wYuiOqwfpTQjKfk","user_info_UID_JAKoivK8LhMRNZ4hWIk6YFGXKa9u","user_info_UID_NNikwAIyX4nVsg5ShvytR5T73XAZ"]
24-07-12.20:03:01.586 [scheduling-1    ] INFO  GetNewData             - 定时任务扫描的keys:["user_info_UID_YRaZptE7mQpwqkV5XIr1hucsQ2Tx","user_info_UID_i2KXTMg5g6nhAOgWQwo1itlwHnQz","user_info_UID_jLKtbrB1V1dRD1QHAhwevYxVnHta","user_info_UID_7BEJWP7AxUUljdrjgyhwOyciCmBk","user_info_UID_AgHySDtRKqqo3wYuiOqwfpTQjKfk","user_info_UID_JAKoivK8LhMRNZ4hWIk6YFGXKa9u","user_info_UID_NNikwAIyX4nVsg5ShvytR5T73XAZ"]
24-07-12.20:03:04.583 [scheduling-1    ] INFO  GetNewData             - 定时任务扫描的keys:["user_info_UID_YRaZptE7mQpwqkV5XIr1hucsQ2Tx","user_info_UID_i2KXTMg5g6nhAOgWQwo1itlwHnQz","user_info_UID_jLKtbrB1V1dRD1QHAhwevYxVnHta","user_info_UID_7BEJWP7AxUUljdrjgyhwOyciCmBk","user_info_UID_AgHySDtRKqqo3wYuiOqwfpTQjKfk","user_info_UID_JAKoivK8LhMRNZ4hWIk6YFGXKa9u","user_info_UID_NNikwAIyX4nVsg5ShvytR5T73XAZ"]
24-07-12.20:03:07.578 [scheduling-1    ] INFO  GetNewData             - 定时任务扫描的keys:["user_info_UID_YRaZptE7mQpwqkV5XIr1hucsQ2Tx","user_info_UID_i2KXTMg5g6nhAOgWQwo1itlwHnQz","user_info_UID_jLKtbrB1V1dRD1QHAhwevYxVnHta","user_info_UID_7BEJWP7AxUUljdrjgyhwOyciCmBk","user_info_UID_AgHySDtRKqqo3wYuiOqwfpTQjKfk","user_info_UID_JAKoivK8LhMRNZ4hWIk6YFGXKa9u","user_info_UID_NNikwAIyX4nVsg5ShvytR5T73XAZ"]
24-07-12.20:03:10.593 [scheduling-1    ] INFO  GetNewData             - 定时任务扫描的keys:["user_info_UID_YRaZptE7mQpwqkV5XIr1hucsQ2Tx","user_info_UID_i2KXTMg5g6nhAOgWQwo1itlwHnQz","user_info_UID_jLKtbrB1V1dRD1QHAhwevYxVnHta","user_info_UID_7BEJWP7AxUUljdrjgyhwOyciCmBk","user_info_UID_AgHySDtRKqqo3wYuiOqwfpTQjKfk","user_info_UID_JAKoivK8LhMRNZ4hWIk6YFGXKa9u","user_info_UID_NNikwAIyX4nVsg5ShvytR5T73XAZ"]
24-07-12.20:03:13.613 [scheduling-1    ] INFO  GetNewData             - 定时任务扫描的keys:["user_info_UID_YRaZptE7mQpwqkV5XIr1hucsQ2Tx","user_info_UID_i2KXTMg5g6nhAOgWQwo1itlwHnQz","user_info_UID_jLKtbrB1V1dRD1QHAhwevYxVnHta","user_info_UID_7BEJWP7AxUUljdrjgyhwOyciCmBk","user_info_UID_AgHySDtRKqqo3wYuiOqwfpTQjKfk","user_info_UID_JAKoivK8LhMRNZ4hWIk6YFGXKa9u","user_info_UID_NNikwAIyX4nVsg5ShvytR5T73XAZ"]
24-07-12.20:03:16.589 [scheduling-1    ] INFO  GetNewData             - 定时任务扫描的keys:["user_info_UID_YRaZptE7mQpwqkV5XIr1hucsQ2Tx","user_info_UID_i2KXTMg5g6nhAOgWQwo1itlwHnQz","user_info_UID_jLKtbrB1V1dRD1QHAhwevYxVnHta","user_info_UID_7BEJWP7AxUUljdrjgyhwOyciCmBk","user_info_UID_AgHySDtRKqqo3wYuiOqwfpTQjKfk","user_info_UID_JAKoivK8LhMRNZ4hWIk6YFGXKa9u","user_info_UID_NNikwAIyX4nVsg5ShvytR5T73XAZ"]
24-07-12.20:03:19.614 [scheduling-1    ] INFO  GetNewData             - 定时任务扫描的keys:["user_info_UID_YRaZptE7mQpwqkV5XIr1hucsQ2Tx","user_info_UID_i2KXTMg5g6nhAOgWQwo1itlwHnQz","user_info_UID_jLKtbrB1V1dRD1QHAhwevYxVnHta","user_info_UID_7BEJWP7AxUUljdrjgyhwOyciCmBk","user_info_UID_AgHySDtRKqqo3wYuiOqwfpTQjKfk","user_info_UID_JAKoivK8LhMRNZ4hWIk6YFGXKa9u","user_info_UID_NNikwAIyX4nVsg5ShvytR5T73XAZ"]
24-07-12.20:03:22.586 [scheduling-1    ] INFO  GetNewData             - 定时任务扫描的keys:["user_info_UID_YRaZptE7mQpwqkV5XIr1hucsQ2Tx","user_info_UID_i2KXTMg5g6nhAOgWQwo1itlwHnQz","user_info_UID_jLKtbrB1V1dRD1QHAhwevYxVnHta","user_info_UID_7BEJWP7AxUUljdrjgyhwOyciCmBk","user_info_UID_AgHySDtRKqqo3wYuiOqwfpTQjKfk","user_info_UID_JAKoivK8LhMRNZ4hWIk6YFGXKa9u","user_info_UID_NNikwAIyX4nVsg5ShvytR5T73XAZ"]
24-07-12.20:03:25.585 [scheduling-1    ] INFO  GetNewData             - 定时任务扫描的keys:["user_info_UID_YRaZptE7mQpwqkV5XIr1hucsQ2Tx","user_info_UID_i2KXTMg5g6nhAOgWQwo1itlwHnQz","user_info_UID_jLKtbrB1V1dRD1QHAhwevYxVnHta","user_info_UID_7BEJWP7AxUUljdrjgyhwOyciCmBk","user_info_UID_AgHySDtRKqqo3wYuiOqwfpTQjKfk","user_info_UID_JAKoivK8LhMRNZ4hWIk6YFGXKa9u","user_info_UID_NNikwAIyX4nVsg5ShvytR5T73XAZ"]
24-07-12.20:03:28.647 [scheduling-1    ] INFO  GetNewData             - 定时任务扫描的keys:["user_info_UID_YRaZptE7mQpwqkV5XIr1hucsQ2Tx","user_info_UID_i2KXTMg5g6nhAOgWQwo1itlwHnQz","user_info_UID_jLKtbrB1V1dRD1QHAhwevYxVnHta","user_info_UID_7BEJWP7AxUUljdrjgyhwOyciCmBk","user_info_UID_AgHySDtRKqqo3wYuiOqwfpTQjKfk","user_info_UID_JAKoivK8LhMRNZ4hWIk6YFGXKa9u","user_info_UID_NNikwAIyX4nVsg5ShvytR5T73XAZ"]
24-07-12.20:03:31.616 [scheduling-1    ] INFO  GetNewData             - 定时任务扫描的keys:["user_info_UID_YRaZptE7mQpwqkV5XIr1hucsQ2Tx","user_info_UID_i2KXTMg5g6nhAOgWQwo1itlwHnQz","user_info_UID_jLKtbrB1V1dRD1QHAhwevYxVnHta","user_info_UID_7BEJWP7AxUUljdrjgyhwOyciCmBk","user_info_UID_AgHySDtRKqqo3wYuiOqwfpTQjKfk","user_info_UID_JAKoivK8LhMRNZ4hWIk6YFGXKa9u","user_info_UID_NNikwAIyX4nVsg5ShvytR5T73XAZ"]
24-07-12.20:03:34.610 [scheduling-1    ] INFO  GetNewData             - 定时任务扫描的keys:["user_info_UID_YRaZptE7mQpwqkV5XIr1hucsQ2Tx","user_info_UID_i2KXTMg5g6nhAOgWQwo1itlwHnQz","user_info_UID_jLKtbrB1V1dRD1QHAhwevYxVnHta","user_info_UID_7BEJWP7AxUUljdrjgyhwOyciCmBk","user_info_UID_AgHySDtRKqqo3wYuiOqwfpTQjKfk","user_info_UID_JAKoivK8LhMRNZ4hWIk6YFGXKa9u","user_info_UID_NNikwAIyX4nVsg5ShvytR5T73XAZ"]
24-07-12.20:03:37.975 [scheduling-1    ] INFO  GetNewData             - 定时任务扫描的keys:["user_info_UID_YRaZptE7mQpwqkV5XIr1hucsQ2Tx","user_info_UID_i2KXTMg5g6nhAOgWQwo1itlwHnQz","user_info_UID_jLKtbrB1V1dRD1QHAhwevYxVnHta","user_info_UID_7BEJWP7AxUUljdrjgyhwOyciCmBk","user_info_UID_AgHySDtRKqqo3wYuiOqwfpTQjKfk","user_info_UID_JAKoivK8LhMRNZ4hWIk6YFGXKa9u","user_info_UID_NNikwAIyX4nVsg5ShvytR5T73XAZ"]
24-07-12.20:03:40.844 [scheduling-1    ] INFO  GetNewData             - 定时任务扫描的keys:["user_info_UID_YRaZptE7mQpwqkV5XIr1hucsQ2Tx","user_info_UID_i2KXTMg5g6nhAOgWQwo1itlwHnQz","user_info_UID_jLKtbrB1V1dRD1QHAhwevYxVnHta","user_info_UID_7BEJWP7AxUUljdrjgyhwOyciCmBk","user_info_UID_AgHySDtRKqqo3wYuiOqwfpTQjKfk","user_info_UID_JAKoivK8LhMRNZ4hWIk6YFGXKa9u","user_info_UID_NNikwAIyX4nVsg5ShvytR5T73XAZ"]
24-07-12.20:03:43.807 [scheduling-1    ] INFO  GetNewData             - 定时任务扫描的keys:["user_info_UID_YRaZptE7mQpwqkV5XIr1hucsQ2Tx","user_info_UID_i2KXTMg5g6nhAOgWQwo1itlwHnQz","user_info_UID_jLKtbrB1V1dRD1QHAhwevYxVnHta","user_info_UID_7BEJWP7AxUUljdrjgyhwOyciCmBk","user_info_UID_AgHySDtRKqqo3wYuiOqwfpTQjKfk","user_info_UID_JAKoivK8LhMRNZ4hWIk6YFGXKa9u","user_info_UID_NNikwAIyX4nVsg5ShvytR5T73XAZ"]
24-07-12.20:03:46.776 [scheduling-1    ] INFO  GetNewData             - 定时任务扫描的keys:["user_info_UID_YRaZptE7mQpwqkV5XIr1hucsQ2Tx","user_info_UID_i2KXTMg5g6nhAOgWQwo1itlwHnQz","user_info_UID_jLKtbrB1V1dRD1QHAhwevYxVnHta","user_info_UID_7BEJWP7AxUUljdrjgyhwOyciCmBk","user_info_UID_AgHySDtRKqqo3wYuiOqwfpTQjKfk","user_info_UID_JAKoivK8LhMRNZ4hWIk6YFGXKa9u","user_info_UID_NNikwAIyX4nVsg5ShvytR5T73XAZ"]
24-07-12.20:03:49.953 [scheduling-1    ] INFO  GetNewData             - 定时任务扫描的keys:["user_info_UID_YRaZptE7mQpwqkV5XIr1hucsQ2Tx","user_info_UID_i2KXTMg5g6nhAOgWQwo1itlwHnQz","user_info_UID_jLKtbrB1V1dRD1QHAhwevYxVnHta","user_info_UID_7BEJWP7AxUUljdrjgyhwOyciCmBk","user_info_UID_AgHySDtRKqqo3wYuiOqwfpTQjKfk","user_info_UID_JAKoivK8LhMRNZ4hWIk6YFGXKa9u","user_info_UID_NNikwAIyX4nVsg5ShvytR5T73XAZ"]
24-07-12.20:03:52.923 [scheduling-1    ] INFO  GetNewData             - 定时任务扫描的keys:["user_info_UID_YRaZptE7mQpwqkV5XIr1hucsQ2Tx","user_info_UID_i2KXTMg5g6nhAOgWQwo1itlwHnQz","user_info_UID_jLKtbrB1V1dRD1QHAhwevYxVnHta","user_info_UID_7BEJWP7AxUUljdrjgyhwOyciCmBk","user_info_UID_AgHySDtRKqqo3wYuiOqwfpTQjKfk","user_info_UID_JAKoivK8LhMRNZ4hWIk6YFGXKa9u","user_info_UID_NNikwAIyX4nVsg5ShvytR5T73XAZ"]
24-07-12.20:03:55.892 [scheduling-1    ] INFO  GetNewData             - 定时任务扫描的keys:["user_info_UID_YRaZptE7mQpwqkV5XIr1hucsQ2Tx","user_info_UID_i2KXTMg5g6nhAOgWQwo1itlwHnQz","user_info_UID_jLKtbrB1V1dRD1QHAhwevYxVnHta","user_info_UID_7BEJWP7AxUUljdrjgyhwOyciCmBk","user_info_UID_AgHySDtRKqqo3wYuiOqwfpTQjKfk","user_info_UID_JAKoivK8LhMRNZ4hWIk6YFGXKa9u","user_info_UID_NNikwAIyX4nVsg5ShvytR5T73XAZ"]
24-07-12.20:03:58.867 [scheduling-1    ] INFO  GetNewData             - 定时任务扫描的keys:["user_info_UID_YRaZptE7mQpwqkV5XIr1hucsQ2Tx","user_info_UID_i2KXTMg5g6nhAOgWQwo1itlwHnQz","user_info_UID_jLKtbrB1V1dRD1QHAhwevYxVnHta","user_info_UID_7BEJWP7AxUUljdrjgyhwOyciCmBk","user_info_UID_AgHySDtRKqqo3wYuiOqwfpTQjKfk","user_info_UID_JAKoivK8LhMRNZ4hWIk6YFGXKa9u","user_info_UID_NNikwAIyX4nVsg5ShvytR5T73XAZ"]
24-07-12.20:04:01.934 [scheduling-1    ] INFO  GetNewData             - 定时任务扫描的keys:["user_info_UID_YRaZptE7mQpwqkV5XIr1hucsQ2Tx","user_info_UID_i2KXTMg5g6nhAOgWQwo1itlwHnQz","user_info_UID_jLKtbrB1V1dRD1QHAhwevYxVnHta","user_info_UID_7BEJWP7AxUUljdrjgyhwOyciCmBk","user_info_UID_AgHySDtRKqqo3wYuiOqwfpTQjKfk","user_info_UID_JAKoivK8LhMRNZ4hWIk6YFGXKa9u","user_info_UID_NNikwAIyX4nVsg5ShvytR5T73XAZ"]
24-07-12.20:04:04.907 [scheduling-1    ] INFO  GetNewData             - 定时任务扫描的keys:["user_info_UID_YRaZptE7mQpwqkV5XIr1hucsQ2Tx","user_info_UID_i2KXTMg5g6nhAOgWQwo1itlwHnQz","user_info_UID_jLKtbrB1V1dRD1QHAhwevYxVnHta","user_info_UID_7BEJWP7AxUUljdrjgyhwOyciCmBk","user_info_UID_AgHySDtRKqqo3wYuiOqwfpTQjKfk","user_info_UID_JAKoivK8LhMRNZ4hWIk6YFGXKa9u","user_info_UID_NNikwAIyX4nVsg5ShvytR5T73XAZ"]
24-07-12.20:04:07.644 [scheduling-1    ] INFO  GetNewData             - 定时任务扫描的keys:["user_info_UID_YRaZptE7mQpwqkV5XIr1hucsQ2Tx","user_info_UID_i2KXTMg5g6nhAOgWQwo1itlwHnQz","user_info_UID_jLKtbrB1V1dRD1QHAhwevYxVnHta","user_info_UID_7BEJWP7AxUUljdrjgyhwOyciCmBk","user_info_UID_AgHySDtRKqqo3wYuiOqwfpTQjKfk","user_info_UID_JAKoivK8LhMRNZ4hWIk6YFGXKa9u","user_info_UID_NNikwAIyX4nVsg5ShvytR5T73XAZ"]
24-07-12.20:04:10.674 [scheduling-1    ] INFO  GetNewData             - 定时任务扫描的keys:["user_info_UID_YRaZptE7mQpwqkV5XIr1hucsQ2Tx","user_info_UID_i2KXTMg5g6nhAOgWQwo1itlwHnQz","user_info_UID_jLKtbrB1V1dRD1QHAhwevYxVnHta","user_info_UID_7BEJWP7AxUUljdrjgyhwOyciCmBk","user_info_UID_AgHySDtRKqqo3wYuiOqwfpTQjKfk","user_info_UID_JAKoivK8LhMRNZ4hWIk6YFGXKa9u","user_info_UID_NNikwAIyX4nVsg5ShvytR5T73XAZ"]
24-07-12.20:04:13.740 [scheduling-1    ] INFO  GetNewData             - 定时任务扫描的keys:["user_info_UID_YRaZptE7mQpwqkV5XIr1hucsQ2Tx","user_info_UID_i2KXTMg5g6nhAOgWQwo1itlwHnQz","user_info_UID_jLKtbrB1V1dRD1QHAhwevYxVnHta","user_info_UID_7BEJWP7AxUUljdrjgyhwOyciCmBk","user_info_UID_AgHySDtRKqqo3wYuiOqwfpTQjKfk","user_info_UID_JAKoivK8LhMRNZ4hWIk6YFGXKa9u","user_info_UID_NNikwAIyX4nVsg5ShvytR5T73XAZ"]
24-07-12.20:04:16.674 [scheduling-1    ] INFO  GetNewData             - 定时任务扫描的keys:["user_info_UID_YRaZptE7mQpwqkV5XIr1hucsQ2Tx","user_info_UID_i2KXTMg5g6nhAOgWQwo1itlwHnQz","user_info_UID_jLKtbrB1V1dRD1QHAhwevYxVnHta","user_info_UID_7BEJWP7AxUUljdrjgyhwOyciCmBk","user_info_UID_AgHySDtRKqqo3wYuiOqwfpTQjKfk","user_info_UID_JAKoivK8LhMRNZ4hWIk6YFGXKa9u","user_info_UID_NNikwAIyX4nVsg5ShvytR5T73XAZ"]
24-07-12.20:04:19.755 [scheduling-1    ] INFO  GetNewData             - 定时任务扫描的keys:["user_info_UID_YRaZptE7mQpwqkV5XIr1hucsQ2Tx","user_info_UID_i2KXTMg5g6nhAOgWQwo1itlwHnQz","user_info_UID_jLKtbrB1V1dRD1QHAhwevYxVnHta","user_info_UID_7BEJWP7AxUUljdrjgyhwOyciCmBk","user_info_UID_AgHySDtRKqqo3wYuiOqwfpTQjKfk","user_info_UID_JAKoivK8LhMRNZ4hWIk6YFGXKa9u","user_info_UID_NNikwAIyX4nVsg5ShvytR5T73XAZ"]
24-07-12.20:04:22.696 [scheduling-1    ] INFO  GetNewData             - 定时任务扫描的keys:["user_info_UID_YRaZptE7mQpwqkV5XIr1hucsQ2Tx","user_info_UID_i2KXTMg5g6nhAOgWQwo1itlwHnQz","user_info_UID_jLKtbrB1V1dRD1QHAhwevYxVnHta","user_info_UID_7BEJWP7AxUUljdrjgyhwOyciCmBk","user_info_UID_AgHySDtRKqqo3wYuiOqwfpTQjKfk","user_info_UID_JAKoivK8LhMRNZ4hWIk6YFGXKa9u","user_info_UID_NNikwAIyX4nVsg5ShvytR5T73XAZ"]
24-07-12.20:04:25.998 [scheduling-1    ] INFO  GetNewData             - 定时任务扫描的keys:["user_info_UID_YRaZptE7mQpwqkV5XIr1hucsQ2Tx","user_info_UID_i2KXTMg5g6nhAOgWQwo1itlwHnQz","user_info_UID_jLKtbrB1V1dRD1QHAhwevYxVnHta","user_info_UID_7BEJWP7AxUUljdrjgyhwOyciCmBk","user_info_UID_AgHySDtRKqqo3wYuiOqwfpTQjKfk","user_info_UID_JAKoivK8LhMRNZ4hWIk6YFGXKa9u","user_info_UID_NNikwAIyX4nVsg5ShvytR5T73XAZ"]
24-07-12.20:04:28.716 [scheduling-1    ] INFO  GetNewData             - 定时任务扫描的keys:["user_info_UID_YRaZptE7mQpwqkV5XIr1hucsQ2Tx","user_info_UID_i2KXTMg5g6nhAOgWQwo1itlwHnQz","user_info_UID_jLKtbrB1V1dRD1QHAhwevYxVnHta","user_info_UID_7BEJWP7AxUUljdrjgyhwOyciCmBk","user_info_UID_AgHySDtRKqqo3wYuiOqwfpTQjKfk","user_info_UID_JAKoivK8LhMRNZ4hWIk6YFGXKa9u","user_info_UID_NNikwAIyX4nVsg5ShvytR5T73XAZ"]
24-07-12.20:04:31.685 [scheduling-1    ] INFO  GetNewData             - 定时任务扫描的keys:["user_info_UID_YRaZptE7mQpwqkV5XIr1hucsQ2Tx","user_info_UID_i2KXTMg5g6nhAOgWQwo1itlwHnQz","user_info_UID_jLKtbrB1V1dRD1QHAhwevYxVnHta","user_info_UID_7BEJWP7AxUUljdrjgyhwOyciCmBk","user_info_UID_AgHySDtRKqqo3wYuiOqwfpTQjKfk","user_info_UID_JAKoivK8LhMRNZ4hWIk6YFGXKa9u","user_info_UID_NNikwAIyX4nVsg5ShvytR5T73XAZ"]
24-07-12.20:04:34.830 [scheduling-1    ] INFO  GetNewData             - 定时任务扫描的keys:["user_info_UID_YRaZptE7mQpwqkV5XIr1hucsQ2Tx","user_info_UID_i2KXTMg5g6nhAOgWQwo1itlwHnQz","user_info_UID_jLKtbrB1V1dRD1QHAhwevYxVnHta","user_info_UID_7BEJWP7AxUUljdrjgyhwOyciCmBk","user_info_UID_AgHySDtRKqqo3wYuiOqwfpTQjKfk","user_info_UID_JAKoivK8LhMRNZ4hWIk6YFGXKa9u","user_info_UID_NNikwAIyX4nVsg5ShvytR5T73XAZ"]
24-07-12.20:04:37.678 [scheduling-1    ] INFO  GetNewData             - 定时任务扫描的keys:["user_info_UID_YRaZptE7mQpwqkV5XIr1hucsQ2Tx","user_info_UID_i2KXTMg5g6nhAOgWQwo1itlwHnQz","user_info_UID_jLKtbrB1V1dRD1QHAhwevYxVnHta","user_info_UID_7BEJWP7AxUUljdrjgyhwOyciCmBk","user_info_UID_AgHySDtRKqqo3wYuiOqwfpTQjKfk","user_info_UID_JAKoivK8LhMRNZ4hWIk6YFGXKa9u","user_info_UID_NNikwAIyX4nVsg5ShvytR5T73XAZ"]
24-07-12.20:04:40.717 [scheduling-1    ] INFO  GetNewData             - 定时任务扫描的keys:["user_info_UID_YRaZptE7mQpwqkV5XIr1hucsQ2Tx","user_info_UID_i2KXTMg5g6nhAOgWQwo1itlwHnQz","user_info_UID_jLKtbrB1V1dRD1QHAhwevYxVnHta","user_info_UID_7BEJWP7AxUUljdrjgyhwOyciCmBk","user_info_UID_AgHySDtRKqqo3wYuiOqwfpTQjKfk","user_info_UID_JAKoivK8LhMRNZ4hWIk6YFGXKa9u","user_info_UID_NNikwAIyX4nVsg5ShvytR5T73XAZ"]
24-07-12.20:04:43.659 [scheduling-1    ] INFO  GetNewData             - 定时任务扫描的keys:["user_info_UID_YRaZptE7mQpwqkV5XIr1hucsQ2Tx","user_info_UID_i2KXTMg5g6nhAOgWQwo1itlwHnQz","user_info_UID_jLKtbrB1V1dRD1QHAhwevYxVnHta","user_info_UID_7BEJWP7AxUUljdrjgyhwOyciCmBk","user_info_UID_AgHySDtRKqqo3wYuiOqwfpTQjKfk","user_info_UID_JAKoivK8LhMRNZ4hWIk6YFGXKa9u","user_info_UID_NNikwAIyX4nVsg5ShvytR5T73XAZ"]
24-07-12.20:04:46.738 [scheduling-1    ] INFO  GetNewData             - 定时任务扫描的keys:["user_info_UID_YRaZptE7mQpwqkV5XIr1hucsQ2Tx","user_info_UID_i2KXTMg5g6nhAOgWQwo1itlwHnQz","user_info_UID_jLKtbrB1V1dRD1QHAhwevYxVnHta","user_info_UID_7BEJWP7AxUUljdrjgyhwOyciCmBk","user_info_UID_AgHySDtRKqqo3wYuiOqwfpTQjKfk","user_info_UID_JAKoivK8LhMRNZ4hWIk6YFGXKa9u","user_info_UID_NNikwAIyX4nVsg5ShvytR5T73XAZ"]
24-07-12.20:04:49.831 [scheduling-1    ] INFO  GetNewData             - 定时任务扫描的keys:["user_info_UID_YRaZptE7mQpwqkV5XIr1hucsQ2Tx","user_info_UID_i2KXTMg5g6nhAOgWQwo1itlwHnQz","user_info_UID_jLKtbrB1V1dRD1QHAhwevYxVnHta","user_info_UID_7BEJWP7AxUUljdrjgyhwOyciCmBk","user_info_UID_AgHySDtRKqqo3wYuiOqwfpTQjKfk","user_info_UID_JAKoivK8LhMRNZ4hWIk6YFGXKa9u","user_info_UID_NNikwAIyX4nVsg5ShvytR5T73XAZ"]
24-07-12.20:04:52.711 [scheduling-1    ] INFO  GetNewData             - 定时任务扫描的keys:["user_info_UID_YRaZptE7mQpwqkV5XIr1hucsQ2Tx","user_info_UID_i2KXTMg5g6nhAOgWQwo1itlwHnQz","user_info_UID_jLKtbrB1V1dRD1QHAhwevYxVnHta","user_info_UID_7BEJWP7AxUUljdrjgyhwOyciCmBk","user_info_UID_AgHySDtRKqqo3wYuiOqwfpTQjKfk","user_info_UID_JAKoivK8LhMRNZ4hWIk6YFGXKa9u","user_info_UID_NNikwAIyX4nVsg5ShvytR5T73XAZ"]
24-07-12.20:04:55.755 [scheduling-1    ] INFO  GetNewData             - 定时任务扫描的keys:["user_info_UID_YRaZptE7mQpwqkV5XIr1hucsQ2Tx","user_info_UID_i2KXTMg5g6nhAOgWQwo1itlwHnQz","user_info_UID_jLKtbrB1V1dRD1QHAhwevYxVnHta","user_info_UID_7BEJWP7AxUUljdrjgyhwOyciCmBk","user_info_UID_AgHySDtRKqqo3wYuiOqwfpTQjKfk","user_info_UID_JAKoivK8LhMRNZ4hWIk6YFGXKa9u","user_info_UID_NNikwAIyX4nVsg5ShvytR5T73XAZ"]
24-07-12.20:04:58.713 [scheduling-1    ] INFO  GetNewData             - 定时任务扫描的keys:["user_info_UID_YRaZptE7mQpwqkV5XIr1hucsQ2Tx","user_info_UID_i2KXTMg5g6nhAOgWQwo1itlwHnQz","user_info_UID_jLKtbrB1V1dRD1QHAhwevYxVnHta","user_info_UID_7BEJWP7AxUUljdrjgyhwOyciCmBk","user_info_UID_AgHySDtRKqqo3wYuiOqwfpTQjKfk","user_info_UID_JAKoivK8LhMRNZ4hWIk6YFGXKa9u","user_info_UID_NNikwAIyX4nVsg5ShvytR5T73XAZ"]
24-07-12.20:05:01.832 [scheduling-1    ] INFO  GetNewData             - 定时任务扫描的keys:["user_info_UID_YRaZptE7mQpwqkV5XIr1hucsQ2Tx","user_info_UID_i2KXTMg5g6nhAOgWQwo1itlwHnQz","user_info_UID_jLKtbrB1V1dRD1QHAhwevYxVnHta","user_info_UID_7BEJWP7AxUUljdrjgyhwOyciCmBk","user_info_UID_AgHySDtRKqqo3wYuiOqwfpTQjKfk","user_info_UID_JAKoivK8LhMRNZ4hWIk6YFGXKa9u","user_info_UID_NNikwAIyX4nVsg5ShvytR5T73XAZ"]
24-07-12.20:05:04.800 [scheduling-1    ] INFO  GetNewData             - 定时任务扫描的keys:["user_info_UID_YRaZptE7mQpwqkV5XIr1hucsQ2Tx","user_info_UID_i2KXTMg5g6nhAOgWQwo1itlwHnQz","user_info_UID_jLKtbrB1V1dRD1QHAhwevYxVnHta","user_info_UID_7BEJWP7AxUUljdrjgyhwOyciCmBk","user_info_UID_AgHySDtRKqqo3wYuiOqwfpTQjKfk","user_info_UID_JAKoivK8LhMRNZ4hWIk6YFGXKa9u","user_info_UID_NNikwAIyX4nVsg5ShvytR5T73XAZ"]
24-07-12.20:05:07.761 [scheduling-1    ] INFO  GetNewData             - 定时任务扫描的keys:["user_info_UID_YRaZptE7mQpwqkV5XIr1hucsQ2Tx","user_info_UID_i2KXTMg5g6nhAOgWQwo1itlwHnQz","user_info_UID_jLKtbrB1V1dRD1QHAhwevYxVnHta","user_info_UID_7BEJWP7AxUUljdrjgyhwOyciCmBk","user_info_UID_AgHySDtRKqqo3wYuiOqwfpTQjKfk","user_info_UID_JAKoivK8LhMRNZ4hWIk6YFGXKa9u","user_info_UID_NNikwAIyX4nVsg5ShvytR5T73XAZ"]
24-07-12.20:05:10.750 [scheduling-1    ] INFO  GetNewData             - 定时任务扫描的keys:["user_info_UID_YRaZptE7mQpwqkV5XIr1hucsQ2Tx","user_info_UID_i2KXTMg5g6nhAOgWQwo1itlwHnQz","user_info_UID_jLKtbrB1V1dRD1QHAhwevYxVnHta","user_info_UID_7BEJWP7AxUUljdrjgyhwOyciCmBk","user_info_UID_AgHySDtRKqqo3wYuiOqwfpTQjKfk","user_info_UID_JAKoivK8LhMRNZ4hWIk6YFGXKa9u","user_info_UID_NNikwAIyX4nVsg5ShvytR5T73XAZ"]
24-07-12.20:05:13.713 [scheduling-1    ] INFO  GetNewData             - 定时任务扫描的keys:["user_info_UID_YRaZptE7mQpwqkV5XIr1hucsQ2Tx","user_info_UID_i2KXTMg5g6nhAOgWQwo1itlwHnQz","user_info_UID_jLKtbrB1V1dRD1QHAhwevYxVnHta","user_info_UID_7BEJWP7AxUUljdrjgyhwOyciCmBk","user_info_UID_AgHySDtRKqqo3wYuiOqwfpTQjKfk","user_info_UID_JAKoivK8LhMRNZ4hWIk6YFGXKa9u","user_info_UID_NNikwAIyX4nVsg5ShvytR5T73XAZ"]
24-07-12.20:05:16.727 [scheduling-1    ] INFO  GetNewData             - 定时任务扫描的keys:["user_info_UID_YRaZptE7mQpwqkV5XIr1hucsQ2Tx","user_info_UID_i2KXTMg5g6nhAOgWQwo1itlwHnQz","user_info_UID_jLKtbrB1V1dRD1QHAhwevYxVnHta","user_info_UID_7BEJWP7AxUUljdrjgyhwOyciCmBk","user_info_UID_AgHySDtRKqqo3wYuiOqwfpTQjKfk","user_info_UID_JAKoivK8LhMRNZ4hWIk6YFGXKa9u","user_info_UID_NNikwAIyX4nVsg5ShvytR5T73XAZ"]
24-07-12.20:05:19.693 [scheduling-1    ] INFO  GetNewData             - 定时任务扫描的keys:["user_info_UID_YRaZptE7mQpwqkV5XIr1hucsQ2Tx","user_info_UID_i2KXTMg5g6nhAOgWQwo1itlwHnQz","user_info_UID_jLKtbrB1V1dRD1QHAhwevYxVnHta","user_info_UID_7BEJWP7AxUUljdrjgyhwOyciCmBk","user_info_UID_AgHySDtRKqqo3wYuiOqwfpTQjKfk","user_info_UID_JAKoivK8LhMRNZ4hWIk6YFGXKa9u","user_info_UID_NNikwAIyX4nVsg5ShvytR5T73XAZ"]
24-07-12.20:05:22.672 [scheduling-1    ] INFO  GetNewData             - 定时任务扫描的keys:["user_info_UID_YRaZptE7mQpwqkV5XIr1hucsQ2Tx","user_info_UID_i2KXTMg5g6nhAOgWQwo1itlwHnQz","user_info_UID_jLKtbrB1V1dRD1QHAhwevYxVnHta","user_info_UID_7BEJWP7AxUUljdrjgyhwOyciCmBk","user_info_UID_AgHySDtRKqqo3wYuiOqwfpTQjKfk","user_info_UID_JAKoivK8LhMRNZ4hWIk6YFGXKa9u","user_info_UID_NNikwAIyX4nVsg5ShvytR5T73XAZ"]
24-07-12.20:05:25.694 [scheduling-1    ] INFO  GetNewData             - 定时任务扫描的keys:["user_info_UID_YRaZptE7mQpwqkV5XIr1hucsQ2Tx","user_info_UID_i2KXTMg5g6nhAOgWQwo1itlwHnQz","user_info_UID_jLKtbrB1V1dRD1QHAhwevYxVnHta","user_info_UID_7BEJWP7AxUUljdrjgyhwOyciCmBk","user_info_UID_AgHySDtRKqqo3wYuiOqwfpTQjKfk","user_info_UID_JAKoivK8LhMRNZ4hWIk6YFGXKa9u","user_info_UID_NNikwAIyX4nVsg5ShvytR5T73XAZ"]
24-07-12.20:05:28.766 [scheduling-1    ] INFO  GetNewData             - 定时任务扫描的keys:["user_info_UID_YRaZptE7mQpwqkV5XIr1hucsQ2Tx","user_info_UID_i2KXTMg5g6nhAOgWQwo1itlwHnQz","user_info_UID_jLKtbrB1V1dRD1QHAhwevYxVnHta","user_info_UID_7BEJWP7AxUUljdrjgyhwOyciCmBk","user_info_UID_AgHySDtRKqqo3wYuiOqwfpTQjKfk","user_info_UID_JAKoivK8LhMRNZ4hWIk6YFGXKa9u","user_info_UID_NNikwAIyX4nVsg5ShvytR5T73XAZ"]
24-07-12.20:05:31.772 [scheduling-1    ] INFO  GetNewData             - 定时任务扫描的keys:["user_info_UID_YRaZptE7mQpwqkV5XIr1hucsQ2Tx","user_info_UID_i2KXTMg5g6nhAOgWQwo1itlwHnQz","user_info_UID_jLKtbrB1V1dRD1QHAhwevYxVnHta","user_info_UID_7BEJWP7AxUUljdrjgyhwOyciCmBk","user_info_UID_AgHySDtRKqqo3wYuiOqwfpTQjKfk","user_info_UID_JAKoivK8LhMRNZ4hWIk6YFGXKa9u","user_info_UID_NNikwAIyX4nVsg5ShvytR5T73XAZ"]
24-07-12.20:05:34.655 [scheduling-1    ] INFO  GetNewData             - 定时任务扫描的keys:["user_info_UID_YRaZptE7mQpwqkV5XIr1hucsQ2Tx","user_info_UID_i2KXTMg5g6nhAOgWQwo1itlwHnQz","user_info_UID_jLKtbrB1V1dRD1QHAhwevYxVnHta","user_info_UID_7BEJWP7AxUUljdrjgyhwOyciCmBk","user_info_UID_AgHySDtRKqqo3wYuiOqwfpTQjKfk","user_info_UID_JAKoivK8LhMRNZ4hWIk6YFGXKa9u","user_info_UID_NNikwAIyX4nVsg5ShvytR5T73XAZ"]
24-07-12.20:05:37.617 [scheduling-1    ] INFO  GetNewData             - 定时任务扫描的keys:["user_info_UID_YRaZptE7mQpwqkV5XIr1hucsQ2Tx","user_info_UID_i2KXTMg5g6nhAOgWQwo1itlwHnQz","user_info_UID_jLKtbrB1V1dRD1QHAhwevYxVnHta","user_info_UID_7BEJWP7AxUUljdrjgyhwOyciCmBk","user_info_UID_AgHySDtRKqqo3wYuiOqwfpTQjKfk","user_info_UID_JAKoivK8LhMRNZ4hWIk6YFGXKa9u","user_info_UID_NNikwAIyX4nVsg5ShvytR5T73XAZ"]
24-07-12.20:05:40.704 [scheduling-1    ] INFO  GetNewData             - 定时任务扫描的keys:["user_info_UID_YRaZptE7mQpwqkV5XIr1hucsQ2Tx","user_info_UID_i2KXTMg5g6nhAOgWQwo1itlwHnQz","user_info_UID_jLKtbrB1V1dRD1QHAhwevYxVnHta","user_info_UID_7BEJWP7AxUUljdrjgyhwOyciCmBk","user_info_UID_AgHySDtRKqqo3wYuiOqwfpTQjKfk","user_info_UID_JAKoivK8LhMRNZ4hWIk6YFGXKa9u","user_info_UID_NNikwAIyX4nVsg5ShvytR5T73XAZ"]
24-07-12.20:05:43.847 [scheduling-1    ] INFO  GetNewData             - 定时任务扫描的keys:["user_info_UID_YRaZptE7mQpwqkV5XIr1hucsQ2Tx","user_info_UID_i2KXTMg5g6nhAOgWQwo1itlwHnQz","user_info_UID_jLKtbrB1V1dRD1QHAhwevYxVnHta","user_info_UID_7BEJWP7AxUUljdrjgyhwOyciCmBk","user_info_UID_AgHySDtRKqqo3wYuiOqwfpTQjKfk","user_info_UID_JAKoivK8LhMRNZ4hWIk6YFGXKa9u","user_info_UID_NNikwAIyX4nVsg5ShvytR5T73XAZ"]
24-07-12.20:05:46.765 [scheduling-1    ] INFO  GetNewData             - 定时任务扫描的keys:["user_info_UID_YRaZptE7mQpwqkV5XIr1hucsQ2Tx","user_info_UID_i2KXTMg5g6nhAOgWQwo1itlwHnQz","user_info_UID_jLKtbrB1V1dRD1QHAhwevYxVnHta","user_info_UID_7BEJWP7AxUUljdrjgyhwOyciCmBk","user_info_UID_AgHySDtRKqqo3wYuiOqwfpTQjKfk","user_info_UID_JAKoivK8LhMRNZ4hWIk6YFGXKa9u","user_info_UID_NNikwAIyX4nVsg5ShvytR5T73XAZ"]
24-07-12.20:05:49.657 [scheduling-1    ] INFO  GetNewData             - 定时任务扫描的keys:["user_info_UID_YRaZptE7mQpwqkV5XIr1hucsQ2Tx","user_info_UID_i2KXTMg5g6nhAOgWQwo1itlwHnQz","user_info_UID_jLKtbrB1V1dRD1QHAhwevYxVnHta","user_info_UID_7BEJWP7AxUUljdrjgyhwOyciCmBk","user_info_UID_AgHySDtRKqqo3wYuiOqwfpTQjKfk","user_info_UID_JAKoivK8LhMRNZ4hWIk6YFGXKa9u","user_info_UID_NNikwAIyX4nVsg5ShvytR5T73XAZ"]
24-07-12.20:05:52.684 [scheduling-1    ] INFO  GetNewData             - 定时任务扫描的keys:["user_info_UID_YRaZptE7mQpwqkV5XIr1hucsQ2Tx","user_info_UID_i2KXTMg5g6nhAOgWQwo1itlwHnQz","user_info_UID_jLKtbrB1V1dRD1QHAhwevYxVnHta","user_info_UID_7BEJWP7AxUUljdrjgyhwOyciCmBk","user_info_UID_AgHySDtRKqqo3wYuiOqwfpTQjKfk","user_info_UID_JAKoivK8LhMRNZ4hWIk6YFGXKa9u","user_info_UID_NNikwAIyX4nVsg5ShvytR5T73XAZ"]
24-07-12.20:05:55.733 [scheduling-1    ] INFO  GetNewData             - 定时任务扫描的keys:["user_info_UID_YRaZptE7mQpwqkV5XIr1hucsQ2Tx","user_info_UID_i2KXTMg5g6nhAOgWQwo1itlwHnQz","user_info_UID_jLKtbrB1V1dRD1QHAhwevYxVnHta","user_info_UID_7BEJWP7AxUUljdrjgyhwOyciCmBk","user_info_UID_AgHySDtRKqqo3wYuiOqwfpTQjKfk","user_info_UID_JAKoivK8LhMRNZ4hWIk6YFGXKa9u","user_info_UID_NNikwAIyX4nVsg5ShvytR5T73XAZ"]
24-07-12.20:05:58.860 [scheduling-1    ] INFO  GetNewData             - 定时任务扫描的keys:["user_info_UID_YRaZptE7mQpwqkV5XIr1hucsQ2Tx","user_info_UID_i2KXTMg5g6nhAOgWQwo1itlwHnQz","user_info_UID_jLKtbrB1V1dRD1QHAhwevYxVnHta","user_info_UID_7BEJWP7AxUUljdrjgyhwOyciCmBk","user_info_UID_AgHySDtRKqqo3wYuiOqwfpTQjKfk","user_info_UID_JAKoivK8LhMRNZ4hWIk6YFGXKa9u","user_info_UID_NNikwAIyX4nVsg5ShvytR5T73XAZ"]
24-07-12.20:06:01.645 [scheduling-1    ] INFO  GetNewData             - 定时任务扫描的keys:["user_info_UID_YRaZptE7mQpwqkV5XIr1hucsQ2Tx","user_info_UID_i2KXTMg5g6nhAOgWQwo1itlwHnQz","user_info_UID_jLKtbrB1V1dRD1QHAhwevYxVnHta","user_info_UID_7BEJWP7AxUUljdrjgyhwOyciCmBk","user_info_UID_AgHySDtRKqqo3wYuiOqwfpTQjKfk","user_info_UID_JAKoivK8LhMRNZ4hWIk6YFGXKa9u","user_info_UID_NNikwAIyX4nVsg5ShvytR5T73XAZ"]
24-07-12.20:06:04.848 [scheduling-1    ] INFO  GetNewData             - 定时任务扫描的keys:["user_info_UID_YRaZptE7mQpwqkV5XIr1hucsQ2Tx","user_info_UID_i2KXTMg5g6nhAOgWQwo1itlwHnQz","user_info_UID_jLKtbrB1V1dRD1QHAhwevYxVnHta","user_info_UID_7BEJWP7AxUUljdrjgyhwOyciCmBk","user_info_UID_AgHySDtRKqqo3wYuiOqwfpTQjKfk","user_info_UID_JAKoivK8LhMRNZ4hWIk6YFGXKa9u","user_info_UID_NNikwAIyX4nVsg5ShvytR5T73XAZ"]
24-07-12.20:06:07.663 [scheduling-1    ] INFO  GetNewData             - 定时任务扫描的keys:["user_info_UID_YRaZptE7mQpwqkV5XIr1hucsQ2Tx","user_info_UID_i2KXTMg5g6nhAOgWQwo1itlwHnQz","user_info_UID_jLKtbrB1V1dRD1QHAhwevYxVnHta","user_info_UID_7BEJWP7AxUUljdrjgyhwOyciCmBk","user_info_UID_AgHySDtRKqqo3wYuiOqwfpTQjKfk","user_info_UID_JAKoivK8LhMRNZ4hWIk6YFGXKa9u","user_info_UID_NNikwAIyX4nVsg5ShvytR5T73XAZ"]
24-07-12.20:06:10.689 [scheduling-1    ] INFO  GetNewData             - 定时任务扫描的keys:["user_info_UID_YRaZptE7mQpwqkV5XIr1hucsQ2Tx","user_info_UID_i2KXTMg5g6nhAOgWQwo1itlwHnQz","user_info_UID_jLKtbrB1V1dRD1QHAhwevYxVnHta","user_info_UID_7BEJWP7AxUUljdrjgyhwOyciCmBk","user_info_UID_AgHySDtRKqqo3wYuiOqwfpTQjKfk","user_info_UID_JAKoivK8LhMRNZ4hWIk6YFGXKa9u","user_info_UID_NNikwAIyX4nVsg5ShvytR5T73XAZ"]
24-07-12.20:06:13.801 [scheduling-1    ] INFO  GetNewData             - 定时任务扫描的keys:["user_info_UID_YRaZptE7mQpwqkV5XIr1hucsQ2Tx","user_info_UID_i2KXTMg5g6nhAOgWQwo1itlwHnQz","user_info_UID_jLKtbrB1V1dRD1QHAhwevYxVnHta","user_info_UID_7BEJWP7AxUUljdrjgyhwOyciCmBk","user_info_UID_AgHySDtRKqqo3wYuiOqwfpTQjKfk","user_info_UID_JAKoivK8LhMRNZ4hWIk6YFGXKa9u","user_info_UID_NNikwAIyX4nVsg5ShvytR5T73XAZ"]
24-07-12.20:06:16.771 [scheduling-1    ] INFO  GetNewData             - 定时任务扫描的keys:["user_info_UID_YRaZptE7mQpwqkV5XIr1hucsQ2Tx","user_info_UID_i2KXTMg5g6nhAOgWQwo1itlwHnQz","user_info_UID_jLKtbrB1V1dRD1QHAhwevYxVnHta","user_info_UID_7BEJWP7AxUUljdrjgyhwOyciCmBk","user_info_UID_AgHySDtRKqqo3wYuiOqwfpTQjKfk","user_info_UID_JAKoivK8LhMRNZ4hWIk6YFGXKa9u","user_info_UID_NNikwAIyX4nVsg5ShvytR5T73XAZ"]
24-07-12.20:06:19.767 [scheduling-1    ] INFO  GetNewData             - 定时任务扫描的keys:["user_info_UID_YRaZptE7mQpwqkV5XIr1hucsQ2Tx","user_info_UID_i2KXTMg5g6nhAOgWQwo1itlwHnQz","user_info_UID_jLKtbrB1V1dRD1QHAhwevYxVnHta","user_info_UID_7BEJWP7AxUUljdrjgyhwOyciCmBk","user_info_UID_AgHySDtRKqqo3wYuiOqwfpTQjKfk","user_info_UID_JAKoivK8LhMRNZ4hWIk6YFGXKa9u","user_info_UID_NNikwAIyX4nVsg5ShvytR5T73XAZ"]
24-07-12.20:06:22.741 [scheduling-1    ] INFO  GetNewData             - 定时任务扫描的keys:["user_info_UID_YRaZptE7mQpwqkV5XIr1hucsQ2Tx","user_info_UID_i2KXTMg5g6nhAOgWQwo1itlwHnQz","user_info_UID_jLKtbrB1V1dRD1QHAhwevYxVnHta","user_info_UID_7BEJWP7AxUUljdrjgyhwOyciCmBk","user_info_UID_AgHySDtRKqqo3wYuiOqwfpTQjKfk","user_info_UID_JAKoivK8LhMRNZ4hWIk6YFGXKa9u","user_info_UID_NNikwAIyX4nVsg5ShvytR5T73XAZ"]
24-07-12.20:06:25.682 [scheduling-1    ] INFO  GetNewData             - 定时任务扫描的keys:["user_info_UID_YRaZptE7mQpwqkV5XIr1hucsQ2Tx","user_info_UID_i2KXTMg5g6nhAOgWQwo1itlwHnQz","user_info_UID_jLKtbrB1V1dRD1QHAhwevYxVnHta","user_info_UID_7BEJWP7AxUUljdrjgyhwOyciCmBk","user_info_UID_AgHySDtRKqqo3wYuiOqwfpTQjKfk","user_info_UID_JAKoivK8LhMRNZ4hWIk6YFGXKa9u","user_info_UID_NNikwAIyX4nVsg5ShvytR5T73XAZ"]
24-07-12.20:06:28.621 [scheduling-1    ] INFO  GetNewData             - 定时任务扫描的keys:["user_info_UID_YRaZptE7mQpwqkV5XIr1hucsQ2Tx","user_info_UID_i2KXTMg5g6nhAOgWQwo1itlwHnQz","user_info_UID_jLKtbrB1V1dRD1QHAhwevYxVnHta","user_info_UID_7BEJWP7AxUUljdrjgyhwOyciCmBk","user_info_UID_AgHySDtRKqqo3wYuiOqwfpTQjKfk","user_info_UID_JAKoivK8LhMRNZ4hWIk6YFGXKa9u","user_info_UID_NNikwAIyX4nVsg5ShvytR5T73XAZ"]
24-07-12.20:06:31.772 [scheduling-1    ] INFO  GetNewData             - 定时任务扫描的keys:["user_info_UID_YRaZptE7mQpwqkV5XIr1hucsQ2Tx","user_info_UID_i2KXTMg5g6nhAOgWQwo1itlwHnQz","user_info_UID_jLKtbrB1V1dRD1QHAhwevYxVnHta","user_info_UID_7BEJWP7AxUUljdrjgyhwOyciCmBk","user_info_UID_AgHySDtRKqqo3wYuiOqwfpTQjKfk","user_info_UID_JAKoivK8LhMRNZ4hWIk6YFGXKa9u","user_info_UID_NNikwAIyX4nVsg5ShvytR5T73XAZ"]
24-07-12.20:06:34.709 [scheduling-1    ] INFO  GetNewData             - 定时任务扫描的keys:["user_info_UID_YRaZptE7mQpwqkV5XIr1hucsQ2Tx","user_info_UID_i2KXTMg5g6nhAOgWQwo1itlwHnQz","user_info_UID_jLKtbrB1V1dRD1QHAhwevYxVnHta","user_info_UID_7BEJWP7AxUUljdrjgyhwOyciCmBk","user_info_UID_AgHySDtRKqqo3wYuiOqwfpTQjKfk","user_info_UID_JAKoivK8LhMRNZ4hWIk6YFGXKa9u","user_info_UID_NNikwAIyX4nVsg5ShvytR5T73XAZ"]
24-07-12.20:06:37.756 [scheduling-1    ] INFO  GetNewData             - 定时任务扫描的keys:["user_info_UID_YRaZptE7mQpwqkV5XIr1hucsQ2Tx","user_info_UID_i2KXTMg5g6nhAOgWQwo1itlwHnQz","user_info_UID_jLKtbrB1V1dRD1QHAhwevYxVnHta","user_info_UID_7BEJWP7AxUUljdrjgyhwOyciCmBk","user_info_UID_AgHySDtRKqqo3wYuiOqwfpTQjKfk","user_info_UID_JAKoivK8LhMRNZ4hWIk6YFGXKa9u","user_info_UID_NNikwAIyX4nVsg5ShvytR5T73XAZ"]
24-07-12.20:06:40.660 [scheduling-1    ] INFO  GetNewData             - 定时任务扫描的keys:["user_info_UID_YRaZptE7mQpwqkV5XIr1hucsQ2Tx","user_info_UID_i2KXTMg5g6nhAOgWQwo1itlwHnQz","user_info_UID_jLKtbrB1V1dRD1QHAhwevYxVnHta","user_info_UID_7BEJWP7AxUUljdrjgyhwOyciCmBk","user_info_UID_AgHySDtRKqqo3wYuiOqwfpTQjKfk","user_info_UID_JAKoivK8LhMRNZ4hWIk6YFGXKa9u","user_info_UID_NNikwAIyX4nVsg5ShvytR5T73XAZ"]
24-07-12.20:06:43.675 [scheduling-1    ] INFO  GetNewData             - 定时任务扫描的keys:["user_info_UID_YRaZptE7mQpwqkV5XIr1hucsQ2Tx","user_info_UID_i2KXTMg5g6nhAOgWQwo1itlwHnQz","user_info_UID_jLKtbrB1V1dRD1QHAhwevYxVnHta","user_info_UID_7BEJWP7AxUUljdrjgyhwOyciCmBk","user_info_UID_AgHySDtRKqqo3wYuiOqwfpTQjKfk","user_info_UID_JAKoivK8LhMRNZ4hWIk6YFGXKa9u","user_info_UID_NNikwAIyX4nVsg5ShvytR5T73XAZ"]
24-07-12.20:06:46.826 [scheduling-1    ] INFO  GetNewData             - 定时任务扫描的keys:["user_info_UID_YRaZptE7mQpwqkV5XIr1hucsQ2Tx","user_info_UID_i2KXTMg5g6nhAOgWQwo1itlwHnQz","user_info_UID_jLKtbrB1V1dRD1QHAhwevYxVnHta","user_info_UID_7BEJWP7AxUUljdrjgyhwOyciCmBk","user_info_UID_AgHySDtRKqqo3wYuiOqwfpTQjKfk","user_info_UID_JAKoivK8LhMRNZ4hWIk6YFGXKa9u","user_info_UID_NNikwAIyX4nVsg5ShvytR5T73XAZ"]
24-07-12.20:06:49.818 [scheduling-1    ] INFO  GetNewData             - 定时任务扫描的keys:["user_info_UID_YRaZptE7mQpwqkV5XIr1hucsQ2Tx","user_info_UID_i2KXTMg5g6nhAOgWQwo1itlwHnQz","user_info_UID_jLKtbrB1V1dRD1QHAhwevYxVnHta","user_info_UID_7BEJWP7AxUUljdrjgyhwOyciCmBk","user_info_UID_AgHySDtRKqqo3wYuiOqwfpTQjKfk","user_info_UID_JAKoivK8LhMRNZ4hWIk6YFGXKa9u","user_info_UID_NNikwAIyX4nVsg5ShvytR5T73XAZ"]
24-07-12.20:06:52.813 [scheduling-1    ] INFO  GetNewData             - 定时任务扫描的keys:["user_info_UID_YRaZptE7mQpwqkV5XIr1hucsQ2Tx","user_info_UID_i2KXTMg5g6nhAOgWQwo1itlwHnQz","user_info_UID_jLKtbrB1V1dRD1QHAhwevYxVnHta","user_info_UID_7BEJWP7AxUUljdrjgyhwOyciCmBk","user_info_UID_AgHySDtRKqqo3wYuiOqwfpTQjKfk","user_info_UID_JAKoivK8LhMRNZ4hWIk6YFGXKa9u","user_info_UID_NNikwAIyX4nVsg5ShvytR5T73XAZ"]
24-07-12.20:06:55.709 [scheduling-1    ] INFO  GetNewData             - 定时任务扫描的keys:["user_info_UID_YRaZptE7mQpwqkV5XIr1hucsQ2Tx","user_info_UID_i2KXTMg5g6nhAOgWQwo1itlwHnQz","user_info_UID_jLKtbrB1V1dRD1QHAhwevYxVnHta","user_info_UID_7BEJWP7AxUUljdrjgyhwOyciCmBk","user_info_UID_AgHySDtRKqqo3wYuiOqwfpTQjKfk","user_info_UID_JAKoivK8LhMRNZ4hWIk6YFGXKa9u","user_info_UID_NNikwAIyX4nVsg5ShvytR5T73XAZ"]
24-07-12.20:06:58.807 [scheduling-1    ] INFO  GetNewData             - 定时任务扫描的keys:["user_info_UID_YRaZptE7mQpwqkV5XIr1hucsQ2Tx","user_info_UID_i2KXTMg5g6nhAOgWQwo1itlwHnQz","user_info_UID_jLKtbrB1V1dRD1QHAhwevYxVnHta","user_info_UID_7BEJWP7AxUUljdrjgyhwOyciCmBk","user_info_UID_AgHySDtRKqqo3wYuiOqwfpTQjKfk","user_info_UID_JAKoivK8LhMRNZ4hWIk6YFGXKa9u","user_info_UID_NNikwAIyX4nVsg5ShvytR5T73XAZ"]
24-07-12.20:07:01.655 [scheduling-1    ] INFO  GetNewData             - 定时任务扫描的keys:["user_info_UID_YRaZptE7mQpwqkV5XIr1hucsQ2Tx","user_info_UID_i2KXTMg5g6nhAOgWQwo1itlwHnQz","user_info_UID_jLKtbrB1V1dRD1QHAhwevYxVnHta","user_info_UID_7BEJWP7AxUUljdrjgyhwOyciCmBk","user_info_UID_AgHySDtRKqqo3wYuiOqwfpTQjKfk","user_info_UID_JAKoivK8LhMRNZ4hWIk6YFGXKa9u","user_info_UID_NNikwAIyX4nVsg5ShvytR5T73XAZ"]
24-07-12.20:07:04.750 [scheduling-1    ] INFO  GetNewData             - 定时任务扫描的keys:["user_info_UID_YRaZptE7mQpwqkV5XIr1hucsQ2Tx","user_info_UID_i2KXTMg5g6nhAOgWQwo1itlwHnQz","user_info_UID_jLKtbrB1V1dRD1QHAhwevYxVnHta","user_info_UID_7BEJWP7AxUUljdrjgyhwOyciCmBk","user_info_UID_AgHySDtRKqqo3wYuiOqwfpTQjKfk","user_info_UID_JAKoivK8LhMRNZ4hWIk6YFGXKa9u","user_info_UID_NNikwAIyX4nVsg5ShvytR5T73XAZ"]
24-07-12.20:07:07.794 [scheduling-1    ] INFO  GetNewData             - 定时任务扫描的keys:["user_info_UID_YRaZptE7mQpwqkV5XIr1hucsQ2Tx","user_info_UID_i2KXTMg5g6nhAOgWQwo1itlwHnQz","user_info_UID_jLKtbrB1V1dRD1QHAhwevYxVnHta","user_info_UID_7BEJWP7AxUUljdrjgyhwOyciCmBk","user_info_UID_AgHySDtRKqqo3wYuiOqwfpTQjKfk","user_info_UID_JAKoivK8LhMRNZ4hWIk6YFGXKa9u","user_info_UID_NNikwAIyX4nVsg5ShvytR5T73XAZ"]
24-07-12.20:07:10.662 [scheduling-1    ] INFO  GetNewData             - 定时任务扫描的keys:["user_info_UID_YRaZptE7mQpwqkV5XIr1hucsQ2Tx","user_info_UID_i2KXTMg5g6nhAOgWQwo1itlwHnQz","user_info_UID_jLKtbrB1V1dRD1QHAhwevYxVnHta","user_info_UID_7BEJWP7AxUUljdrjgyhwOyciCmBk","user_info_UID_AgHySDtRKqqo3wYuiOqwfpTQjKfk","user_info_UID_JAKoivK8LhMRNZ4hWIk6YFGXKa9u","user_info_UID_NNikwAIyX4nVsg5ShvytR5T73XAZ"]
24-07-12.20:07:13.720 [scheduling-1    ] INFO  GetNewData             - 定时任务扫描的keys:["user_info_UID_YRaZptE7mQpwqkV5XIr1hucsQ2Tx","user_info_UID_i2KXTMg5g6nhAOgWQwo1itlwHnQz","user_info_UID_jLKtbrB1V1dRD1QHAhwevYxVnHta","user_info_UID_7BEJWP7AxUUljdrjgyhwOyciCmBk","user_info_UID_AgHySDtRKqqo3wYuiOqwfpTQjKfk","user_info_UID_JAKoivK8LhMRNZ4hWIk6YFGXKa9u","user_info_UID_NNikwAIyX4nVsg5ShvytR5T73XAZ"]
24-07-12.20:07:16.678 [scheduling-1    ] INFO  GetNewData             - 定时任务扫描的keys:["user_info_UID_YRaZptE7mQpwqkV5XIr1hucsQ2Tx","user_info_UID_i2KXTMg5g6nhAOgWQwo1itlwHnQz","user_info_UID_jLKtbrB1V1dRD1QHAhwevYxVnHta","user_info_UID_7BEJWP7AxUUljdrjgyhwOyciCmBk","user_info_UID_AgHySDtRKqqo3wYuiOqwfpTQjKfk","user_info_UID_JAKoivK8LhMRNZ4hWIk6YFGXKa9u","user_info_UID_NNikwAIyX4nVsg5ShvytR5T73XAZ"]
24-07-12.20:07:19.705 [scheduling-1    ] INFO  GetNewData             - 定时任务扫描的keys:["user_info_UID_YRaZptE7mQpwqkV5XIr1hucsQ2Tx","user_info_UID_i2KXTMg5g6nhAOgWQwo1itlwHnQz","user_info_UID_jLKtbrB1V1dRD1QHAhwevYxVnHta","user_info_UID_7BEJWP7AxUUljdrjgyhwOyciCmBk","user_info_UID_AgHySDtRKqqo3wYuiOqwfpTQjKfk","user_info_UID_JAKoivK8LhMRNZ4hWIk6YFGXKa9u","user_info_UID_NNikwAIyX4nVsg5ShvytR5T73XAZ"]
24-07-12.20:07:22.766 [scheduling-1    ] INFO  GetNewData             - 定时任务扫描的keys:["user_info_UID_YRaZptE7mQpwqkV5XIr1hucsQ2Tx","user_info_UID_i2KXTMg5g6nhAOgWQwo1itlwHnQz","user_info_UID_jLKtbrB1V1dRD1QHAhwevYxVnHta","user_info_UID_7BEJWP7AxUUljdrjgyhwOyciCmBk","user_info_UID_AgHySDtRKqqo3wYuiOqwfpTQjKfk","user_info_UID_JAKoivK8LhMRNZ4hWIk6YFGXKa9u","user_info_UID_NNikwAIyX4nVsg5ShvytR5T73XAZ"]
24-07-12.20:07:26.125 [scheduling-1    ] INFO  GetNewData             - 定时任务扫描的keys:["user_info_UID_YRaZptE7mQpwqkV5XIr1hucsQ2Tx","user_info_UID_i2KXTMg5g6nhAOgWQwo1itlwHnQz","user_info_UID_jLKtbrB1V1dRD1QHAhwevYxVnHta","user_info_UID_7BEJWP7AxUUljdrjgyhwOyciCmBk","user_info_UID_AgHySDtRKqqo3wYuiOqwfpTQjKfk","user_info_UID_JAKoivK8LhMRNZ4hWIk6YFGXKa9u","user_info_UID_NNikwAIyX4nVsg5ShvytR5T73XAZ"]
24-07-12.20:07:28.748 [scheduling-1    ] INFO  GetNewData             - 定时任务扫描的keys:["user_info_UID_YRaZptE7mQpwqkV5XIr1hucsQ2Tx","user_info_UID_i2KXTMg5g6nhAOgWQwo1itlwHnQz","user_info_UID_jLKtbrB1V1dRD1QHAhwevYxVnHta","user_info_UID_7BEJWP7AxUUljdrjgyhwOyciCmBk","user_info_UID_AgHySDtRKqqo3wYuiOqwfpTQjKfk","user_info_UID_JAKoivK8LhMRNZ4hWIk6YFGXKa9u","user_info_UID_NNikwAIyX4nVsg5ShvytR5T73XAZ"]
24-07-12.20:07:31.734 [scheduling-1    ] INFO  GetNewData             - 定时任务扫描的keys:["user_info_UID_YRaZptE7mQpwqkV5XIr1hucsQ2Tx","user_info_UID_i2KXTMg5g6nhAOgWQwo1itlwHnQz","user_info_UID_jLKtbrB1V1dRD1QHAhwevYxVnHta","user_info_UID_7BEJWP7AxUUljdrjgyhwOyciCmBk","user_info_UID_AgHySDtRKqqo3wYuiOqwfpTQjKfk","user_info_UID_JAKoivK8LhMRNZ4hWIk6YFGXKa9u","user_info_UID_NNikwAIyX4nVsg5ShvytR5T73XAZ"]
24-07-12.20:07:34.696 [scheduling-1    ] INFO  GetNewData             - 定时任务扫描的keys:["user_info_UID_YRaZptE7mQpwqkV5XIr1hucsQ2Tx","user_info_UID_i2KXTMg5g6nhAOgWQwo1itlwHnQz","user_info_UID_jLKtbrB1V1dRD1QHAhwevYxVnHta","user_info_UID_7BEJWP7AxUUljdrjgyhwOyciCmBk","user_info_UID_AgHySDtRKqqo3wYuiOqwfpTQjKfk","user_info_UID_JAKoivK8LhMRNZ4hWIk6YFGXKa9u","user_info_UID_NNikwAIyX4nVsg5ShvytR5T73XAZ"]
24-07-12.20:07:37.639 [scheduling-1    ] INFO  GetNewData             - 定时任务扫描的keys:["user_info_UID_YRaZptE7mQpwqkV5XIr1hucsQ2Tx","user_info_UID_i2KXTMg5g6nhAOgWQwo1itlwHnQz","user_info_UID_jLKtbrB1V1dRD1QHAhwevYxVnHta","user_info_UID_7BEJWP7AxUUljdrjgyhwOyciCmBk","user_info_UID_AgHySDtRKqqo3wYuiOqwfpTQjKfk","user_info_UID_JAKoivK8LhMRNZ4hWIk6YFGXKa9u","user_info_UID_NNikwAIyX4nVsg5ShvytR5T73XAZ"]
24-07-12.20:07:40.713 [scheduling-1    ] INFO  GetNewData             - 定时任务扫描的keys:["user_info_UID_YRaZptE7mQpwqkV5XIr1hucsQ2Tx","user_info_UID_i2KXTMg5g6nhAOgWQwo1itlwHnQz","user_info_UID_jLKtbrB1V1dRD1QHAhwevYxVnHta","user_info_UID_7BEJWP7AxUUljdrjgyhwOyciCmBk","user_info_UID_AgHySDtRKqqo3wYuiOqwfpTQjKfk","user_info_UID_JAKoivK8LhMRNZ4hWIk6YFGXKa9u","user_info_UID_NNikwAIyX4nVsg5ShvytR5T73XAZ"]
24-07-12.20:07:43.662 [scheduling-1    ] INFO  GetNewData             - 定时任务扫描的keys:["user_info_UID_YRaZptE7mQpwqkV5XIr1hucsQ2Tx","user_info_UID_i2KXTMg5g6nhAOgWQwo1itlwHnQz","user_info_UID_jLKtbrB1V1dRD1QHAhwevYxVnHta","user_info_UID_7BEJWP7AxUUljdrjgyhwOyciCmBk","user_info_UID_AgHySDtRKqqo3wYuiOqwfpTQjKfk","user_info_UID_JAKoivK8LhMRNZ4hWIk6YFGXKa9u","user_info_UID_NNikwAIyX4nVsg5ShvytR5T73XAZ"]
24-07-12.20:07:46.680 [scheduling-1    ] INFO  GetNewData             - 定时任务扫描的keys:["user_info_UID_YRaZptE7mQpwqkV5XIr1hucsQ2Tx","user_info_UID_i2KXTMg5g6nhAOgWQwo1itlwHnQz","user_info_UID_jLKtbrB1V1dRD1QHAhwevYxVnHta","user_info_UID_7BEJWP7AxUUljdrjgyhwOyciCmBk","user_info_UID_AgHySDtRKqqo3wYuiOqwfpTQjKfk","user_info_UID_JAKoivK8LhMRNZ4hWIk6YFGXKa9u","user_info_UID_NNikwAIyX4nVsg5ShvytR5T73XAZ"]
24-07-12.20:07:49.725 [scheduling-1    ] INFO  GetNewData             - 定时任务扫描的keys:["user_info_UID_YRaZptE7mQpwqkV5XIr1hucsQ2Tx","user_info_UID_i2KXTMg5g6nhAOgWQwo1itlwHnQz","user_info_UID_jLKtbrB1V1dRD1QHAhwevYxVnHta","user_info_UID_7BEJWP7AxUUljdrjgyhwOyciCmBk","user_info_UID_AgHySDtRKqqo3wYuiOqwfpTQjKfk","user_info_UID_JAKoivK8LhMRNZ4hWIk6YFGXKa9u","user_info_UID_NNikwAIyX4nVsg5ShvytR5T73XAZ"]
24-07-12.20:07:52.646 [scheduling-1    ] INFO  GetNewData             - 定时任务扫描的keys:["user_info_UID_YRaZptE7mQpwqkV5XIr1hucsQ2Tx","user_info_UID_i2KXTMg5g6nhAOgWQwo1itlwHnQz","user_info_UID_jLKtbrB1V1dRD1QHAhwevYxVnHta","user_info_UID_7BEJWP7AxUUljdrjgyhwOyciCmBk","user_info_UID_AgHySDtRKqqo3wYuiOqwfpTQjKfk","user_info_UID_JAKoivK8LhMRNZ4hWIk6YFGXKa9u","user_info_UID_NNikwAIyX4nVsg5ShvytR5T73XAZ"]
24-07-12.20:07:55.789 [scheduling-1    ] INFO  GetNewData             - 定时任务扫描的keys:["user_info_UID_YRaZptE7mQpwqkV5XIr1hucsQ2Tx","user_info_UID_i2KXTMg5g6nhAOgWQwo1itlwHnQz","user_info_UID_jLKtbrB1V1dRD1QHAhwevYxVnHta","user_info_UID_7BEJWP7AxUUljdrjgyhwOyciCmBk","user_info_UID_AgHySDtRKqqo3wYuiOqwfpTQjKfk","user_info_UID_JAKoivK8LhMRNZ4hWIk6YFGXKa9u","user_info_UID_NNikwAIyX4nVsg5ShvytR5T73XAZ"]
24-07-12.20:07:58.712 [scheduling-1    ] INFO  GetNewData             - 定时任务扫描的keys:["user_info_UID_YRaZptE7mQpwqkV5XIr1hucsQ2Tx","user_info_UID_i2KXTMg5g6nhAOgWQwo1itlwHnQz","user_info_UID_jLKtbrB1V1dRD1QHAhwevYxVnHta","user_info_UID_7BEJWP7AxUUljdrjgyhwOyciCmBk","user_info_UID_AgHySDtRKqqo3wYuiOqwfpTQjKfk","user_info_UID_JAKoivK8LhMRNZ4hWIk6YFGXKa9u","user_info_UID_NNikwAIyX4nVsg5ShvytR5T73XAZ"]
24-07-12.20:08:01.777 [scheduling-1    ] INFO  GetNewData             - 定时任务扫描的keys:["user_info_UID_YRaZptE7mQpwqkV5XIr1hucsQ2Tx","user_info_UID_i2KXTMg5g6nhAOgWQwo1itlwHnQz","user_info_UID_jLKtbrB1V1dRD1QHAhwevYxVnHta","user_info_UID_7BEJWP7AxUUljdrjgyhwOyciCmBk","user_info_UID_AgHySDtRKqqo3wYuiOqwfpTQjKfk","user_info_UID_JAKoivK8LhMRNZ4hWIk6YFGXKa9u","user_info_UID_NNikwAIyX4nVsg5ShvytR5T73XAZ"]
24-07-12.20:08:04.698 [scheduling-1    ] INFO  GetNewData             - 定时任务扫描的keys:["user_info_UID_YRaZptE7mQpwqkV5XIr1hucsQ2Tx","user_info_UID_i2KXTMg5g6nhAOgWQwo1itlwHnQz","user_info_UID_jLKtbrB1V1dRD1QHAhwevYxVnHta","user_info_UID_7BEJWP7AxUUljdrjgyhwOyciCmBk","user_info_UID_AgHySDtRKqqo3wYuiOqwfpTQjKfk","user_info_UID_JAKoivK8LhMRNZ4hWIk6YFGXKa9u","user_info_UID_NNikwAIyX4nVsg5ShvytR5T73XAZ"]
24-07-12.20:08:07.991 [scheduling-1    ] INFO  GetNewData             - 定时任务扫描的keys:["user_info_UID_YRaZptE7mQpwqkV5XIr1hucsQ2Tx","user_info_UID_i2KXTMg5g6nhAOgWQwo1itlwHnQz","user_info_UID_jLKtbrB1V1dRD1QHAhwevYxVnHta","user_info_UID_7BEJWP7AxUUljdrjgyhwOyciCmBk","user_info_UID_AgHySDtRKqqo3wYuiOqwfpTQjKfk","user_info_UID_JAKoivK8LhMRNZ4hWIk6YFGXKa9u","user_info_UID_NNikwAIyX4nVsg5ShvytR5T73XAZ"]
24-07-12.20:08:10.706 [scheduling-1    ] INFO  GetNewData             - 定时任务扫描的keys:["user_info_UID_YRaZptE7mQpwqkV5XIr1hucsQ2Tx","user_info_UID_i2KXTMg5g6nhAOgWQwo1itlwHnQz","user_info_UID_jLKtbrB1V1dRD1QHAhwevYxVnHta","user_info_UID_7BEJWP7AxUUljdrjgyhwOyciCmBk","user_info_UID_AgHySDtRKqqo3wYuiOqwfpTQjKfk","user_info_UID_JAKoivK8LhMRNZ4hWIk6YFGXKa9u","user_info_UID_NNikwAIyX4nVsg5ShvytR5T73XAZ"]
24-07-12.20:08:13.830 [scheduling-1    ] INFO  GetNewData             - 定时任务扫描的keys:["user_info_UID_YRaZptE7mQpwqkV5XIr1hucsQ2Tx","user_info_UID_i2KXTMg5g6nhAOgWQwo1itlwHnQz","user_info_UID_jLKtbrB1V1dRD1QHAhwevYxVnHta","user_info_UID_7BEJWP7AxUUljdrjgyhwOyciCmBk","user_info_UID_AgHySDtRKqqo3wYuiOqwfpTQjKfk","user_info_UID_JAKoivK8LhMRNZ4hWIk6YFGXKa9u","user_info_UID_NNikwAIyX4nVsg5ShvytR5T73XAZ"]
24-07-12.20:08:17.120 [scheduling-1    ] INFO  GetNewData             - 定时任务扫描的keys:["user_info_UID_YRaZptE7mQpwqkV5XIr1hucsQ2Tx","user_info_UID_i2KXTMg5g6nhAOgWQwo1itlwHnQz","user_info_UID_jLKtbrB1V1dRD1QHAhwevYxVnHta","user_info_UID_7BEJWP7AxUUljdrjgyhwOyciCmBk","user_info_UID_AgHySDtRKqqo3wYuiOqwfpTQjKfk","user_info_UID_JAKoivK8LhMRNZ4hWIk6YFGXKa9u","user_info_UID_NNikwAIyX4nVsg5ShvytR5T73XAZ"]
24-07-12.20:08:19.819 [scheduling-1    ] INFO  GetNewData             - 定时任务扫描的keys:["user_info_UID_YRaZptE7mQpwqkV5XIr1hucsQ2Tx","user_info_UID_i2KXTMg5g6nhAOgWQwo1itlwHnQz","user_info_UID_jLKtbrB1V1dRD1QHAhwevYxVnHta","user_info_UID_7BEJWP7AxUUljdrjgyhwOyciCmBk","user_info_UID_AgHySDtRKqqo3wYuiOqwfpTQjKfk","user_info_UID_JAKoivK8LhMRNZ4hWIk6YFGXKa9u","user_info_UID_NNikwAIyX4nVsg5ShvytR5T73XAZ"]
24-07-12.20:08:22.883 [scheduling-1    ] INFO  GetNewData             - 定时任务扫描的keys:["user_info_UID_YRaZptE7mQpwqkV5XIr1hucsQ2Tx","user_info_UID_i2KXTMg5g6nhAOgWQwo1itlwHnQz","user_info_UID_jLKtbrB1V1dRD1QHAhwevYxVnHta","user_info_UID_7BEJWP7AxUUljdrjgyhwOyciCmBk","user_info_UID_AgHySDtRKqqo3wYuiOqwfpTQjKfk","user_info_UID_JAKoivK8LhMRNZ4hWIk6YFGXKa9u","user_info_UID_NNikwAIyX4nVsg5ShvytR5T73XAZ"]
24-07-12.20:08:25.721 [scheduling-1    ] INFO  GetNewData             - 定时任务扫描的keys:["user_info_UID_YRaZptE7mQpwqkV5XIr1hucsQ2Tx","user_info_UID_i2KXTMg5g6nhAOgWQwo1itlwHnQz","user_info_UID_jLKtbrB1V1dRD1QHAhwevYxVnHta","user_info_UID_7BEJWP7AxUUljdrjgyhwOyciCmBk","user_info_UID_AgHySDtRKqqo3wYuiOqwfpTQjKfk","user_info_UID_JAKoivK8LhMRNZ4hWIk6YFGXKa9u","user_info_UID_NNikwAIyX4nVsg5ShvytR5T73XAZ"]
24-07-12.20:08:28.815 [scheduling-1    ] INFO  GetNewData             - 定时任务扫描的keys:["user_info_UID_YRaZptE7mQpwqkV5XIr1hucsQ2Tx","user_info_UID_i2KXTMg5g6nhAOgWQwo1itlwHnQz","user_info_UID_jLKtbrB1V1dRD1QHAhwevYxVnHta","user_info_UID_7BEJWP7AxUUljdrjgyhwOyciCmBk","user_info_UID_AgHySDtRKqqo3wYuiOqwfpTQjKfk","user_info_UID_JAKoivK8LhMRNZ4hWIk6YFGXKa9u","user_info_UID_NNikwAIyX4nVsg5ShvytR5T73XAZ"]
24-07-12.20:08:31.684 [scheduling-1    ] INFO  GetNewData             - 定时任务扫描的keys:["user_info_UID_YRaZptE7mQpwqkV5XIr1hucsQ2Tx","user_info_UID_i2KXTMg5g6nhAOgWQwo1itlwHnQz","user_info_UID_jLKtbrB1V1dRD1QHAhwevYxVnHta","user_info_UID_7BEJWP7AxUUljdrjgyhwOyciCmBk","user_info_UID_AgHySDtRKqqo3wYuiOqwfpTQjKfk","user_info_UID_JAKoivK8LhMRNZ4hWIk6YFGXKa9u","user_info_UID_NNikwAIyX4nVsg5ShvytR5T73XAZ"]
24-07-12.20:08:34.667 [scheduling-1    ] INFO  GetNewData             - 定时任务扫描的keys:["user_info_UID_YRaZptE7mQpwqkV5XIr1hucsQ2Tx","user_info_UID_i2KXTMg5g6nhAOgWQwo1itlwHnQz","user_info_UID_jLKtbrB1V1dRD1QHAhwevYxVnHta","user_info_UID_7BEJWP7AxUUljdrjgyhwOyciCmBk","user_info_UID_AgHySDtRKqqo3wYuiOqwfpTQjKfk","user_info_UID_JAKoivK8LhMRNZ4hWIk6YFGXKa9u","user_info_UID_NNikwAIyX4nVsg5ShvytR5T73XAZ"]
24-07-12.20:08:37.777 [scheduling-1    ] INFO  GetNewData             - 定时任务扫描的keys:["user_info_UID_YRaZptE7mQpwqkV5XIr1hucsQ2Tx","user_info_UID_i2KXTMg5g6nhAOgWQwo1itlwHnQz","user_info_UID_jLKtbrB1V1dRD1QHAhwevYxVnHta","user_info_UID_7BEJWP7AxUUljdrjgyhwOyciCmBk","user_info_UID_AgHySDtRKqqo3wYuiOqwfpTQjKfk","user_info_UID_JAKoivK8LhMRNZ4hWIk6YFGXKa9u","user_info_UID_NNikwAIyX4nVsg5ShvytR5T73XAZ"]
24-07-12.20:08:40.646 [scheduling-1    ] INFO  GetNewData             - 定时任务扫描的keys:["user_info_UID_YRaZptE7mQpwqkV5XIr1hucsQ2Tx","user_info_UID_i2KXTMg5g6nhAOgWQwo1itlwHnQz","user_info_UID_jLKtbrB1V1dRD1QHAhwevYxVnHta","user_info_UID_7BEJWP7AxUUljdrjgyhwOyciCmBk","user_info_UID_AgHySDtRKqqo3wYuiOqwfpTQjKfk","user_info_UID_JAKoivK8LhMRNZ4hWIk6YFGXKa9u","user_info_UID_NNikwAIyX4nVsg5ShvytR5T73XAZ"]
24-07-12.20:08:43.690 [scheduling-1    ] INFO  GetNewData             - 定时任务扫描的keys:["user_info_UID_YRaZptE7mQpwqkV5XIr1hucsQ2Tx","user_info_UID_i2KXTMg5g6nhAOgWQwo1itlwHnQz","user_info_UID_jLKtbrB1V1dRD1QHAhwevYxVnHta","user_info_UID_7BEJWP7AxUUljdrjgyhwOyciCmBk","user_info_UID_AgHySDtRKqqo3wYuiOqwfpTQjKfk","user_info_UID_JAKoivK8LhMRNZ4hWIk6YFGXKa9u","user_info_UID_NNikwAIyX4nVsg5ShvytR5T73XAZ"]
24-07-12.20:08:46.656 [scheduling-1    ] INFO  GetNewData             - 定时任务扫描的keys:["user_info_UID_YRaZptE7mQpwqkV5XIr1hucsQ2Tx","user_info_UID_i2KXTMg5g6nhAOgWQwo1itlwHnQz","user_info_UID_jLKtbrB1V1dRD1QHAhwevYxVnHta","user_info_UID_7BEJWP7AxUUljdrjgyhwOyciCmBk","user_info_UID_AgHySDtRKqqo3wYuiOqwfpTQjKfk","user_info_UID_JAKoivK8LhMRNZ4hWIk6YFGXKa9u","user_info_UID_NNikwAIyX4nVsg5ShvytR5T73XAZ"]
24-07-12.20:08:49.727 [scheduling-1    ] INFO  GetNewData             - 定时任务扫描的keys:["user_info_UID_YRaZptE7mQpwqkV5XIr1hucsQ2Tx","user_info_UID_i2KXTMg5g6nhAOgWQwo1itlwHnQz","user_info_UID_jLKtbrB1V1dRD1QHAhwevYxVnHta","user_info_UID_7BEJWP7AxUUljdrjgyhwOyciCmBk","user_info_UID_AgHySDtRKqqo3wYuiOqwfpTQjKfk","user_info_UID_JAKoivK8LhMRNZ4hWIk6YFGXKa9u","user_info_UID_NNikwAIyX4nVsg5ShvytR5T73XAZ"]
24-07-12.20:08:52.741 [scheduling-1    ] INFO  GetNewData             - 定时任务扫描的keys:["user_info_UID_YRaZptE7mQpwqkV5XIr1hucsQ2Tx","user_info_UID_i2KXTMg5g6nhAOgWQwo1itlwHnQz","user_info_UID_jLKtbrB1V1dRD1QHAhwevYxVnHta","user_info_UID_7BEJWP7AxUUljdrjgyhwOyciCmBk","user_info_UID_AgHySDtRKqqo3wYuiOqwfpTQjKfk","user_info_UID_JAKoivK8LhMRNZ4hWIk6YFGXKa9u","user_info_UID_NNikwAIyX4nVsg5ShvytR5T73XAZ"]
24-07-12.20:08:55.697 [scheduling-1    ] INFO  GetNewData             - 定时任务扫描的keys:["user_info_UID_YRaZptE7mQpwqkV5XIr1hucsQ2Tx","user_info_UID_i2KXTMg5g6nhAOgWQwo1itlwHnQz","user_info_UID_jLKtbrB1V1dRD1QHAhwevYxVnHta","user_info_UID_7BEJWP7AxUUljdrjgyhwOyciCmBk","user_info_UID_AgHySDtRKqqo3wYuiOqwfpTQjKfk","user_info_UID_JAKoivK8LhMRNZ4hWIk6YFGXKa9u","user_info_UID_NNikwAIyX4nVsg5ShvytR5T73XAZ"]
24-07-12.20:08:58.668 [scheduling-1    ] INFO  GetNewData             - 定时任务扫描的keys:["user_info_UID_YRaZptE7mQpwqkV5XIr1hucsQ2Tx","user_info_UID_i2KXTMg5g6nhAOgWQwo1itlwHnQz","user_info_UID_jLKtbrB1V1dRD1QHAhwevYxVnHta","user_info_UID_7BEJWP7AxUUljdrjgyhwOyciCmBk","user_info_UID_AgHySDtRKqqo3wYuiOqwfpTQjKfk","user_info_UID_JAKoivK8LhMRNZ4hWIk6YFGXKa9u","user_info_UID_NNikwAIyX4nVsg5ShvytR5T73XAZ"]
24-07-12.20:09:01.795 [scheduling-1    ] INFO  GetNewData             - 定时任务扫描的keys:["user_info_UID_YRaZptE7mQpwqkV5XIr1hucsQ2Tx","user_info_UID_i2KXTMg5g6nhAOgWQwo1itlwHnQz","user_info_UID_jLKtbrB1V1dRD1QHAhwevYxVnHta","user_info_UID_7BEJWP7AxUUljdrjgyhwOyciCmBk","user_info_UID_AgHySDtRKqqo3wYuiOqwfpTQjKfk","user_info_UID_JAKoivK8LhMRNZ4hWIk6YFGXKa9u","user_info_UID_NNikwAIyX4nVsg5ShvytR5T73XAZ"]
24-07-12.20:09:04.838 [scheduling-1    ] INFO  GetNewData             - 定时任务扫描的keys:["user_info_UID_YRaZptE7mQpwqkV5XIr1hucsQ2Tx","user_info_UID_i2KXTMg5g6nhAOgWQwo1itlwHnQz","user_info_UID_jLKtbrB1V1dRD1QHAhwevYxVnHta","user_info_UID_7BEJWP7AxUUljdrjgyhwOyciCmBk","user_info_UID_AgHySDtRKqqo3wYuiOqwfpTQjKfk","user_info_UID_JAKoivK8LhMRNZ4hWIk6YFGXKa9u","user_info_UID_NNikwAIyX4nVsg5ShvytR5T73XAZ"]
24-07-12.20:09:07.675 [scheduling-1    ] INFO  GetNewData             - 定时任务扫描的keys:["user_info_UID_YRaZptE7mQpwqkV5XIr1hucsQ2Tx","user_info_UID_i2KXTMg5g6nhAOgWQwo1itlwHnQz","user_info_UID_jLKtbrB1V1dRD1QHAhwevYxVnHta","user_info_UID_7BEJWP7AxUUljdrjgyhwOyciCmBk","user_info_UID_AgHySDtRKqqo3wYuiOqwfpTQjKfk","user_info_UID_JAKoivK8LhMRNZ4hWIk6YFGXKa9u","user_info_UID_NNikwAIyX4nVsg5ShvytR5T73XAZ"]
24-07-12.20:09:10.756 [scheduling-1    ] INFO  GetNewData             - 定时任务扫描的keys:["user_info_UID_YRaZptE7mQpwqkV5XIr1hucsQ2Tx","user_info_UID_i2KXTMg5g6nhAOgWQwo1itlwHnQz","user_info_UID_jLKtbrB1V1dRD1QHAhwevYxVnHta","user_info_UID_7BEJWP7AxUUljdrjgyhwOyciCmBk","user_info_UID_AgHySDtRKqqo3wYuiOqwfpTQjKfk","user_info_UID_JAKoivK8LhMRNZ4hWIk6YFGXKa9u","user_info_UID_NNikwAIyX4nVsg5ShvytR5T73XAZ"]
24-07-12.20:09:13.730 [scheduling-1    ] INFO  GetNewData             - 定时任务扫描的keys:["user_info_UID_YRaZptE7mQpwqkV5XIr1hucsQ2Tx","user_info_UID_i2KXTMg5g6nhAOgWQwo1itlwHnQz","user_info_UID_jLKtbrB1V1dRD1QHAhwevYxVnHta","user_info_UID_7BEJWP7AxUUljdrjgyhwOyciCmBk","user_info_UID_AgHySDtRKqqo3wYuiOqwfpTQjKfk","user_info_UID_JAKoivK8LhMRNZ4hWIk6YFGXKa9u","user_info_UID_NNikwAIyX4nVsg5ShvytR5T73XAZ"]
24-07-12.20:09:16.690 [scheduling-1    ] INFO  GetNewData             - 定时任务扫描的keys:["user_info_UID_YRaZptE7mQpwqkV5XIr1hucsQ2Tx","user_info_UID_i2KXTMg5g6nhAOgWQwo1itlwHnQz","user_info_UID_jLKtbrB1V1dRD1QHAhwevYxVnHta","user_info_UID_7BEJWP7AxUUljdrjgyhwOyciCmBk","user_info_UID_AgHySDtRKqqo3wYuiOqwfpTQjKfk","user_info_UID_JAKoivK8LhMRNZ4hWIk6YFGXKa9u","user_info_UID_NNikwAIyX4nVsg5ShvytR5T73XAZ"]
24-07-12.20:09:19.891 [scheduling-1    ] INFO  GetNewData             - 定时任务扫描的keys:["user_info_UID_YRaZptE7mQpwqkV5XIr1hucsQ2Tx","user_info_UID_i2KXTMg5g6nhAOgWQwo1itlwHnQz","user_info_UID_jLKtbrB1V1dRD1QHAhwevYxVnHta","user_info_UID_7BEJWP7AxUUljdrjgyhwOyciCmBk","user_info_UID_AgHySDtRKqqo3wYuiOqwfpTQjKfk","user_info_UID_JAKoivK8LhMRNZ4hWIk6YFGXKa9u","user_info_UID_NNikwAIyX4nVsg5ShvytR5T73XAZ"]
24-07-12.20:09:22.850 [scheduling-1    ] INFO  GetNewData             - 定时任务扫描的keys:["user_info_UID_YRaZptE7mQpwqkV5XIr1hucsQ2Tx","user_info_UID_i2KXTMg5g6nhAOgWQwo1itlwHnQz","user_info_UID_jLKtbrB1V1dRD1QHAhwevYxVnHta","user_info_UID_7BEJWP7AxUUljdrjgyhwOyciCmBk","user_info_UID_AgHySDtRKqqo3wYuiOqwfpTQjKfk","user_info_UID_JAKoivK8LhMRNZ4hWIk6YFGXKa9u","user_info_UID_NNikwAIyX4nVsg5ShvytR5T73XAZ"]
24-07-12.20:09:25.696 [scheduling-1    ] INFO  GetNewData             - 定时任务扫描的keys:["user_info_UID_YRaZptE7mQpwqkV5XIr1hucsQ2Tx","user_info_UID_i2KXTMg5g6nhAOgWQwo1itlwHnQz","user_info_UID_jLKtbrB1V1dRD1QHAhwevYxVnHta","user_info_UID_7BEJWP7AxUUljdrjgyhwOyciCmBk","user_info_UID_AgHySDtRKqqo3wYuiOqwfpTQjKfk","user_info_UID_JAKoivK8LhMRNZ4hWIk6YFGXKa9u","user_info_UID_NNikwAIyX4nVsg5ShvytR5T73XAZ"]
24-07-12.20:09:29.112 [scheduling-1    ] INFO  GetNewData             - 定时任务扫描的keys:["user_info_UID_YRaZptE7mQpwqkV5XIr1hucsQ2Tx","user_info_UID_i2KXTMg5g6nhAOgWQwo1itlwHnQz","user_info_UID_jLKtbrB1V1dRD1QHAhwevYxVnHta","user_info_UID_7BEJWP7AxUUljdrjgyhwOyciCmBk","user_info_UID_AgHySDtRKqqo3wYuiOqwfpTQjKfk","user_info_UID_JAKoivK8LhMRNZ4hWIk6YFGXKa9u","user_info_UID_NNikwAIyX4nVsg5ShvytR5T73XAZ"]
24-07-12.20:09:31.738 [scheduling-1    ] INFO  GetNewData             - 定时任务扫描的keys:["user_info_UID_YRaZptE7mQpwqkV5XIr1hucsQ2Tx","user_info_UID_i2KXTMg5g6nhAOgWQwo1itlwHnQz","user_info_UID_jLKtbrB1V1dRD1QHAhwevYxVnHta","user_info_UID_7BEJWP7AxUUljdrjgyhwOyciCmBk","user_info_UID_AgHySDtRKqqo3wYuiOqwfpTQjKfk","user_info_UID_JAKoivK8LhMRNZ4hWIk6YFGXKa9u","user_info_UID_NNikwAIyX4nVsg5ShvytR5T73XAZ"]
24-07-12.20:09:35.026 [scheduling-1    ] INFO  GetNewData             - 定时任务扫描的keys:["user_info_UID_YRaZptE7mQpwqkV5XIr1hucsQ2Tx","user_info_UID_i2KXTMg5g6nhAOgWQwo1itlwHnQz","user_info_UID_jLKtbrB1V1dRD1QHAhwevYxVnHta","user_info_UID_7BEJWP7AxUUljdrjgyhwOyciCmBk","user_info_UID_AgHySDtRKqqo3wYuiOqwfpTQjKfk","user_info_UID_JAKoivK8LhMRNZ4hWIk6YFGXKa9u","user_info_UID_NNikwAIyX4nVsg5ShvytR5T73XAZ"]
24-07-12.20:09:37.833 [scheduling-1    ] INFO  GetNewData             - 定时任务扫描的keys:["user_info_UID_YRaZptE7mQpwqkV5XIr1hucsQ2Tx","user_info_UID_i2KXTMg5g6nhAOgWQwo1itlwHnQz","user_info_UID_jLKtbrB1V1dRD1QHAhwevYxVnHta","user_info_UID_7BEJWP7AxUUljdrjgyhwOyciCmBk","user_info_UID_AgHySDtRKqqo3wYuiOqwfpTQjKfk","user_info_UID_JAKoivK8LhMRNZ4hWIk6YFGXKa9u","user_info_UID_NNikwAIyX4nVsg5ShvytR5T73XAZ"]
24-07-12.20:09:40.611 [scheduling-1    ] INFO  GetNewData             - 定时任务扫描的keys:["user_info_UID_YRaZptE7mQpwqkV5XIr1hucsQ2Tx","user_info_UID_i2KXTMg5g6nhAOgWQwo1itlwHnQz","user_info_UID_jLKtbrB1V1dRD1QHAhwevYxVnHta","user_info_UID_7BEJWP7AxUUljdrjgyhwOyciCmBk","user_info_UID_AgHySDtRKqqo3wYuiOqwfpTQjKfk","user_info_UID_JAKoivK8LhMRNZ4hWIk6YFGXKa9u","user_info_UID_NNikwAIyX4nVsg5ShvytR5T73XAZ"]
24-07-12.20:09:43.695 [scheduling-1    ] INFO  GetNewData             - 定时任务扫描的keys:["user_info_UID_YRaZptE7mQpwqkV5XIr1hucsQ2Tx","user_info_UID_i2KXTMg5g6nhAOgWQwo1itlwHnQz","user_info_UID_jLKtbrB1V1dRD1QHAhwevYxVnHta","user_info_UID_7BEJWP7AxUUljdrjgyhwOyciCmBk","user_info_UID_AgHySDtRKqqo3wYuiOqwfpTQjKfk","user_info_UID_JAKoivK8LhMRNZ4hWIk6YFGXKa9u","user_info_UID_NNikwAIyX4nVsg5ShvytR5T73XAZ"]
24-07-12.20:09:46.699 [scheduling-1    ] INFO  GetNewData             - 定时任务扫描的keys:["user_info_UID_YRaZptE7mQpwqkV5XIr1hucsQ2Tx","user_info_UID_i2KXTMg5g6nhAOgWQwo1itlwHnQz","user_info_UID_jLKtbrB1V1dRD1QHAhwevYxVnHta","user_info_UID_7BEJWP7AxUUljdrjgyhwOyciCmBk","user_info_UID_AgHySDtRKqqo3wYuiOqwfpTQjKfk","user_info_UID_JAKoivK8LhMRNZ4hWIk6YFGXKa9u","user_info_UID_NNikwAIyX4nVsg5ShvytR5T73XAZ"]
24-07-12.20:09:49.764 [scheduling-1    ] INFO  GetNewData             - 定时任务扫描的keys:["user_info_UID_YRaZptE7mQpwqkV5XIr1hucsQ2Tx","user_info_UID_i2KXTMg5g6nhAOgWQwo1itlwHnQz","user_info_UID_jLKtbrB1V1dRD1QHAhwevYxVnHta","user_info_UID_7BEJWP7AxUUljdrjgyhwOyciCmBk","user_info_UID_AgHySDtRKqqo3wYuiOqwfpTQjKfk","user_info_UID_JAKoivK8LhMRNZ4hWIk6YFGXKa9u","user_info_UID_NNikwAIyX4nVsg5ShvytR5T73XAZ"]
24-07-12.20:09:52.653 [scheduling-1    ] INFO  GetNewData             - 定时任务扫描的keys:["user_info_UID_YRaZptE7mQpwqkV5XIr1hucsQ2Tx","user_info_UID_i2KXTMg5g6nhAOgWQwo1itlwHnQz","user_info_UID_jLKtbrB1V1dRD1QHAhwevYxVnHta","user_info_UID_7BEJWP7AxUUljdrjgyhwOyciCmBk","user_info_UID_AgHySDtRKqqo3wYuiOqwfpTQjKfk","user_info_UID_JAKoivK8LhMRNZ4hWIk6YFGXKa9u","user_info_UID_NNikwAIyX4nVsg5ShvytR5T73XAZ"]
24-07-12.20:09:55.671 [scheduling-1    ] INFO  GetNewData             - 定时任务扫描的keys:["user_info_UID_YRaZptE7mQpwqkV5XIr1hucsQ2Tx","user_info_UID_i2KXTMg5g6nhAOgWQwo1itlwHnQz","user_info_UID_jLKtbrB1V1dRD1QHAhwevYxVnHta","user_info_UID_7BEJWP7AxUUljdrjgyhwOyciCmBk","user_info_UID_AgHySDtRKqqo3wYuiOqwfpTQjKfk","user_info_UID_JAKoivK8LhMRNZ4hWIk6YFGXKa9u","user_info_UID_NNikwAIyX4nVsg5ShvytR5T73XAZ"]
24-07-12.20:09:58.777 [scheduling-1    ] INFO  GetNewData             - 定时任务扫描的keys:["user_info_UID_YRaZptE7mQpwqkV5XIr1hucsQ2Tx","user_info_UID_i2KXTMg5g6nhAOgWQwo1itlwHnQz","user_info_UID_jLKtbrB1V1dRD1QHAhwevYxVnHta","user_info_UID_7BEJWP7AxUUljdrjgyhwOyciCmBk","user_info_UID_AgHySDtRKqqo3wYuiOqwfpTQjKfk","user_info_UID_JAKoivK8LhMRNZ4hWIk6YFGXKa9u","user_info_UID_NNikwAIyX4nVsg5ShvytR5T73XAZ"]
24-07-12.20:10:01.699 [scheduling-1    ] INFO  GetNewData             - 定时任务扫描的keys:["user_info_UID_YRaZptE7mQpwqkV5XIr1hucsQ2Tx","user_info_UID_i2KXTMg5g6nhAOgWQwo1itlwHnQz","user_info_UID_jLKtbrB1V1dRD1QHAhwevYxVnHta","user_info_UID_7BEJWP7AxUUljdrjgyhwOyciCmBk","user_info_UID_AgHySDtRKqqo3wYuiOqwfpTQjKfk","user_info_UID_JAKoivK8LhMRNZ4hWIk6YFGXKa9u","user_info_UID_NNikwAIyX4nVsg5ShvytR5T73XAZ"]
24-07-12.20:10:04.817 [scheduling-1    ] INFO  GetNewData             - 定时任务扫描的keys:["user_info_UID_YRaZptE7mQpwqkV5XIr1hucsQ2Tx","user_info_UID_i2KXTMg5g6nhAOgWQwo1itlwHnQz","user_info_UID_jLKtbrB1V1dRD1QHAhwevYxVnHta","user_info_UID_7BEJWP7AxUUljdrjgyhwOyciCmBk","user_info_UID_AgHySDtRKqqo3wYuiOqwfpTQjKfk","user_info_UID_JAKoivK8LhMRNZ4hWIk6YFGXKa9u","user_info_UID_NNikwAIyX4nVsg5ShvytR5T73XAZ"]
24-07-12.20:10:07.846 [scheduling-1    ] INFO  GetNewData             - 定时任务扫描的keys:["user_info_UID_YRaZptE7mQpwqkV5XIr1hucsQ2Tx","user_info_UID_i2KXTMg5g6nhAOgWQwo1itlwHnQz","user_info_UID_jLKtbrB1V1dRD1QHAhwevYxVnHta","user_info_UID_7BEJWP7AxUUljdrjgyhwOyciCmBk","user_info_UID_AgHySDtRKqqo3wYuiOqwfpTQjKfk","user_info_UID_JAKoivK8LhMRNZ4hWIk6YFGXKa9u","user_info_UID_NNikwAIyX4nVsg5ShvytR5T73XAZ"]
24-07-12.20:10:10.812 [scheduling-1    ] INFO  GetNewData             - 定时任务扫描的keys:["user_info_UID_YRaZptE7mQpwqkV5XIr1hucsQ2Tx","user_info_UID_i2KXTMg5g6nhAOgWQwo1itlwHnQz","user_info_UID_jLKtbrB1V1dRD1QHAhwevYxVnHta","user_info_UID_7BEJWP7AxUUljdrjgyhwOyciCmBk","user_info_UID_AgHySDtRKqqo3wYuiOqwfpTQjKfk","user_info_UID_JAKoivK8LhMRNZ4hWIk6YFGXKa9u","user_info_UID_NNikwAIyX4nVsg5ShvytR5T73XAZ"]
24-07-12.20:10:13.711 [scheduling-1    ] INFO  GetNewData             - 定时任务扫描的keys:["user_info_UID_YRaZptE7mQpwqkV5XIr1hucsQ2Tx","user_info_UID_i2KXTMg5g6nhAOgWQwo1itlwHnQz","user_info_UID_jLKtbrB1V1dRD1QHAhwevYxVnHta","user_info_UID_7BEJWP7AxUUljdrjgyhwOyciCmBk","user_info_UID_AgHySDtRKqqo3wYuiOqwfpTQjKfk","user_info_UID_JAKoivK8LhMRNZ4hWIk6YFGXKa9u","user_info_UID_NNikwAIyX4nVsg5ShvytR5T73XAZ"]
24-07-12.20:10:16.753 [scheduling-1    ] INFO  GetNewData             - 定时任务扫描的keys:["user_info_UID_YRaZptE7mQpwqkV5XIr1hucsQ2Tx","user_info_UID_i2KXTMg5g6nhAOgWQwo1itlwHnQz","user_info_UID_jLKtbrB1V1dRD1QHAhwevYxVnHta","user_info_UID_7BEJWP7AxUUljdrjgyhwOyciCmBk","user_info_UID_AgHySDtRKqqo3wYuiOqwfpTQjKfk","user_info_UID_JAKoivK8LhMRNZ4hWIk6YFGXKa9u","user_info_UID_NNikwAIyX4nVsg5ShvytR5T73XAZ"]
24-07-12.20:10:19.784 [scheduling-1    ] INFO  GetNewData             - 定时任务扫描的keys:["user_info_UID_YRaZptE7mQpwqkV5XIr1hucsQ2Tx","user_info_UID_i2KXTMg5g6nhAOgWQwo1itlwHnQz","user_info_UID_jLKtbrB1V1dRD1QHAhwevYxVnHta","user_info_UID_7BEJWP7AxUUljdrjgyhwOyciCmBk","user_info_UID_AgHySDtRKqqo3wYuiOqwfpTQjKfk","user_info_UID_JAKoivK8LhMRNZ4hWIk6YFGXKa9u","user_info_UID_NNikwAIyX4nVsg5ShvytR5T73XAZ"]
24-07-12.20:10:22.734 [scheduling-1    ] INFO  GetNewData             - 定时任务扫描的keys:["user_info_UID_YRaZptE7mQpwqkV5XIr1hucsQ2Tx","user_info_UID_i2KXTMg5g6nhAOgWQwo1itlwHnQz","user_info_UID_jLKtbrB1V1dRD1QHAhwevYxVnHta","user_info_UID_7BEJWP7AxUUljdrjgyhwOyciCmBk","user_info_UID_AgHySDtRKqqo3wYuiOqwfpTQjKfk","user_info_UID_JAKoivK8LhMRNZ4hWIk6YFGXKa9u","user_info_UID_NNikwAIyX4nVsg5ShvytR5T73XAZ"]
24-07-12.20:10:25.940 [scheduling-1    ] INFO  GetNewData             - 定时任务扫描的keys:["user_info_UID_YRaZptE7mQpwqkV5XIr1hucsQ2Tx","user_info_UID_i2KXTMg5g6nhAOgWQwo1itlwHnQz","user_info_UID_jLKtbrB1V1dRD1QHAhwevYxVnHta","user_info_UID_7BEJWP7AxUUljdrjgyhwOyciCmBk","user_info_UID_AgHySDtRKqqo3wYuiOqwfpTQjKfk","user_info_UID_JAKoivK8LhMRNZ4hWIk6YFGXKa9u","user_info_UID_NNikwAIyX4nVsg5ShvytR5T73XAZ"]
24-07-12.20:10:28.687 [scheduling-1    ] INFO  GetNewData             - 定时任务扫描的keys:["user_info_UID_YRaZptE7mQpwqkV5XIr1hucsQ2Tx","user_info_UID_i2KXTMg5g6nhAOgWQwo1itlwHnQz","user_info_UID_jLKtbrB1V1dRD1QHAhwevYxVnHta","user_info_UID_7BEJWP7AxUUljdrjgyhwOyciCmBk","user_info_UID_AgHySDtRKqqo3wYuiOqwfpTQjKfk","user_info_UID_JAKoivK8LhMRNZ4hWIk6YFGXKa9u","user_info_UID_NNikwAIyX4nVsg5ShvytR5T73XAZ"]
24-07-12.20:10:31.618 [scheduling-1    ] INFO  GetNewData             - 定时任务扫描的keys:["user_info_UID_YRaZptE7mQpwqkV5XIr1hucsQ2Tx","user_info_UID_i2KXTMg5g6nhAOgWQwo1itlwHnQz","user_info_UID_jLKtbrB1V1dRD1QHAhwevYxVnHta","user_info_UID_7BEJWP7AxUUljdrjgyhwOyciCmBk","user_info_UID_AgHySDtRKqqo3wYuiOqwfpTQjKfk","user_info_UID_JAKoivK8LhMRNZ4hWIk6YFGXKa9u","user_info_UID_NNikwAIyX4nVsg5ShvytR5T73XAZ"]
24-07-12.20:10:34.767 [scheduling-1    ] INFO  GetNewData             - 定时任务扫描的keys:["user_info_UID_YRaZptE7mQpwqkV5XIr1hucsQ2Tx","user_info_UID_i2KXTMg5g6nhAOgWQwo1itlwHnQz","user_info_UID_jLKtbrB1V1dRD1QHAhwevYxVnHta","user_info_UID_7BEJWP7AxUUljdrjgyhwOyciCmBk","user_info_UID_AgHySDtRKqqo3wYuiOqwfpTQjKfk","user_info_UID_JAKoivK8LhMRNZ4hWIk6YFGXKa9u","user_info_UID_NNikwAIyX4nVsg5ShvytR5T73XAZ"]
24-07-12.20:10:37.722 [scheduling-1    ] INFO  GetNewData             - 定时任务扫描的keys:["user_info_UID_YRaZptE7mQpwqkV5XIr1hucsQ2Tx","user_info_UID_i2KXTMg5g6nhAOgWQwo1itlwHnQz","user_info_UID_jLKtbrB1V1dRD1QHAhwevYxVnHta","user_info_UID_7BEJWP7AxUUljdrjgyhwOyciCmBk","user_info_UID_AgHySDtRKqqo3wYuiOqwfpTQjKfk","user_info_UID_JAKoivK8LhMRNZ4hWIk6YFGXKa9u","user_info_UID_NNikwAIyX4nVsg5ShvytR5T73XAZ"]
24-07-12.20:10:40.755 [scheduling-1    ] INFO  GetNewData             - 定时任务扫描的keys:["user_info_UID_YRaZptE7mQpwqkV5XIr1hucsQ2Tx","user_info_UID_i2KXTMg5g6nhAOgWQwo1itlwHnQz","user_info_UID_jLKtbrB1V1dRD1QHAhwevYxVnHta","user_info_UID_7BEJWP7AxUUljdrjgyhwOyciCmBk","user_info_UID_AgHySDtRKqqo3wYuiOqwfpTQjKfk","user_info_UID_JAKoivK8LhMRNZ4hWIk6YFGXKa9u","user_info_UID_NNikwAIyX4nVsg5ShvytR5T73XAZ"]
24-07-12.20:10:43.661 [scheduling-1    ] INFO  GetNewData             - 定时任务扫描的keys:["user_info_UID_YRaZptE7mQpwqkV5XIr1hucsQ2Tx","user_info_UID_i2KXTMg5g6nhAOgWQwo1itlwHnQz","user_info_UID_jLKtbrB1V1dRD1QHAhwevYxVnHta","user_info_UID_7BEJWP7AxUUljdrjgyhwOyciCmBk","user_info_UID_AgHySDtRKqqo3wYuiOqwfpTQjKfk","user_info_UID_JAKoivK8LhMRNZ4hWIk6YFGXKa9u","user_info_UID_NNikwAIyX4nVsg5ShvytR5T73XAZ"]
24-07-12.20:10:46.671 [scheduling-1    ] INFO  GetNewData             - 定时任务扫描的keys:["user_info_UID_YRaZptE7mQpwqkV5XIr1hucsQ2Tx","user_info_UID_i2KXTMg5g6nhAOgWQwo1itlwHnQz","user_info_UID_jLKtbrB1V1dRD1QHAhwevYxVnHta","user_info_UID_7BEJWP7AxUUljdrjgyhwOyciCmBk","user_info_UID_AgHySDtRKqqo3wYuiOqwfpTQjKfk","user_info_UID_JAKoivK8LhMRNZ4hWIk6YFGXKa9u","user_info_UID_NNikwAIyX4nVsg5ShvytR5T73XAZ"]
24-07-12.20:10:49.626 [scheduling-1    ] INFO  GetNewData             - 定时任务扫描的keys:["user_info_UID_YRaZptE7mQpwqkV5XIr1hucsQ2Tx","user_info_UID_i2KXTMg5g6nhAOgWQwo1itlwHnQz","user_info_UID_jLKtbrB1V1dRD1QHAhwevYxVnHta","user_info_UID_7BEJWP7AxUUljdrjgyhwOyciCmBk","user_info_UID_AgHySDtRKqqo3wYuiOqwfpTQjKfk","user_info_UID_JAKoivK8LhMRNZ4hWIk6YFGXKa9u","user_info_UID_NNikwAIyX4nVsg5ShvytR5T73XAZ"]
24-07-12.20:10:52.760 [scheduling-1    ] INFO  GetNewData             - 定时任务扫描的keys:["user_info_UID_YRaZptE7mQpwqkV5XIr1hucsQ2Tx","user_info_UID_i2KXTMg5g6nhAOgWQwo1itlwHnQz","user_info_UID_jLKtbrB1V1dRD1QHAhwevYxVnHta","user_info_UID_7BEJWP7AxUUljdrjgyhwOyciCmBk","user_info_UID_AgHySDtRKqqo3wYuiOqwfpTQjKfk","user_info_UID_JAKoivK8LhMRNZ4hWIk6YFGXKa9u","user_info_UID_NNikwAIyX4nVsg5ShvytR5T73XAZ"]
24-07-12.20:10:55.720 [scheduling-1    ] INFO  GetNewData             - 定时任务扫描的keys:["user_info_UID_YRaZptE7mQpwqkV5XIr1hucsQ2Tx","user_info_UID_i2KXTMg5g6nhAOgWQwo1itlwHnQz","user_info_UID_jLKtbrB1V1dRD1QHAhwevYxVnHta","user_info_UID_7BEJWP7AxUUljdrjgyhwOyciCmBk","user_info_UID_AgHySDtRKqqo3wYuiOqwfpTQjKfk","user_info_UID_JAKoivK8LhMRNZ4hWIk6YFGXKa9u","user_info_UID_NNikwAIyX4nVsg5ShvytR5T73XAZ"]
24-07-12.20:10:56.242 [scheduling-1    ] INFO  GetNewData             - 网站数据:2.8,已经达到用户设置的阈值上限:2.5,向 UID_7BEJWP7AxUUljdrjgyhwOyciCmBk 发送一次邮件
24-07-12.20:10:58.691 [scheduling-1    ] INFO  GetNewData             - 定时任务扫描的keys:["user_info_UID_YRaZptE7mQpwqkV5XIr1hucsQ2Tx","user_info_UID_i2KXTMg5g6nhAOgWQwo1itlwHnQz","user_info_UID_jLKtbrB1V1dRD1QHAhwevYxVnHta","user_info_UID_7BEJWP7AxUUljdrjgyhwOyciCmBk","user_info_UID_AgHySDtRKqqo3wYuiOqwfpTQjKfk","user_info_UID_JAKoivK8LhMRNZ4hWIk6YFGXKa9u","user_info_UID_NNikwAIyX4nVsg5ShvytR5T73XAZ"]
24-07-12.20:10:59.368 [scheduling-1    ] INFO  GetNewData             - 网站数据:2.66,已经达到用户设置的阈值上限:2.5,向 UID_AgHySDtRKqqo3wYuiOqwfpTQjKfk 发送一次邮件
24-07-12.20:11:01.804 [scheduling-1    ] INFO  GetNewData             - 定时任务扫描的keys:["user_info_UID_YRaZptE7mQpwqkV5XIr1hucsQ2Tx","user_info_UID_i2KXTMg5g6nhAOgWQwo1itlwHnQz","user_info_UID_jLKtbrB1V1dRD1QHAhwevYxVnHta","user_info_UID_7BEJWP7AxUUljdrjgyhwOyciCmBk","user_info_UID_AgHySDtRKqqo3wYuiOqwfpTQjKfk","user_info_UID_JAKoivK8LhMRNZ4hWIk6YFGXKa9u","user_info_UID_NNikwAIyX4nVsg5ShvytR5T73XAZ"]
24-07-12.20:11:04.639 [scheduling-1    ] INFO  GetNewData             - 定时任务扫描的keys:["user_info_UID_YRaZptE7mQpwqkV5XIr1hucsQ2Tx","user_info_UID_i2KXTMg5g6nhAOgWQwo1itlwHnQz","user_info_UID_jLKtbrB1V1dRD1QHAhwevYxVnHta","user_info_UID_7BEJWP7AxUUljdrjgyhwOyciCmBk","user_info_UID_AgHySDtRKqqo3wYuiOqwfpTQjKfk","user_info_UID_JAKoivK8LhMRNZ4hWIk6YFGXKa9u","user_info_UID_NNikwAIyX4nVsg5ShvytR5T73XAZ"]
24-07-12.20:11:07.704 [scheduling-1    ] INFO  GetNewData             - 定时任务扫描的keys:["user_info_UID_YRaZptE7mQpwqkV5XIr1hucsQ2Tx","user_info_UID_i2KXTMg5g6nhAOgWQwo1itlwHnQz","user_info_UID_jLKtbrB1V1dRD1QHAhwevYxVnHta","user_info_UID_7BEJWP7AxUUljdrjgyhwOyciCmBk","user_info_UID_AgHySDtRKqqo3wYuiOqwfpTQjKfk","user_info_UID_JAKoivK8LhMRNZ4hWIk6YFGXKa9u","user_info_UID_NNikwAIyX4nVsg5ShvytR5T73XAZ"]
24-07-12.20:11:10.713 [scheduling-1    ] INFO  GetNewData             - 定时任务扫描的keys:["user_info_UID_YRaZptE7mQpwqkV5XIr1hucsQ2Tx","user_info_UID_i2KXTMg5g6nhAOgWQwo1itlwHnQz","user_info_UID_jLKtbrB1V1dRD1QHAhwevYxVnHta","user_info_UID_7BEJWP7AxUUljdrjgyhwOyciCmBk","user_info_UID_AgHySDtRKqqo3wYuiOqwfpTQjKfk","user_info_UID_JAKoivK8LhMRNZ4hWIk6YFGXKa9u","user_info_UID_NNikwAIyX4nVsg5ShvytR5T73XAZ"]
24-07-12.20:11:10.938 [scheduling-1    ] INFO  GetNewData             - 网站数据:0.77,已经达到用户设置的阈值上限:0.6,向 UID_jLKtbrB1V1dRD1QHAhwevYxVnHta 发送一次邮件
24-07-12.20:11:13.737 [scheduling-1    ] INFO  GetNewData             - 定时任务扫描的keys:["user_info_UID_YRaZptE7mQpwqkV5XIr1hucsQ2Tx","user_info_UID_i2KXTMg5g6nhAOgWQwo1itlwHnQz","user_info_UID_jLKtbrB1V1dRD1QHAhwevYxVnHta","user_info_UID_7BEJWP7AxUUljdrjgyhwOyciCmBk","user_info_UID_AgHySDtRKqqo3wYuiOqwfpTQjKfk","user_info_UID_JAKoivK8LhMRNZ4hWIk6YFGXKa9u","user_info_UID_NNikwAIyX4nVsg5ShvytR5T73XAZ"]
24-07-12.20:11:16.724 [scheduling-1    ] INFO  GetNewData             - 定时任务扫描的keys:["user_info_UID_YRaZptE7mQpwqkV5XIr1hucsQ2Tx","user_info_UID_i2KXTMg5g6nhAOgWQwo1itlwHnQz","user_info_UID_jLKtbrB1V1dRD1QHAhwevYxVnHta","user_info_UID_7BEJWP7AxUUljdrjgyhwOyciCmBk","user_info_UID_AgHySDtRKqqo3wYuiOqwfpTQjKfk","user_info_UID_JAKoivK8LhMRNZ4hWIk6YFGXKa9u","user_info_UID_NNikwAIyX4nVsg5ShvytR5T73XAZ"]
24-07-12.20:11:17.108 [scheduling-1    ] INFO  GetNewData             - 网站数据:0.78,已经达到用户设置的阈值下限:6,向 UID_jLKtbrB1V1dRD1QHAhwevYxVnHta 发送一次邮件
24-07-12.20:11:19.684 [scheduling-1    ] INFO  GetNewData             - 定时任务扫描的keys:["user_info_UID_YRaZptE7mQpwqkV5XIr1hucsQ2Tx","user_info_UID_i2KXTMg5g6nhAOgWQwo1itlwHnQz","user_info_UID_jLKtbrB1V1dRD1QHAhwevYxVnHta","user_info_UID_7BEJWP7AxUUljdrjgyhwOyciCmBk","user_info_UID_AgHySDtRKqqo3wYuiOqwfpTQjKfk","user_info_UID_JAKoivK8LhMRNZ4hWIk6YFGXKa9u","user_info_UID_NNikwAIyX4nVsg5ShvytR5T73XAZ"]
24-07-12.20:11:22.615 [scheduling-1    ] INFO  GetNewData             - 定时任务扫描的keys:["user_info_UID_YRaZptE7mQpwqkV5XIr1hucsQ2Tx","user_info_UID_i2KXTMg5g6nhAOgWQwo1itlwHnQz","user_info_UID_jLKtbrB1V1dRD1QHAhwevYxVnHta","user_info_UID_7BEJWP7AxUUljdrjgyhwOyciCmBk","user_info_UID_AgHySDtRKqqo3wYuiOqwfpTQjKfk","user_info_UID_JAKoivK8LhMRNZ4hWIk6YFGXKa9u","user_info_UID_NNikwAIyX4nVsg5ShvytR5T73XAZ"]
24-07-12.20:11:25.741 [scheduling-1    ] INFO  GetNewData             - 定时任务扫描的keys:["user_info_UID_YRaZptE7mQpwqkV5XIr1hucsQ2Tx","user_info_UID_i2KXTMg5g6nhAOgWQwo1itlwHnQz","user_info_UID_jLKtbrB1V1dRD1QHAhwevYxVnHta","user_info_UID_7BEJWP7AxUUljdrjgyhwOyciCmBk","user_info_UID_AgHySDtRKqqo3wYuiOqwfpTQjKfk","user_info_UID_JAKoivK8LhMRNZ4hWIk6YFGXKa9u","user_info_UID_NNikwAIyX4nVsg5ShvytR5T73XAZ"]
24-07-12.20:11:28.719 [scheduling-1    ] INFO  GetNewData             - 定时任务扫描的keys:["user_info_UID_YRaZptE7mQpwqkV5XIr1hucsQ2Tx","user_info_UID_i2KXTMg5g6nhAOgWQwo1itlwHnQz","user_info_UID_jLKtbrB1V1dRD1QHAhwevYxVnHta","user_info_UID_7BEJWP7AxUUljdrjgyhwOyciCmBk","user_info_UID_AgHySDtRKqqo3wYuiOqwfpTQjKfk","user_info_UID_JAKoivK8LhMRNZ4hWIk6YFGXKa9u","user_info_UID_NNikwAIyX4nVsg5ShvytR5T73XAZ"]
24-07-12.20:11:31.726 [scheduling-1    ] INFO  GetNewData             - 定时任务扫描的keys:["user_info_UID_YRaZptE7mQpwqkV5XIr1hucsQ2Tx","user_info_UID_i2KXTMg5g6nhAOgWQwo1itlwHnQz","user_info_UID_jLKtbrB1V1dRD1QHAhwevYxVnHta","user_info_UID_7BEJWP7AxUUljdrjgyhwOyciCmBk","user_info_UID_AgHySDtRKqqo3wYuiOqwfpTQjKfk","user_info_UID_JAKoivK8LhMRNZ4hWIk6YFGXKa9u","user_info_UID_NNikwAIyX4nVsg5ShvytR5T73XAZ"]
24-07-12.20:11:34.904 [scheduling-1    ] INFO  GetNewData             - 定时任务扫描的keys:["user_info_UID_YRaZptE7mQpwqkV5XIr1hucsQ2Tx","user_info_UID_i2KXTMg5g6nhAOgWQwo1itlwHnQz","user_info_UID_jLKtbrB1V1dRD1QHAhwevYxVnHta","user_info_UID_7BEJWP7AxUUljdrjgyhwOyciCmBk","user_info_UID_AgHySDtRKqqo3wYuiOqwfpTQjKfk","user_info_UID_JAKoivK8LhMRNZ4hWIk6YFGXKa9u","user_info_UID_NNikwAIyX4nVsg5ShvytR5T73XAZ"]
24-07-12.20:11:37.768 [scheduling-1    ] INFO  GetNewData             - 定时任务扫描的keys:["user_info_UID_YRaZptE7mQpwqkV5XIr1hucsQ2Tx","user_info_UID_i2KXTMg5g6nhAOgWQwo1itlwHnQz","user_info_UID_jLKtbrB1V1dRD1QHAhwevYxVnHta","user_info_UID_7BEJWP7AxUUljdrjgyhwOyciCmBk","user_info_UID_AgHySDtRKqqo3wYuiOqwfpTQjKfk","user_info_UID_JAKoivK8LhMRNZ4hWIk6YFGXKa9u","user_info_UID_NNikwAIyX4nVsg5ShvytR5T73XAZ"]
24-07-12.20:11:40.719 [scheduling-1    ] INFO  GetNewData             - 定时任务扫描的keys:["user_info_UID_YRaZptE7mQpwqkV5XIr1hucsQ2Tx","user_info_UID_i2KXTMg5g6nhAOgWQwo1itlwHnQz","user_info_UID_jLKtbrB1V1dRD1QHAhwevYxVnHta","user_info_UID_7BEJWP7AxUUljdrjgyhwOyciCmBk","user_info_UID_AgHySDtRKqqo3wYuiOqwfpTQjKfk","user_info_UID_JAKoivK8LhMRNZ4hWIk6YFGXKa9u","user_info_UID_NNikwAIyX4nVsg5ShvytR5T73XAZ"]
24-07-12.20:11:41.131 [scheduling-1    ] INFO  GetNewData             - 网站数据:0.78,已经达到用户设置的阈值下限:6,向 UID_jLKtbrB1V1dRD1QHAhwevYxVnHta 发送一次邮件
24-07-12.20:11:43.701 [scheduling-1    ] INFO  GetNewData             - 定时任务扫描的keys:["user_info_UID_YRaZptE7mQpwqkV5XIr1hucsQ2Tx","user_info_UID_i2KXTMg5g6nhAOgWQwo1itlwHnQz","user_info_UID_jLKtbrB1V1dRD1QHAhwevYxVnHta","user_info_UID_7BEJWP7AxUUljdrjgyhwOyciCmBk","user_info_UID_AgHySDtRKqqo3wYuiOqwfpTQjKfk","user_info_UID_JAKoivK8LhMRNZ4hWIk6YFGXKa9u","user_info_UID_NNikwAIyX4nVsg5ShvytR5T73XAZ"]
24-07-12.20:11:46.714 [scheduling-1    ] INFO  GetNewData             - 定时任务扫描的keys:["user_info_UID_YRaZptE7mQpwqkV5XIr1hucsQ2Tx","user_info_UID_i2KXTMg5g6nhAOgWQwo1itlwHnQz","user_info_UID_jLKtbrB1V1dRD1QHAhwevYxVnHta","user_info_UID_7BEJWP7AxUUljdrjgyhwOyciCmBk","user_info_UID_AgHySDtRKqqo3wYuiOqwfpTQjKfk","user_info_UID_JAKoivK8LhMRNZ4hWIk6YFGXKa9u","user_info_UID_NNikwAIyX4nVsg5ShvytR5T73XAZ"]
24-07-12.20:11:46.968 [scheduling-1    ] INFO  GetNewData             - 网站数据:0.77,已经达到用户设置的阈值上限:0.6,向 UID_jLKtbrB1V1dRD1QHAhwevYxVnHta 发送一次邮件
24-07-12.20:11:49.844 [scheduling-1    ] INFO  GetNewData             - 定时任务扫描的keys:["user_info_UID_YRaZptE7mQpwqkV5XIr1hucsQ2Tx","user_info_UID_i2KXTMg5g6nhAOgWQwo1itlwHnQz","user_info_UID_jLKtbrB1V1dRD1QHAhwevYxVnHta","user_info_UID_7BEJWP7AxUUljdrjgyhwOyciCmBk","user_info_UID_AgHySDtRKqqo3wYuiOqwfpTQjKfk","user_info_UID_JAKoivK8LhMRNZ4hWIk6YFGXKa9u","user_info_UID_NNikwAIyX4nVsg5ShvytR5T73XAZ"]
24-07-12.20:11:52.813 [scheduling-1    ] INFO  GetNewData             - 定时任务扫描的keys:["user_info_UID_YRaZptE7mQpwqkV5XIr1hucsQ2Tx","user_info_UID_i2KXTMg5g6nhAOgWQwo1itlwHnQz","user_info_UID_jLKtbrB1V1dRD1QHAhwevYxVnHta","user_info_UID_7BEJWP7AxUUljdrjgyhwOyciCmBk","user_info_UID_AgHySDtRKqqo3wYuiOqwfpTQjKfk","user_info_UID_JAKoivK8LhMRNZ4hWIk6YFGXKa9u","user_info_UID_NNikwAIyX4nVsg5ShvytR5T73XAZ"]
24-07-12.20:11:55.712 [scheduling-1    ] INFO  GetNewData             - 定时任务扫描的keys:["user_info_UID_YRaZptE7mQpwqkV5XIr1hucsQ2Tx","user_info_UID_i2KXTMg5g6nhAOgWQwo1itlwHnQz","user_info_UID_jLKtbrB1V1dRD1QHAhwevYxVnHta","user_info_UID_7BEJWP7AxUUljdrjgyhwOyciCmBk","user_info_UID_AgHySDtRKqqo3wYuiOqwfpTQjKfk","user_info_UID_JAKoivK8LhMRNZ4hWIk6YFGXKa9u","user_info_UID_NNikwAIyX4nVsg5ShvytR5T73XAZ"]
24-07-12.20:11:58.736 [scheduling-1    ] INFO  GetNewData             - 定时任务扫描的keys:["user_info_UID_YRaZptE7mQpwqkV5XIr1hucsQ2Tx","user_info_UID_i2KXTMg5g6nhAOgWQwo1itlwHnQz","user_info_UID_jLKtbrB1V1dRD1QHAhwevYxVnHta","user_info_UID_7BEJWP7AxUUljdrjgyhwOyciCmBk","user_info_UID_AgHySDtRKqqo3wYuiOqwfpTQjKfk","user_info_UID_JAKoivK8LhMRNZ4hWIk6YFGXKa9u","user_info_UID_NNikwAIyX4nVsg5ShvytR5T73XAZ"]
24-07-12.20:12:01.725 [scheduling-1    ] INFO  GetNewData             - 定时任务扫描的keys:["user_info_UID_YRaZptE7mQpwqkV5XIr1hucsQ2Tx","user_info_UID_i2KXTMg5g6nhAOgWQwo1itlwHnQz","user_info_UID_jLKtbrB1V1dRD1QHAhwevYxVnHta","user_info_UID_7BEJWP7AxUUljdrjgyhwOyciCmBk","user_info_UID_AgHySDtRKqqo3wYuiOqwfpTQjKfk","user_info_UID_JAKoivK8LhMRNZ4hWIk6YFGXKa9u","user_info_UID_NNikwAIyX4nVsg5ShvytR5T73XAZ"]
24-07-12.20:12:04.650 [scheduling-1    ] INFO  GetNewData             - 定时任务扫描的keys:["user_info_UID_YRaZptE7mQpwqkV5XIr1hucsQ2Tx","user_info_UID_i2KXTMg5g6nhAOgWQwo1itlwHnQz","user_info_UID_jLKtbrB1V1dRD1QHAhwevYxVnHta","user_info_UID_7BEJWP7AxUUljdrjgyhwOyciCmBk","user_info_UID_AgHySDtRKqqo3wYuiOqwfpTQjKfk","user_info_UID_JAKoivK8LhMRNZ4hWIk6YFGXKa9u","user_info_UID_NNikwAIyX4nVsg5ShvytR5T73XAZ"]
24-07-12.20:12:07.691 [scheduling-1    ] INFO  GetNewData             - 定时任务扫描的keys:["user_info_UID_YRaZptE7mQpwqkV5XIr1hucsQ2Tx","user_info_UID_i2KXTMg5g6nhAOgWQwo1itlwHnQz","user_info_UID_jLKtbrB1V1dRD1QHAhwevYxVnHta","user_info_UID_7BEJWP7AxUUljdrjgyhwOyciCmBk","user_info_UID_AgHySDtRKqqo3wYuiOqwfpTQjKfk","user_info_UID_JAKoivK8LhMRNZ4hWIk6YFGXKa9u","user_info_UID_NNikwAIyX4nVsg5ShvytR5T73XAZ"]
24-07-12.20:12:10.703 [scheduling-1    ] INFO  GetNewData             - 定时任务扫描的keys:["user_info_UID_YRaZptE7mQpwqkV5XIr1hucsQ2Tx","user_info_UID_i2KXTMg5g6nhAOgWQwo1itlwHnQz","user_info_UID_jLKtbrB1V1dRD1QHAhwevYxVnHta","user_info_UID_7BEJWP7AxUUljdrjgyhwOyciCmBk","user_info_UID_AgHySDtRKqqo3wYuiOqwfpTQjKfk","user_info_UID_JAKoivK8LhMRNZ4hWIk6YFGXKa9u","user_info_UID_NNikwAIyX4nVsg5ShvytR5T73XAZ"]
24-07-12.20:12:13.688 [scheduling-1    ] INFO  GetNewData             - 定时任务扫描的keys:["user_info_UID_YRaZptE7mQpwqkV5XIr1hucsQ2Tx","user_info_UID_i2KXTMg5g6nhAOgWQwo1itlwHnQz","user_info_UID_jLKtbrB1V1dRD1QHAhwevYxVnHta","user_info_UID_7BEJWP7AxUUljdrjgyhwOyciCmBk","user_info_UID_AgHySDtRKqqo3wYuiOqwfpTQjKfk","user_info_UID_JAKoivK8LhMRNZ4hWIk6YFGXKa9u","user_info_UID_NNikwAIyX4nVsg5ShvytR5T73XAZ"]
24-07-12.20:12:16.758 [scheduling-1    ] INFO  GetNewData             - 定时任务扫描的keys:["user_info_UID_YRaZptE7mQpwqkV5XIr1hucsQ2Tx","user_info_UID_i2KXTMg5g6nhAOgWQwo1itlwHnQz","user_info_UID_jLKtbrB1V1dRD1QHAhwevYxVnHta","user_info_UID_7BEJWP7AxUUljdrjgyhwOyciCmBk","user_info_UID_AgHySDtRKqqo3wYuiOqwfpTQjKfk","user_info_UID_JAKoivK8LhMRNZ4hWIk6YFGXKa9u","user_info_UID_NNikwAIyX4nVsg5ShvytR5T73XAZ"]
24-07-12.20:12:19.788 [scheduling-1    ] INFO  GetNewData             - 定时任务扫描的keys:["user_info_UID_YRaZptE7mQpwqkV5XIr1hucsQ2Tx","user_info_UID_i2KXTMg5g6nhAOgWQwo1itlwHnQz","user_info_UID_jLKtbrB1V1dRD1QHAhwevYxVnHta","user_info_UID_7BEJWP7AxUUljdrjgyhwOyciCmBk","user_info_UID_AgHySDtRKqqo3wYuiOqwfpTQjKfk","user_info_UID_JAKoivK8LhMRNZ4hWIk6YFGXKa9u","user_info_UID_NNikwAIyX4nVsg5ShvytR5T73XAZ"]
24-07-12.20:12:22.669 [scheduling-1    ] INFO  GetNewData             - 定时任务扫描的keys:["user_info_UID_YRaZptE7mQpwqkV5XIr1hucsQ2Tx","user_info_UID_i2KXTMg5g6nhAOgWQwo1itlwHnQz","user_info_UID_jLKtbrB1V1dRD1QHAhwevYxVnHta","user_info_UID_7BEJWP7AxUUljdrjgyhwOyciCmBk","user_info_UID_AgHySDtRKqqo3wYuiOqwfpTQjKfk","user_info_UID_JAKoivK8LhMRNZ4hWIk6YFGXKa9u","user_info_UID_NNikwAIyX4nVsg5ShvytR5T73XAZ"]
24-07-12.20:12:25.682 [scheduling-1    ] INFO  GetNewData             - 定时任务扫描的keys:["user_info_UID_YRaZptE7mQpwqkV5XIr1hucsQ2Tx","user_info_UID_i2KXTMg5g6nhAOgWQwo1itlwHnQz","user_info_UID_jLKtbrB1V1dRD1QHAhwevYxVnHta","user_info_UID_7BEJWP7AxUUljdrjgyhwOyciCmBk","user_info_UID_AgHySDtRKqqo3wYuiOqwfpTQjKfk","user_info_UID_JAKoivK8LhMRNZ4hWIk6YFGXKa9u","user_info_UID_NNikwAIyX4nVsg5ShvytR5T73XAZ"]
24-07-12.20:12:28.714 [scheduling-1    ] INFO  GetNewData             - 定时任务扫描的keys:["user_info_UID_YRaZptE7mQpwqkV5XIr1hucsQ2Tx","user_info_UID_i2KXTMg5g6nhAOgWQwo1itlwHnQz","user_info_UID_jLKtbrB1V1dRD1QHAhwevYxVnHta","user_info_UID_7BEJWP7AxUUljdrjgyhwOyciCmBk","user_info_UID_AgHySDtRKqqo3wYuiOqwfpTQjKfk","user_info_UID_JAKoivK8LhMRNZ4hWIk6YFGXKa9u","user_info_UID_NNikwAIyX4nVsg5ShvytR5T73XAZ"]
24-07-12.20:12:31.666 [scheduling-1    ] INFO  GetNewData             - 定时任务扫描的keys:["user_info_UID_YRaZptE7mQpwqkV5XIr1hucsQ2Tx","user_info_UID_i2KXTMg5g6nhAOgWQwo1itlwHnQz","user_info_UID_jLKtbrB1V1dRD1QHAhwevYxVnHta","user_info_UID_7BEJWP7AxUUljdrjgyhwOyciCmBk","user_info_UID_AgHySDtRKqqo3wYuiOqwfpTQjKfk","user_info_UID_JAKoivK8LhMRNZ4hWIk6YFGXKa9u","user_info_UID_NNikwAIyX4nVsg5ShvytR5T73XAZ"]
24-07-12.20:12:34.722 [scheduling-1    ] INFO  GetNewData             - 定时任务扫描的keys:["user_info_UID_YRaZptE7mQpwqkV5XIr1hucsQ2Tx","user_info_UID_i2KXTMg5g6nhAOgWQwo1itlwHnQz","user_info_UID_jLKtbrB1V1dRD1QHAhwevYxVnHta","user_info_UID_7BEJWP7AxUUljdrjgyhwOyciCmBk","user_info_UID_AgHySDtRKqqo3wYuiOqwfpTQjKfk","user_info_UID_JAKoivK8LhMRNZ4hWIk6YFGXKa9u","user_info_UID_NNikwAIyX4nVsg5ShvytR5T73XAZ"]
24-07-12.20:12:37.668 [scheduling-1    ] INFO  GetNewData             - 定时任务扫描的keys:["user_info_UID_YRaZptE7mQpwqkV5XIr1hucsQ2Tx","user_info_UID_i2KXTMg5g6nhAOgWQwo1itlwHnQz","user_info_UID_jLKtbrB1V1dRD1QHAhwevYxVnHta","user_info_UID_7BEJWP7AxUUljdrjgyhwOyciCmBk","user_info_UID_AgHySDtRKqqo3wYuiOqwfpTQjKfk","user_info_UID_JAKoivK8LhMRNZ4hWIk6YFGXKa9u","user_info_UID_NNikwAIyX4nVsg5ShvytR5T73XAZ"]
24-07-12.20:12:40.774 [scheduling-1    ] INFO  GetNewData             - 定时任务扫描的keys:["user_info_UID_YRaZptE7mQpwqkV5XIr1hucsQ2Tx","user_info_UID_i2KXTMg5g6nhAOgWQwo1itlwHnQz","user_info_UID_jLKtbrB1V1dRD1QHAhwevYxVnHta","user_info_UID_7BEJWP7AxUUljdrjgyhwOyciCmBk","user_info_UID_AgHySDtRKqqo3wYuiOqwfpTQjKfk","user_info_UID_JAKoivK8LhMRNZ4hWIk6YFGXKa9u","user_info_UID_NNikwAIyX4nVsg5ShvytR5T73XAZ"]
24-07-12.20:12:43.698 [scheduling-1    ] INFO  GetNewData             - 定时任务扫描的keys:["user_info_UID_YRaZptE7mQpwqkV5XIr1hucsQ2Tx","user_info_UID_i2KXTMg5g6nhAOgWQwo1itlwHnQz","user_info_UID_jLKtbrB1V1dRD1QHAhwevYxVnHta","user_info_UID_7BEJWP7AxUUljdrjgyhwOyciCmBk","user_info_UID_AgHySDtRKqqo3wYuiOqwfpTQjKfk","user_info_UID_JAKoivK8LhMRNZ4hWIk6YFGXKa9u","user_info_UID_NNikwAIyX4nVsg5ShvytR5T73XAZ"]
24-07-12.20:12:46.863 [scheduling-1    ] INFO  GetNewData             - 定时任务扫描的keys:["user_info_UID_YRaZptE7mQpwqkV5XIr1hucsQ2Tx","user_info_UID_i2KXTMg5g6nhAOgWQwo1itlwHnQz","user_info_UID_jLKtbrB1V1dRD1QHAhwevYxVnHta","user_info_UID_7BEJWP7AxUUljdrjgyhwOyciCmBk","user_info_UID_AgHySDtRKqqo3wYuiOqwfpTQjKfk","user_info_UID_JAKoivK8LhMRNZ4hWIk6YFGXKa9u","user_info_UID_NNikwAIyX4nVsg5ShvytR5T73XAZ"]
24-07-12.20:12:49.741 [scheduling-1    ] INFO  GetNewData             - 定时任务扫描的keys:["user_info_UID_YRaZptE7mQpwqkV5XIr1hucsQ2Tx","user_info_UID_i2KXTMg5g6nhAOgWQwo1itlwHnQz","user_info_UID_jLKtbrB1V1dRD1QHAhwevYxVnHta","user_info_UID_7BEJWP7AxUUljdrjgyhwOyciCmBk","user_info_UID_AgHySDtRKqqo3wYuiOqwfpTQjKfk","user_info_UID_JAKoivK8LhMRNZ4hWIk6YFGXKa9u","user_info_UID_NNikwAIyX4nVsg5ShvytR5T73XAZ"]
24-07-12.20:12:52.705 [scheduling-1    ] INFO  GetNewData             - 定时任务扫描的keys:["user_info_UID_YRaZptE7mQpwqkV5XIr1hucsQ2Tx","user_info_UID_i2KXTMg5g6nhAOgWQwo1itlwHnQz","user_info_UID_jLKtbrB1V1dRD1QHAhwevYxVnHta","user_info_UID_7BEJWP7AxUUljdrjgyhwOyciCmBk","user_info_UID_AgHySDtRKqqo3wYuiOqwfpTQjKfk","user_info_UID_JAKoivK8LhMRNZ4hWIk6YFGXKa9u","user_info_UID_NNikwAIyX4nVsg5ShvytR5T73XAZ"]
24-07-12.20:12:55.686 [scheduling-1    ] INFO  GetNewData             - 定时任务扫描的keys:["user_info_UID_YRaZptE7mQpwqkV5XIr1hucsQ2Tx","user_info_UID_i2KXTMg5g6nhAOgWQwo1itlwHnQz","user_info_UID_jLKtbrB1V1dRD1QHAhwevYxVnHta","user_info_UID_7BEJWP7AxUUljdrjgyhwOyciCmBk","user_info_UID_AgHySDtRKqqo3wYuiOqwfpTQjKfk","user_info_UID_JAKoivK8LhMRNZ4hWIk6YFGXKa9u","user_info_UID_NNikwAIyX4nVsg5ShvytR5T73XAZ"]
24-07-12.20:12:58.711 [scheduling-1    ] INFO  GetNewData             - 定时任务扫描的keys:["user_info_UID_YRaZptE7mQpwqkV5XIr1hucsQ2Tx","user_info_UID_i2KXTMg5g6nhAOgWQwo1itlwHnQz","user_info_UID_jLKtbrB1V1dRD1QHAhwevYxVnHta","user_info_UID_7BEJWP7AxUUljdrjgyhwOyciCmBk","user_info_UID_AgHySDtRKqqo3wYuiOqwfpTQjKfk","user_info_UID_JAKoivK8LhMRNZ4hWIk6YFGXKa9u","user_info_UID_NNikwAIyX4nVsg5ShvytR5T73XAZ"]
24-07-12.20:13:01.661 [scheduling-1    ] INFO  GetNewData             - 定时任务扫描的keys:["user_info_UID_YRaZptE7mQpwqkV5XIr1hucsQ2Tx","user_info_UID_i2KXTMg5g6nhAOgWQwo1itlwHnQz","user_info_UID_jLKtbrB1V1dRD1QHAhwevYxVnHta","user_info_UID_7BEJWP7AxUUljdrjgyhwOyciCmBk","user_info_UID_AgHySDtRKqqo3wYuiOqwfpTQjKfk","user_info_UID_JAKoivK8LhMRNZ4hWIk6YFGXKa9u","user_info_UID_NNikwAIyX4nVsg5ShvytR5T73XAZ"]
24-07-12.20:13:04.786 [scheduling-1    ] INFO  GetNewData             - 定时任务扫描的keys:["user_info_UID_YRaZptE7mQpwqkV5XIr1hucsQ2Tx","user_info_UID_i2KXTMg5g6nhAOgWQwo1itlwHnQz","user_info_UID_jLKtbrB1V1dRD1QHAhwevYxVnHta","user_info_UID_7BEJWP7AxUUljdrjgyhwOyciCmBk","user_info_UID_AgHySDtRKqqo3wYuiOqwfpTQjKfk","user_info_UID_JAKoivK8LhMRNZ4hWIk6YFGXKa9u","user_info_UID_NNikwAIyX4nVsg5ShvytR5T73XAZ"]
24-07-12.20:13:07.752 [scheduling-1    ] INFO  GetNewData             - 定时任务扫描的keys:["user_info_UID_YRaZptE7mQpwqkV5XIr1hucsQ2Tx","user_info_UID_i2KXTMg5g6nhAOgWQwo1itlwHnQz","user_info_UID_jLKtbrB1V1dRD1QHAhwevYxVnHta","user_info_UID_7BEJWP7AxUUljdrjgyhwOyciCmBk","user_info_UID_AgHySDtRKqqo3wYuiOqwfpTQjKfk","user_info_UID_JAKoivK8LhMRNZ4hWIk6YFGXKa9u","user_info_UID_NNikwAIyX4nVsg5ShvytR5T73XAZ"]
24-07-12.20:13:10.731 [scheduling-1    ] INFO  GetNewData             - 定时任务扫描的keys:["user_info_UID_YRaZptE7mQpwqkV5XIr1hucsQ2Tx","user_info_UID_i2KXTMg5g6nhAOgWQwo1itlwHnQz","user_info_UID_jLKtbrB1V1dRD1QHAhwevYxVnHta","user_info_UID_7BEJWP7AxUUljdrjgyhwOyciCmBk","user_info_UID_AgHySDtRKqqo3wYuiOqwfpTQjKfk","user_info_UID_JAKoivK8LhMRNZ4hWIk6YFGXKa9u","user_info_UID_NNikwAIyX4nVsg5ShvytR5T73XAZ"]
24-07-12.20:13:13.672 [scheduling-1    ] INFO  GetNewData             - 定时任务扫描的keys:["user_info_UID_YRaZptE7mQpwqkV5XIr1hucsQ2Tx","user_info_UID_i2KXTMg5g6nhAOgWQwo1itlwHnQz","user_info_UID_jLKtbrB1V1dRD1QHAhwevYxVnHta","user_info_UID_7BEJWP7AxUUljdrjgyhwOyciCmBk","user_info_UID_AgHySDtRKqqo3wYuiOqwfpTQjKfk","user_info_UID_JAKoivK8LhMRNZ4hWIk6YFGXKa9u","user_info_UID_NNikwAIyX4nVsg5ShvytR5T73XAZ"]
24-07-12.20:13:16.714 [scheduling-1    ] INFO  GetNewData             - 定时任务扫描的keys:["user_info_UID_YRaZptE7mQpwqkV5XIr1hucsQ2Tx","user_info_UID_i2KXTMg5g6nhAOgWQwo1itlwHnQz","user_info_UID_jLKtbrB1V1dRD1QHAhwevYxVnHta","user_info_UID_7BEJWP7AxUUljdrjgyhwOyciCmBk","user_info_UID_AgHySDtRKqqo3wYuiOqwfpTQjKfk","user_info_UID_JAKoivK8LhMRNZ4hWIk6YFGXKa9u","user_info_UID_NNikwAIyX4nVsg5ShvytR5T73XAZ"]
24-07-12.20:13:19.710 [scheduling-1    ] INFO  GetNewData             - 定时任务扫描的keys:["user_info_UID_YRaZptE7mQpwqkV5XIr1hucsQ2Tx","user_info_UID_i2KXTMg5g6nhAOgWQwo1itlwHnQz","user_info_UID_jLKtbrB1V1dRD1QHAhwevYxVnHta","user_info_UID_7BEJWP7AxUUljdrjgyhwOyciCmBk","user_info_UID_AgHySDtRKqqo3wYuiOqwfpTQjKfk","user_info_UID_JAKoivK8LhMRNZ4hWIk6YFGXKa9u","user_info_UID_NNikwAIyX4nVsg5ShvytR5T73XAZ"]
24-07-12.20:13:22.671 [scheduling-1    ] INFO  GetNewData             - 定时任务扫描的keys:["user_info_UID_YRaZptE7mQpwqkV5XIr1hucsQ2Tx","user_info_UID_i2KXTMg5g6nhAOgWQwo1itlwHnQz","user_info_UID_jLKtbrB1V1dRD1QHAhwevYxVnHta","user_info_UID_7BEJWP7AxUUljdrjgyhwOyciCmBk","user_info_UID_AgHySDtRKqqo3wYuiOqwfpTQjKfk","user_info_UID_JAKoivK8LhMRNZ4hWIk6YFGXKa9u","user_info_UID_NNikwAIyX4nVsg5ShvytR5T73XAZ"]
24-07-12.20:13:25.950 [scheduling-1    ] INFO  GetNewData             - 定时任务扫描的keys:["user_info_UID_YRaZptE7mQpwqkV5XIr1hucsQ2Tx","user_info_UID_i2KXTMg5g6nhAOgWQwo1itlwHnQz","user_info_UID_jLKtbrB1V1dRD1QHAhwevYxVnHta","user_info_UID_7BEJWP7AxUUljdrjgyhwOyciCmBk","user_info_UID_AgHySDtRKqqo3wYuiOqwfpTQjKfk","user_info_UID_JAKoivK8LhMRNZ4hWIk6YFGXKa9u","user_info_UID_NNikwAIyX4nVsg5ShvytR5T73XAZ"]
24-07-12.20:13:28.753 [scheduling-1    ] INFO  GetNewData             - 定时任务扫描的keys:["user_info_UID_YRaZptE7mQpwqkV5XIr1hucsQ2Tx","user_info_UID_i2KXTMg5g6nhAOgWQwo1itlwHnQz","user_info_UID_jLKtbrB1V1dRD1QHAhwevYxVnHta","user_info_UID_7BEJWP7AxUUljdrjgyhwOyciCmBk","user_info_UID_AgHySDtRKqqo3wYuiOqwfpTQjKfk","user_info_UID_JAKoivK8LhMRNZ4hWIk6YFGXKa9u","user_info_UID_NNikwAIyX4nVsg5ShvytR5T73XAZ"]
24-07-12.20:13:31.687 [scheduling-1    ] INFO  GetNewData             - 定时任务扫描的keys:["user_info_UID_YRaZptE7mQpwqkV5XIr1hucsQ2Tx","user_info_UID_i2KXTMg5g6nhAOgWQwo1itlwHnQz","user_info_UID_jLKtbrB1V1dRD1QHAhwevYxVnHta","user_info_UID_7BEJWP7AxUUljdrjgyhwOyciCmBk","user_info_UID_AgHySDtRKqqo3wYuiOqwfpTQjKfk","user_info_UID_JAKoivK8LhMRNZ4hWIk6YFGXKa9u","user_info_UID_NNikwAIyX4nVsg5ShvytR5T73XAZ"]
24-07-12.20:13:34.732 [scheduling-1    ] INFO  GetNewData             - 定时任务扫描的keys:["user_info_UID_YRaZptE7mQpwqkV5XIr1hucsQ2Tx","user_info_UID_i2KXTMg5g6nhAOgWQwo1itlwHnQz","user_info_UID_jLKtbrB1V1dRD1QHAhwevYxVnHta","user_info_UID_7BEJWP7AxUUljdrjgyhwOyciCmBk","user_info_UID_AgHySDtRKqqo3wYuiOqwfpTQjKfk","user_info_UID_JAKoivK8LhMRNZ4hWIk6YFGXKa9u","user_info_UID_NNikwAIyX4nVsg5ShvytR5T73XAZ"]
24-07-12.20:13:37.782 [scheduling-1    ] INFO  GetNewData             - 定时任务扫描的keys:["user_info_UID_YRaZptE7mQpwqkV5XIr1hucsQ2Tx","user_info_UID_i2KXTMg5g6nhAOgWQwo1itlwHnQz","user_info_UID_jLKtbrB1V1dRD1QHAhwevYxVnHta","user_info_UID_7BEJWP7AxUUljdrjgyhwOyciCmBk","user_info_UID_AgHySDtRKqqo3wYuiOqwfpTQjKfk","user_info_UID_JAKoivK8LhMRNZ4hWIk6YFGXKa9u","user_info_UID_NNikwAIyX4nVsg5ShvytR5T73XAZ"]
24-07-12.20:13:40.742 [scheduling-1    ] INFO  GetNewData             - 定时任务扫描的keys:["user_info_UID_YRaZptE7mQpwqkV5XIr1hucsQ2Tx","user_info_UID_i2KXTMg5g6nhAOgWQwo1itlwHnQz","user_info_UID_jLKtbrB1V1dRD1QHAhwevYxVnHta","user_info_UID_7BEJWP7AxUUljdrjgyhwOyciCmBk","user_info_UID_AgHySDtRKqqo3wYuiOqwfpTQjKfk","user_info_UID_JAKoivK8LhMRNZ4hWIk6YFGXKa9u","user_info_UID_NNikwAIyX4nVsg5ShvytR5T73XAZ"]
24-07-12.20:13:43.611 [scheduling-1    ] INFO  GetNewData             - 定时任务扫描的keys:["user_info_UID_YRaZptE7mQpwqkV5XIr1hucsQ2Tx","user_info_UID_i2KXTMg5g6nhAOgWQwo1itlwHnQz","user_info_UID_jLKtbrB1V1dRD1QHAhwevYxVnHta","user_info_UID_7BEJWP7AxUUljdrjgyhwOyciCmBk","user_info_UID_AgHySDtRKqqo3wYuiOqwfpTQjKfk","user_info_UID_JAKoivK8LhMRNZ4hWIk6YFGXKa9u","user_info_UID_NNikwAIyX4nVsg5ShvytR5T73XAZ"]
24-07-12.20:13:43.774 [scheduling-1    ] INFO  GetNewData             - 网站数据:3.2,已经达到用户设置的阈值上限:2.5,向 UID_YRaZptE7mQpwqkV5XIr1hucsQ2Tx 发送一次邮件
24-07-12.20:13:44.409 [scheduling-1    ] INFO  GetNewData             - 网站数据:3.2,已经达到用户设置的阈值上限:2.5,向 UID_i2KXTMg5g6nhAOgWQwo1itlwHnQz 发送一次邮件
24-07-12.20:13:44.810 [scheduling-1    ] INFO  GetNewData             - 网站数据:3.2,已经达到用户设置的阈值上限:2.5,向 UID_7BEJWP7AxUUljdrjgyhwOyciCmBk 发送一次邮件
24-07-12.20:13:45.178 [scheduling-1    ] INFO  GetNewData             - 网站数据:3.2,已经达到用户设置的阈值上限:2.5,向 UID_AgHySDtRKqqo3wYuiOqwfpTQjKfk 发送一次邮件
24-07-12.20:13:45.586 [scheduling-1    ] INFO  GetNewData             - 网站数据:3.2,已经达到用户设置的阈值上限:2.5,向 UID_JAKoivK8LhMRNZ4hWIk6YFGXKa9u 发送一次邮件
24-07-12.20:13:45.999 [scheduling-1    ] INFO  GetNewData             - 网站数据:3.2,已经达到用户设置的阈值上限:2.5,向 UID_NNikwAIyX4nVsg5ShvytR5T73XAZ 发送一次邮件
24-07-12.20:13:46.690 [scheduling-1    ] INFO  GetNewData             - 定时任务扫描的keys:["user_info_UID_YRaZptE7mQpwqkV5XIr1hucsQ2Tx","user_info_UID_i2KXTMg5g6nhAOgWQwo1itlwHnQz","user_info_UID_jLKtbrB1V1dRD1QHAhwevYxVnHta","user_info_UID_7BEJWP7AxUUljdrjgyhwOyciCmBk","user_info_UID_AgHySDtRKqqo3wYuiOqwfpTQjKfk","user_info_UID_JAKoivK8LhMRNZ4hWIk6YFGXKa9u","user_info_UID_NNikwAIyX4nVsg5ShvytR5T73XAZ"]
24-07-12.20:13:49.742 [scheduling-1    ] INFO  GetNewData             - 定时任务扫描的keys:["user_info_UID_YRaZptE7mQpwqkV5XIr1hucsQ2Tx","user_info_UID_i2KXTMg5g6nhAOgWQwo1itlwHnQz","user_info_UID_jLKtbrB1V1dRD1QHAhwevYxVnHta","user_info_UID_7BEJWP7AxUUljdrjgyhwOyciCmBk","user_info_UID_AgHySDtRKqqo3wYuiOqwfpTQjKfk","user_info_UID_JAKoivK8LhMRNZ4hWIk6YFGXKa9u","user_info_UID_NNikwAIyX4nVsg5ShvytR5T73XAZ"]
24-07-12.20:13:52.686 [scheduling-1    ] INFO  GetNewData             - 定时任务扫描的keys:["user_info_UID_YRaZptE7mQpwqkV5XIr1hucsQ2Tx","user_info_UID_i2KXTMg5g6nhAOgWQwo1itlwHnQz","user_info_UID_jLKtbrB1V1dRD1QHAhwevYxVnHta","user_info_UID_7BEJWP7AxUUljdrjgyhwOyciCmBk","user_info_UID_AgHySDtRKqqo3wYuiOqwfpTQjKfk","user_info_UID_JAKoivK8LhMRNZ4hWIk6YFGXKa9u","user_info_UID_NNikwAIyX4nVsg5ShvytR5T73XAZ"]
24-07-12.20:13:55.721 [scheduling-1    ] INFO  GetNewData             - 定时任务扫描的keys:["user_info_UID_YRaZptE7mQpwqkV5XIr1hucsQ2Tx","user_info_UID_i2KXTMg5g6nhAOgWQwo1itlwHnQz","user_info_UID_jLKtbrB1V1dRD1QHAhwevYxVnHta","user_info_UID_7BEJWP7AxUUljdrjgyhwOyciCmBk","user_info_UID_AgHySDtRKqqo3wYuiOqwfpTQjKfk","user_info_UID_JAKoivK8LhMRNZ4hWIk6YFGXKa9u","user_info_UID_NNikwAIyX4nVsg5ShvytR5T73XAZ"]
24-07-12.20:13:58.662 [scheduling-1    ] INFO  GetNewData             - 定时任务扫描的keys:["user_info_UID_YRaZptE7mQpwqkV5XIr1hucsQ2Tx","user_info_UID_i2KXTMg5g6nhAOgWQwo1itlwHnQz","user_info_UID_jLKtbrB1V1dRD1QHAhwevYxVnHta","user_info_UID_7BEJWP7AxUUljdrjgyhwOyciCmBk","user_info_UID_AgHySDtRKqqo3wYuiOqwfpTQjKfk","user_info_UID_JAKoivK8LhMRNZ4hWIk6YFGXKa9u","user_info_UID_NNikwAIyX4nVsg5ShvytR5T73XAZ"]
24-07-12.20:14:01.843 [scheduling-1    ] INFO  GetNewData             - 定时任务扫描的keys:["user_info_UID_YRaZptE7mQpwqkV5XIr1hucsQ2Tx","user_info_UID_i2KXTMg5g6nhAOgWQwo1itlwHnQz","user_info_UID_jLKtbrB1V1dRD1QHAhwevYxVnHta","user_info_UID_7BEJWP7AxUUljdrjgyhwOyciCmBk","user_info_UID_AgHySDtRKqqo3wYuiOqwfpTQjKfk","user_info_UID_JAKoivK8LhMRNZ4hWIk6YFGXKa9u","user_info_UID_NNikwAIyX4nVsg5ShvytR5T73XAZ"]
24-07-12.20:14:04.754 [scheduling-1    ] INFO  GetNewData             - 定时任务扫描的keys:["user_info_UID_YRaZptE7mQpwqkV5XIr1hucsQ2Tx","user_info_UID_i2KXTMg5g6nhAOgWQwo1itlwHnQz","user_info_UID_jLKtbrB1V1dRD1QHAhwevYxVnHta","user_info_UID_7BEJWP7AxUUljdrjgyhwOyciCmBk","user_info_UID_AgHySDtRKqqo3wYuiOqwfpTQjKfk","user_info_UID_JAKoivK8LhMRNZ4hWIk6YFGXKa9u","user_info_UID_NNikwAIyX4nVsg5ShvytR5T73XAZ"]
24-07-12.20:14:07.664 [scheduling-1    ] INFO  GetNewData             - 定时任务扫描的keys:["user_info_UID_YRaZptE7mQpwqkV5XIr1hucsQ2Tx","user_info_UID_i2KXTMg5g6nhAOgWQwo1itlwHnQz","user_info_UID_jLKtbrB1V1dRD1QHAhwevYxVnHta","user_info_UID_7BEJWP7AxUUljdrjgyhwOyciCmBk","user_info_UID_AgHySDtRKqqo3wYuiOqwfpTQjKfk","user_info_UID_JAKoivK8LhMRNZ4hWIk6YFGXKa9u","user_info_UID_NNikwAIyX4nVsg5ShvytR5T73XAZ"]
24-07-12.20:14:10.677 [scheduling-1    ] INFO  GetNewData             - 定时任务扫描的keys:["user_info_UID_YRaZptE7mQpwqkV5XIr1hucsQ2Tx","user_info_UID_i2KXTMg5g6nhAOgWQwo1itlwHnQz","user_info_UID_jLKtbrB1V1dRD1QHAhwevYxVnHta","user_info_UID_7BEJWP7AxUUljdrjgyhwOyciCmBk","user_info_UID_AgHySDtRKqqo3wYuiOqwfpTQjKfk","user_info_UID_JAKoivK8LhMRNZ4hWIk6YFGXKa9u","user_info_UID_NNikwAIyX4nVsg5ShvytR5T73XAZ"]
24-07-12.20:14:13.803 [scheduling-1    ] INFO  GetNewData             - 定时任务扫描的keys:["user_info_UID_YRaZptE7mQpwqkV5XIr1hucsQ2Tx","user_info_UID_i2KXTMg5g6nhAOgWQwo1itlwHnQz","user_info_UID_jLKtbrB1V1dRD1QHAhwevYxVnHta","user_info_UID_7BEJWP7AxUUljdrjgyhwOyciCmBk","user_info_UID_AgHySDtRKqqo3wYuiOqwfpTQjKfk","user_info_UID_JAKoivK8LhMRNZ4hWIk6YFGXKa9u","user_info_UID_NNikwAIyX4nVsg5ShvytR5T73XAZ"]
24-07-12.20:14:16.675 [scheduling-1    ] INFO  GetNewData             - 定时任务扫描的keys:["user_info_UID_YRaZptE7mQpwqkV5XIr1hucsQ2Tx","user_info_UID_i2KXTMg5g6nhAOgWQwo1itlwHnQz","user_info_UID_jLKtbrB1V1dRD1QHAhwevYxVnHta","user_info_UID_7BEJWP7AxUUljdrjgyhwOyciCmBk","user_info_UID_AgHySDtRKqqo3wYuiOqwfpTQjKfk","user_info_UID_JAKoivK8LhMRNZ4hWIk6YFGXKa9u","user_info_UID_NNikwAIyX4nVsg5ShvytR5T73XAZ"]
24-07-12.20:14:19.790 [scheduling-1    ] INFO  GetNewData             - 定时任务扫描的keys:["user_info_UID_YRaZptE7mQpwqkV5XIr1hucsQ2Tx","user_info_UID_i2KXTMg5g6nhAOgWQwo1itlwHnQz","user_info_UID_jLKtbrB1V1dRD1QHAhwevYxVnHta","user_info_UID_7BEJWP7AxUUljdrjgyhwOyciCmBk","user_info_UID_AgHySDtRKqqo3wYuiOqwfpTQjKfk","user_info_UID_JAKoivK8LhMRNZ4hWIk6YFGXKa9u","user_info_UID_NNikwAIyX4nVsg5ShvytR5T73XAZ"]
24-07-12.20:14:22.770 [scheduling-1    ] INFO  GetNewData             - 定时任务扫描的keys:["user_info_UID_YRaZptE7mQpwqkV5XIr1hucsQ2Tx","user_info_UID_i2KXTMg5g6nhAOgWQwo1itlwHnQz","user_info_UID_jLKtbrB1V1dRD1QHAhwevYxVnHta","user_info_UID_7BEJWP7AxUUljdrjgyhwOyciCmBk","user_info_UID_AgHySDtRKqqo3wYuiOqwfpTQjKfk","user_info_UID_JAKoivK8LhMRNZ4hWIk6YFGXKa9u","user_info_UID_NNikwAIyX4nVsg5ShvytR5T73XAZ"]
24-07-12.20:14:25.771 [scheduling-1    ] INFO  GetNewData             - 定时任务扫描的keys:["user_info_UID_YRaZptE7mQpwqkV5XIr1hucsQ2Tx","user_info_UID_i2KXTMg5g6nhAOgWQwo1itlwHnQz","user_info_UID_jLKtbrB1V1dRD1QHAhwevYxVnHta","user_info_UID_7BEJWP7AxUUljdrjgyhwOyciCmBk","user_info_UID_AgHySDtRKqqo3wYuiOqwfpTQjKfk","user_info_UID_JAKoivK8LhMRNZ4hWIk6YFGXKa9u","user_info_UID_NNikwAIyX4nVsg5ShvytR5T73XAZ"]
24-07-12.20:14:28.727 [scheduling-1    ] INFO  GetNewData             - 定时任务扫描的keys:["user_info_UID_YRaZptE7mQpwqkV5XIr1hucsQ2Tx","user_info_UID_i2KXTMg5g6nhAOgWQwo1itlwHnQz","user_info_UID_jLKtbrB1V1dRD1QHAhwevYxVnHta","user_info_UID_7BEJWP7AxUUljdrjgyhwOyciCmBk","user_info_UID_AgHySDtRKqqo3wYuiOqwfpTQjKfk","user_info_UID_JAKoivK8LhMRNZ4hWIk6YFGXKa9u","user_info_UID_NNikwAIyX4nVsg5ShvytR5T73XAZ"]
24-07-12.20:14:31.685 [scheduling-1    ] INFO  GetNewData             - 定时任务扫描的keys:["user_info_UID_YRaZptE7mQpwqkV5XIr1hucsQ2Tx","user_info_UID_i2KXTMg5g6nhAOgWQwo1itlwHnQz","user_info_UID_jLKtbrB1V1dRD1QHAhwevYxVnHta","user_info_UID_7BEJWP7AxUUljdrjgyhwOyciCmBk","user_info_UID_AgHySDtRKqqo3wYuiOqwfpTQjKfk","user_info_UID_JAKoivK8LhMRNZ4hWIk6YFGXKa9u","user_info_UID_NNikwAIyX4nVsg5ShvytR5T73XAZ"]
24-07-12.20:14:34.800 [scheduling-1    ] INFO  GetNewData             - 定时任务扫描的keys:["user_info_UID_YRaZptE7mQpwqkV5XIr1hucsQ2Tx","user_info_UID_i2KXTMg5g6nhAOgWQwo1itlwHnQz","user_info_UID_jLKtbrB1V1dRD1QHAhwevYxVnHta","user_info_UID_7BEJWP7AxUUljdrjgyhwOyciCmBk","user_info_UID_AgHySDtRKqqo3wYuiOqwfpTQjKfk","user_info_UID_JAKoivK8LhMRNZ4hWIk6YFGXKa9u","user_info_UID_NNikwAIyX4nVsg5ShvytR5T73XAZ"]
24-07-12.20:14:37.763 [scheduling-1    ] INFO  GetNewData             - 定时任务扫描的keys:["user_info_UID_YRaZptE7mQpwqkV5XIr1hucsQ2Tx","user_info_UID_i2KXTMg5g6nhAOgWQwo1itlwHnQz","user_info_UID_jLKtbrB1V1dRD1QHAhwevYxVnHta","user_info_UID_7BEJWP7AxUUljdrjgyhwOyciCmBk","user_info_UID_AgHySDtRKqqo3wYuiOqwfpTQjKfk","user_info_UID_JAKoivK8LhMRNZ4hWIk6YFGXKa9u","user_info_UID_NNikwAIyX4nVsg5ShvytR5T73XAZ"]
24-07-12.20:14:40.660 [scheduling-1    ] INFO  GetNewData             - 定时任务扫描的keys:["user_info_UID_YRaZptE7mQpwqkV5XIr1hucsQ2Tx","user_info_UID_i2KXTMg5g6nhAOgWQwo1itlwHnQz","user_info_UID_jLKtbrB1V1dRD1QHAhwevYxVnHta","user_info_UID_7BEJWP7AxUUljdrjgyhwOyciCmBk","user_info_UID_AgHySDtRKqqo3wYuiOqwfpTQjKfk","user_info_UID_JAKoivK8LhMRNZ4hWIk6YFGXKa9u","user_info_UID_NNikwAIyX4nVsg5ShvytR5T73XAZ"]
24-07-12.20:14:43.749 [scheduling-1    ] INFO  GetNewData             - 定时任务扫描的keys:["user_info_UID_YRaZptE7mQpwqkV5XIr1hucsQ2Tx","user_info_UID_i2KXTMg5g6nhAOgWQwo1itlwHnQz","user_info_UID_jLKtbrB1V1dRD1QHAhwevYxVnHta","user_info_UID_7BEJWP7AxUUljdrjgyhwOyciCmBk","user_info_UID_AgHySDtRKqqo3wYuiOqwfpTQjKfk","user_info_UID_JAKoivK8LhMRNZ4hWIk6YFGXKa9u","user_info_UID_NNikwAIyX4nVsg5ShvytR5T73XAZ"]
24-07-12.20:14:46.714 [scheduling-1    ] INFO  GetNewData             - 定时任务扫描的keys:["user_info_UID_YRaZptE7mQpwqkV5XIr1hucsQ2Tx","user_info_UID_i2KXTMg5g6nhAOgWQwo1itlwHnQz","user_info_UID_jLKtbrB1V1dRD1QHAhwevYxVnHta","user_info_UID_7BEJWP7AxUUljdrjgyhwOyciCmBk","user_info_UID_AgHySDtRKqqo3wYuiOqwfpTQjKfk","user_info_UID_JAKoivK8LhMRNZ4hWIk6YFGXKa9u","user_info_UID_NNikwAIyX4nVsg5ShvytR5T73XAZ"]
24-07-12.20:14:49.667 [scheduling-1    ] INFO  GetNewData             - 定时任务扫描的keys:["user_info_UID_YRaZptE7mQpwqkV5XIr1hucsQ2Tx","user_info_UID_i2KXTMg5g6nhAOgWQwo1itlwHnQz","user_info_UID_jLKtbrB1V1dRD1QHAhwevYxVnHta","user_info_UID_7BEJWP7AxUUljdrjgyhwOyciCmBk","user_info_UID_AgHySDtRKqqo3wYuiOqwfpTQjKfk","user_info_UID_JAKoivK8LhMRNZ4hWIk6YFGXKa9u","user_info_UID_NNikwAIyX4nVsg5ShvytR5T73XAZ"]
24-07-12.20:14:52.720 [scheduling-1    ] INFO  GetNewData             - 定时任务扫描的keys:["user_info_UID_YRaZptE7mQpwqkV5XIr1hucsQ2Tx","user_info_UID_i2KXTMg5g6nhAOgWQwo1itlwHnQz","user_info_UID_jLKtbrB1V1dRD1QHAhwevYxVnHta","user_info_UID_7BEJWP7AxUUljdrjgyhwOyciCmBk","user_info_UID_AgHySDtRKqqo3wYuiOqwfpTQjKfk","user_info_UID_JAKoivK8LhMRNZ4hWIk6YFGXKa9u","user_info_UID_NNikwAIyX4nVsg5ShvytR5T73XAZ"]
24-07-12.20:14:55.739 [scheduling-1    ] INFO  GetNewData             - 定时任务扫描的keys:["user_info_UID_YRaZptE7mQpwqkV5XIr1hucsQ2Tx","user_info_UID_i2KXTMg5g6nhAOgWQwo1itlwHnQz","user_info_UID_jLKtbrB1V1dRD1QHAhwevYxVnHta","user_info_UID_7BEJWP7AxUUljdrjgyhwOyciCmBk","user_info_UID_AgHySDtRKqqo3wYuiOqwfpTQjKfk","user_info_UID_JAKoivK8LhMRNZ4hWIk6YFGXKa9u","user_info_UID_NNikwAIyX4nVsg5ShvytR5T73XAZ"]
24-07-12.20:14:58.716 [scheduling-1    ] INFO  GetNewData             - 定时任务扫描的keys:["user_info_UID_YRaZptE7mQpwqkV5XIr1hucsQ2Tx","user_info_UID_i2KXTMg5g6nhAOgWQwo1itlwHnQz","user_info_UID_jLKtbrB1V1dRD1QHAhwevYxVnHta","user_info_UID_7BEJWP7AxUUljdrjgyhwOyciCmBk","user_info_UID_AgHySDtRKqqo3wYuiOqwfpTQjKfk","user_info_UID_JAKoivK8LhMRNZ4hWIk6YFGXKa9u","user_info_UID_NNikwAIyX4nVsg5ShvytR5T73XAZ"]
24-07-12.20:15:01.678 [scheduling-1    ] INFO  GetNewData             - 定时任务扫描的keys:["user_info_UID_YRaZptE7mQpwqkV5XIr1hucsQ2Tx","user_info_UID_i2KXTMg5g6nhAOgWQwo1itlwHnQz","user_info_UID_jLKtbrB1V1dRD1QHAhwevYxVnHta","user_info_UID_7BEJWP7AxUUljdrjgyhwOyciCmBk","user_info_UID_AgHySDtRKqqo3wYuiOqwfpTQjKfk","user_info_UID_JAKoivK8LhMRNZ4hWIk6YFGXKa9u","user_info_UID_NNikwAIyX4nVsg5ShvytR5T73XAZ"]
24-07-12.20:15:04.687 [scheduling-1    ] INFO  GetNewData             - 定时任务扫描的keys:["user_info_UID_YRaZptE7mQpwqkV5XIr1hucsQ2Tx","user_info_UID_i2KXTMg5g6nhAOgWQwo1itlwHnQz","user_info_UID_jLKtbrB1V1dRD1QHAhwevYxVnHta","user_info_UID_7BEJWP7AxUUljdrjgyhwOyciCmBk","user_info_UID_AgHySDtRKqqo3wYuiOqwfpTQjKfk","user_info_UID_JAKoivK8LhMRNZ4hWIk6YFGXKa9u","user_info_UID_NNikwAIyX4nVsg5ShvytR5T73XAZ"]
24-07-12.20:15:07.682 [scheduling-1    ] INFO  GetNewData             - 定时任务扫描的keys:["user_info_UID_YRaZptE7mQpwqkV5XIr1hucsQ2Tx","user_info_UID_i2KXTMg5g6nhAOgWQwo1itlwHnQz","user_info_UID_jLKtbrB1V1dRD1QHAhwevYxVnHta","user_info_UID_7BEJWP7AxUUljdrjgyhwOyciCmBk","user_info_UID_AgHySDtRKqqo3wYuiOqwfpTQjKfk","user_info_UID_JAKoivK8LhMRNZ4hWIk6YFGXKa9u","user_info_UID_NNikwAIyX4nVsg5ShvytR5T73XAZ"]
24-07-12.20:15:10.814 [scheduling-1    ] INFO  GetNewData             - 定时任务扫描的keys:["user_info_UID_YRaZptE7mQpwqkV5XIr1hucsQ2Tx","user_info_UID_i2KXTMg5g6nhAOgWQwo1itlwHnQz","user_info_UID_jLKtbrB1V1dRD1QHAhwevYxVnHta","user_info_UID_7BEJWP7AxUUljdrjgyhwOyciCmBk","user_info_UID_AgHySDtRKqqo3wYuiOqwfpTQjKfk","user_info_UID_JAKoivK8LhMRNZ4hWIk6YFGXKa9u","user_info_UID_NNikwAIyX4nVsg5ShvytR5T73XAZ"]
24-07-12.20:15:13.788 [scheduling-1    ] INFO  GetNewData             - 定时任务扫描的keys:["user_info_UID_YRaZptE7mQpwqkV5XIr1hucsQ2Tx","user_info_UID_i2KXTMg5g6nhAOgWQwo1itlwHnQz","user_info_UID_jLKtbrB1V1dRD1QHAhwevYxVnHta","user_info_UID_7BEJWP7AxUUljdrjgyhwOyciCmBk","user_info_UID_AgHySDtRKqqo3wYuiOqwfpTQjKfk","user_info_UID_JAKoivK8LhMRNZ4hWIk6YFGXKa9u","user_info_UID_NNikwAIyX4nVsg5ShvytR5T73XAZ"]
24-07-12.20:15:16.822 [scheduling-1    ] INFO  GetNewData             - 定时任务扫描的keys:["user_info_UID_YRaZptE7mQpwqkV5XIr1hucsQ2Tx","user_info_UID_i2KXTMg5g6nhAOgWQwo1itlwHnQz","user_info_UID_jLKtbrB1V1dRD1QHAhwevYxVnHta","user_info_UID_7BEJWP7AxUUljdrjgyhwOyciCmBk","user_info_UID_AgHySDtRKqqo3wYuiOqwfpTQjKfk","user_info_UID_JAKoivK8LhMRNZ4hWIk6YFGXKa9u","user_info_UID_NNikwAIyX4nVsg5ShvytR5T73XAZ"]
24-07-12.20:15:19.604 [scheduling-1    ] INFO  GetNewData             - 定时任务扫描的keys:["user_info_UID_YRaZptE7mQpwqkV5XIr1hucsQ2Tx","user_info_UID_i2KXTMg5g6nhAOgWQwo1itlwHnQz","user_info_UID_jLKtbrB1V1dRD1QHAhwevYxVnHta","user_info_UID_7BEJWP7AxUUljdrjgyhwOyciCmBk","user_info_UID_AgHySDtRKqqo3wYuiOqwfpTQjKfk","user_info_UID_JAKoivK8LhMRNZ4hWIk6YFGXKa9u","user_info_UID_NNikwAIyX4nVsg5ShvytR5T73XAZ"]
24-07-12.20:15:22.683 [scheduling-1    ] INFO  GetNewData             - 定时任务扫描的keys:["user_info_UID_YRaZptE7mQpwqkV5XIr1hucsQ2Tx","user_info_UID_i2KXTMg5g6nhAOgWQwo1itlwHnQz","user_info_UID_jLKtbrB1V1dRD1QHAhwevYxVnHta","user_info_UID_7BEJWP7AxUUljdrjgyhwOyciCmBk","user_info_UID_AgHySDtRKqqo3wYuiOqwfpTQjKfk","user_info_UID_JAKoivK8LhMRNZ4hWIk6YFGXKa9u","user_info_UID_NNikwAIyX4nVsg5ShvytR5T73XAZ"]
24-07-12.20:15:25.783 [scheduling-1    ] INFO  GetNewData             - 定时任务扫描的keys:["user_info_UID_YRaZptE7mQpwqkV5XIr1hucsQ2Tx","user_info_UID_i2KXTMg5g6nhAOgWQwo1itlwHnQz","user_info_UID_jLKtbrB1V1dRD1QHAhwevYxVnHta","user_info_UID_7BEJWP7AxUUljdrjgyhwOyciCmBk","user_info_UID_AgHySDtRKqqo3wYuiOqwfpTQjKfk","user_info_UID_JAKoivK8LhMRNZ4hWIk6YFGXKa9u","user_info_UID_NNikwAIyX4nVsg5ShvytR5T73XAZ"]
24-07-12.20:15:28.761 [scheduling-1    ] INFO  GetNewData             - 定时任务扫描的keys:["user_info_UID_YRaZptE7mQpwqkV5XIr1hucsQ2Tx","user_info_UID_i2KXTMg5g6nhAOgWQwo1itlwHnQz","user_info_UID_jLKtbrB1V1dRD1QHAhwevYxVnHta","user_info_UID_7BEJWP7AxUUljdrjgyhwOyciCmBk","user_info_UID_AgHySDtRKqqo3wYuiOqwfpTQjKfk","user_info_UID_JAKoivK8LhMRNZ4hWIk6YFGXKa9u","user_info_UID_NNikwAIyX4nVsg5ShvytR5T73XAZ"]
24-07-12.20:15:31.730 [scheduling-1    ] INFO  GetNewData             - 定时任务扫描的keys:["user_info_UID_YRaZptE7mQpwqkV5XIr1hucsQ2Tx","user_info_UID_i2KXTMg5g6nhAOgWQwo1itlwHnQz","user_info_UID_jLKtbrB1V1dRD1QHAhwevYxVnHta","user_info_UID_7BEJWP7AxUUljdrjgyhwOyciCmBk","user_info_UID_AgHySDtRKqqo3wYuiOqwfpTQjKfk","user_info_UID_JAKoivK8LhMRNZ4hWIk6YFGXKa9u","user_info_UID_NNikwAIyX4nVsg5ShvytR5T73XAZ"]
24-07-12.20:15:34.756 [scheduling-1    ] INFO  GetNewData             - 定时任务扫描的keys:["user_info_UID_YRaZptE7mQpwqkV5XIr1hucsQ2Tx","user_info_UID_i2KXTMg5g6nhAOgWQwo1itlwHnQz","user_info_UID_jLKtbrB1V1dRD1QHAhwevYxVnHta","user_info_UID_7BEJWP7AxUUljdrjgyhwOyciCmBk","user_info_UID_AgHySDtRKqqo3wYuiOqwfpTQjKfk","user_info_UID_JAKoivK8LhMRNZ4hWIk6YFGXKa9u","user_info_UID_NNikwAIyX4nVsg5ShvytR5T73XAZ"]
24-07-12.20:15:37.717 [scheduling-1    ] INFO  GetNewData             - 定时任务扫描的keys:["user_info_UID_YRaZptE7mQpwqkV5XIr1hucsQ2Tx","user_info_UID_i2KXTMg5g6nhAOgWQwo1itlwHnQz","user_info_UID_jLKtbrB1V1dRD1QHAhwevYxVnHta","user_info_UID_7BEJWP7AxUUljdrjgyhwOyciCmBk","user_info_UID_AgHySDtRKqqo3wYuiOqwfpTQjKfk","user_info_UID_JAKoivK8LhMRNZ4hWIk6YFGXKa9u","user_info_UID_NNikwAIyX4nVsg5ShvytR5T73XAZ"]
24-07-12.20:15:40.679 [scheduling-1    ] INFO  GetNewData             - 定时任务扫描的keys:["user_info_UID_YRaZptE7mQpwqkV5XIr1hucsQ2Tx","user_info_UID_i2KXTMg5g6nhAOgWQwo1itlwHnQz","user_info_UID_jLKtbrB1V1dRD1QHAhwevYxVnHta","user_info_UID_7BEJWP7AxUUljdrjgyhwOyciCmBk","user_info_UID_AgHySDtRKqqo3wYuiOqwfpTQjKfk","user_info_UID_JAKoivK8LhMRNZ4hWIk6YFGXKa9u","user_info_UID_NNikwAIyX4nVsg5ShvytR5T73XAZ"]
24-07-12.20:15:43.717 [scheduling-1    ] INFO  GetNewData             - 定时任务扫描的keys:["user_info_UID_YRaZptE7mQpwqkV5XIr1hucsQ2Tx","user_info_UID_i2KXTMg5g6nhAOgWQwo1itlwHnQz","user_info_UID_jLKtbrB1V1dRD1QHAhwevYxVnHta","user_info_UID_7BEJWP7AxUUljdrjgyhwOyciCmBk","user_info_UID_AgHySDtRKqqo3wYuiOqwfpTQjKfk","user_info_UID_JAKoivK8LhMRNZ4hWIk6YFGXKa9u","user_info_UID_NNikwAIyX4nVsg5ShvytR5T73XAZ"]
24-07-12.20:15:46.647 [scheduling-1    ] INFO  GetNewData             - 定时任务扫描的keys:["user_info_UID_YRaZptE7mQpwqkV5XIr1hucsQ2Tx","user_info_UID_i2KXTMg5g6nhAOgWQwo1itlwHnQz","user_info_UID_jLKtbrB1V1dRD1QHAhwevYxVnHta","user_info_UID_7BEJWP7AxUUljdrjgyhwOyciCmBk","user_info_UID_AgHySDtRKqqo3wYuiOqwfpTQjKfk","user_info_UID_JAKoivK8LhMRNZ4hWIk6YFGXKa9u","user_info_UID_NNikwAIyX4nVsg5ShvytR5T73XAZ"]
24-07-12.20:15:49.717 [scheduling-1    ] INFO  GetNewData             - 定时任务扫描的keys:["user_info_UID_YRaZptE7mQpwqkV5XIr1hucsQ2Tx","user_info_UID_i2KXTMg5g6nhAOgWQwo1itlwHnQz","user_info_UID_jLKtbrB1V1dRD1QHAhwevYxVnHta","user_info_UID_7BEJWP7AxUUljdrjgyhwOyciCmBk","user_info_UID_AgHySDtRKqqo3wYuiOqwfpTQjKfk","user_info_UID_JAKoivK8LhMRNZ4hWIk6YFGXKa9u","user_info_UID_NNikwAIyX4nVsg5ShvytR5T73XAZ"]
24-07-12.20:15:52.770 [scheduling-1    ] INFO  GetNewData             - 定时任务扫描的keys:["user_info_UID_YRaZptE7mQpwqkV5XIr1hucsQ2Tx","user_info_UID_i2KXTMg5g6nhAOgWQwo1itlwHnQz","user_info_UID_jLKtbrB1V1dRD1QHAhwevYxVnHta","user_info_UID_7BEJWP7AxUUljdrjgyhwOyciCmBk","user_info_UID_AgHySDtRKqqo3wYuiOqwfpTQjKfk","user_info_UID_JAKoivK8LhMRNZ4hWIk6YFGXKa9u","user_info_UID_NNikwAIyX4nVsg5ShvytR5T73XAZ"]
24-07-12.20:15:55.665 [scheduling-1    ] INFO  GetNewData             - 定时任务扫描的keys:["user_info_UID_YRaZptE7mQpwqkV5XIr1hucsQ2Tx","user_info_UID_i2KXTMg5g6nhAOgWQwo1itlwHnQz","user_info_UID_jLKtbrB1V1dRD1QHAhwevYxVnHta","user_info_UID_7BEJWP7AxUUljdrjgyhwOyciCmBk","user_info_UID_AgHySDtRKqqo3wYuiOqwfpTQjKfk","user_info_UID_JAKoivK8LhMRNZ4hWIk6YFGXKa9u","user_info_UID_NNikwAIyX4nVsg5ShvytR5T73XAZ"]
24-07-12.20:15:58.684 [scheduling-1    ] INFO  GetNewData             - 定时任务扫描的keys:["user_info_UID_YRaZptE7mQpwqkV5XIr1hucsQ2Tx","user_info_UID_i2KXTMg5g6nhAOgWQwo1itlwHnQz","user_info_UID_jLKtbrB1V1dRD1QHAhwevYxVnHta","user_info_UID_7BEJWP7AxUUljdrjgyhwOyciCmBk","user_info_UID_AgHySDtRKqqo3wYuiOqwfpTQjKfk","user_info_UID_JAKoivK8LhMRNZ4hWIk6YFGXKa9u","user_info_UID_NNikwAIyX4nVsg5ShvytR5T73XAZ"]
24-07-12.20:16:01.646 [scheduling-1    ] INFO  GetNewData             - 定时任务扫描的keys:["user_info_UID_YRaZptE7mQpwqkV5XIr1hucsQ2Tx","user_info_UID_i2KXTMg5g6nhAOgWQwo1itlwHnQz","user_info_UID_jLKtbrB1V1dRD1QHAhwevYxVnHta","user_info_UID_7BEJWP7AxUUljdrjgyhwOyciCmBk","user_info_UID_AgHySDtRKqqo3wYuiOqwfpTQjKfk","user_info_UID_JAKoivK8LhMRNZ4hWIk6YFGXKa9u","user_info_UID_NNikwAIyX4nVsg5ShvytR5T73XAZ"]
24-07-12.20:16:04.772 [scheduling-1    ] INFO  GetNewData             - 定时任务扫描的keys:["user_info_UID_YRaZptE7mQpwqkV5XIr1hucsQ2Tx","user_info_UID_i2KXTMg5g6nhAOgWQwo1itlwHnQz","user_info_UID_jLKtbrB1V1dRD1QHAhwevYxVnHta","user_info_UID_7BEJWP7AxUUljdrjgyhwOyciCmBk","user_info_UID_AgHySDtRKqqo3wYuiOqwfpTQjKfk","user_info_UID_JAKoivK8LhMRNZ4hWIk6YFGXKa9u","user_info_UID_NNikwAIyX4nVsg5ShvytR5T73XAZ"]
24-07-12.20:16:07.734 [scheduling-1    ] INFO  GetNewData             - 定时任务扫描的keys:["user_info_UID_YRaZptE7mQpwqkV5XIr1hucsQ2Tx","user_info_UID_i2KXTMg5g6nhAOgWQwo1itlwHnQz","user_info_UID_jLKtbrB1V1dRD1QHAhwevYxVnHta","user_info_UID_7BEJWP7AxUUljdrjgyhwOyciCmBk","user_info_UID_AgHySDtRKqqo3wYuiOqwfpTQjKfk","user_info_UID_JAKoivK8LhMRNZ4hWIk6YFGXKa9u","user_info_UID_NNikwAIyX4nVsg5ShvytR5T73XAZ"]
24-07-12.20:16:10.704 [scheduling-1    ] INFO  GetNewData             - 定时任务扫描的keys:["user_info_UID_YRaZptE7mQpwqkV5XIr1hucsQ2Tx","user_info_UID_i2KXTMg5g6nhAOgWQwo1itlwHnQz","user_info_UID_jLKtbrB1V1dRD1QHAhwevYxVnHta","user_info_UID_7BEJWP7AxUUljdrjgyhwOyciCmBk","user_info_UID_AgHySDtRKqqo3wYuiOqwfpTQjKfk","user_info_UID_JAKoivK8LhMRNZ4hWIk6YFGXKa9u","user_info_UID_NNikwAIyX4nVsg5ShvytR5T73XAZ"]
24-07-12.20:16:13.681 [scheduling-1    ] INFO  GetNewData             - 定时任务扫描的keys:["user_info_UID_YRaZptE7mQpwqkV5XIr1hucsQ2Tx","user_info_UID_i2KXTMg5g6nhAOgWQwo1itlwHnQz","user_info_UID_jLKtbrB1V1dRD1QHAhwevYxVnHta","user_info_UID_7BEJWP7AxUUljdrjgyhwOyciCmBk","user_info_UID_AgHySDtRKqqo3wYuiOqwfpTQjKfk","user_info_UID_JAKoivK8LhMRNZ4hWIk6YFGXKa9u","user_info_UID_NNikwAIyX4nVsg5ShvytR5T73XAZ"]
24-07-12.20:16:16.657 [scheduling-1    ] INFO  GetNewData             - 定时任务扫描的keys:["user_info_UID_YRaZptE7mQpwqkV5XIr1hucsQ2Tx","user_info_UID_i2KXTMg5g6nhAOgWQwo1itlwHnQz","user_info_UID_jLKtbrB1V1dRD1QHAhwevYxVnHta","user_info_UID_7BEJWP7AxUUljdrjgyhwOyciCmBk","user_info_UID_AgHySDtRKqqo3wYuiOqwfpTQjKfk","user_info_UID_JAKoivK8LhMRNZ4hWIk6YFGXKa9u","user_info_UID_NNikwAIyX4nVsg5ShvytR5T73XAZ"]
24-07-12.20:16:19.755 [scheduling-1    ] INFO  GetNewData             - 定时任务扫描的keys:["user_info_UID_YRaZptE7mQpwqkV5XIr1hucsQ2Tx","user_info_UID_i2KXTMg5g6nhAOgWQwo1itlwHnQz","user_info_UID_jLKtbrB1V1dRD1QHAhwevYxVnHta","user_info_UID_7BEJWP7AxUUljdrjgyhwOyciCmBk","user_info_UID_AgHySDtRKqqo3wYuiOqwfpTQjKfk","user_info_UID_JAKoivK8LhMRNZ4hWIk6YFGXKa9u","user_info_UID_NNikwAIyX4nVsg5ShvytR5T73XAZ"]
24-07-12.20:16:22.718 [scheduling-1    ] INFO  GetNewData             - 定时任务扫描的keys:["user_info_UID_YRaZptE7mQpwqkV5XIr1hucsQ2Tx","user_info_UID_i2KXTMg5g6nhAOgWQwo1itlwHnQz","user_info_UID_jLKtbrB1V1dRD1QHAhwevYxVnHta","user_info_UID_7BEJWP7AxUUljdrjgyhwOyciCmBk","user_info_UID_AgHySDtRKqqo3wYuiOqwfpTQjKfk","user_info_UID_JAKoivK8LhMRNZ4hWIk6YFGXKa9u","user_info_UID_NNikwAIyX4nVsg5ShvytR5T73XAZ"]
24-07-12.20:16:25.912 [scheduling-1    ] INFO  GetNewData             - 定时任务扫描的keys:["user_info_UID_YRaZptE7mQpwqkV5XIr1hucsQ2Tx","user_info_UID_i2KXTMg5g6nhAOgWQwo1itlwHnQz","user_info_UID_jLKtbrB1V1dRD1QHAhwevYxVnHta","user_info_UID_7BEJWP7AxUUljdrjgyhwOyciCmBk","user_info_UID_AgHySDtRKqqo3wYuiOqwfpTQjKfk","user_info_UID_JAKoivK8LhMRNZ4hWIk6YFGXKa9u","user_info_UID_NNikwAIyX4nVsg5ShvytR5T73XAZ"]
24-07-12.20:16:28.735 [scheduling-1    ] INFO  GetNewData             - 定时任务扫描的keys:["user_info_UID_YRaZptE7mQpwqkV5XIr1hucsQ2Tx","user_info_UID_i2KXTMg5g6nhAOgWQwo1itlwHnQz","user_info_UID_jLKtbrB1V1dRD1QHAhwevYxVnHta","user_info_UID_7BEJWP7AxUUljdrjgyhwOyciCmBk","user_info_UID_AgHySDtRKqqo3wYuiOqwfpTQjKfk","user_info_UID_JAKoivK8LhMRNZ4hWIk6YFGXKa9u","user_info_UID_NNikwAIyX4nVsg5ShvytR5T73XAZ"]
24-07-12.20:16:31.685 [scheduling-1    ] INFO  GetNewData             - 定时任务扫描的keys:["user_info_UID_YRaZptE7mQpwqkV5XIr1hucsQ2Tx","user_info_UID_i2KXTMg5g6nhAOgWQwo1itlwHnQz","user_info_UID_jLKtbrB1V1dRD1QHAhwevYxVnHta","user_info_UID_7BEJWP7AxUUljdrjgyhwOyciCmBk","user_info_UID_AgHySDtRKqqo3wYuiOqwfpTQjKfk","user_info_UID_JAKoivK8LhMRNZ4hWIk6YFGXKa9u","user_info_UID_NNikwAIyX4nVsg5ShvytR5T73XAZ"]
24-07-12.20:16:34.719 [scheduling-1    ] INFO  GetNewData             - 定时任务扫描的keys:["user_info_UID_YRaZptE7mQpwqkV5XIr1hucsQ2Tx","user_info_UID_i2KXTMg5g6nhAOgWQwo1itlwHnQz","user_info_UID_jLKtbrB1V1dRD1QHAhwevYxVnHta","user_info_UID_7BEJWP7AxUUljdrjgyhwOyciCmBk","user_info_UID_AgHySDtRKqqo3wYuiOqwfpTQjKfk","user_info_UID_JAKoivK8LhMRNZ4hWIk6YFGXKa9u","user_info_UID_NNikwAIyX4nVsg5ShvytR5T73XAZ"]
24-07-12.20:16:37.776 [scheduling-1    ] INFO  GetNewData             - 定时任务扫描的keys:["user_info_UID_YRaZptE7mQpwqkV5XIr1hucsQ2Tx","user_info_UID_i2KXTMg5g6nhAOgWQwo1itlwHnQz","user_info_UID_jLKtbrB1V1dRD1QHAhwevYxVnHta","user_info_UID_7BEJWP7AxUUljdrjgyhwOyciCmBk","user_info_UID_AgHySDtRKqqo3wYuiOqwfpTQjKfk","user_info_UID_JAKoivK8LhMRNZ4hWIk6YFGXKa9u","user_info_UID_NNikwAIyX4nVsg5ShvytR5T73XAZ"]
24-07-12.20:16:40.755 [scheduling-1    ] INFO  GetNewData             - 定时任务扫描的keys:["user_info_UID_YRaZptE7mQpwqkV5XIr1hucsQ2Tx","user_info_UID_i2KXTMg5g6nhAOgWQwo1itlwHnQz","user_info_UID_jLKtbrB1V1dRD1QHAhwevYxVnHta","user_info_UID_7BEJWP7AxUUljdrjgyhwOyciCmBk","user_info_UID_AgHySDtRKqqo3wYuiOqwfpTQjKfk","user_info_UID_JAKoivK8LhMRNZ4hWIk6YFGXKa9u","user_info_UID_NNikwAIyX4nVsg5ShvytR5T73XAZ"]
24-07-12.20:16:43.762 [scheduling-1    ] INFO  GetNewData             - 定时任务扫描的keys:["user_info_UID_YRaZptE7mQpwqkV5XIr1hucsQ2Tx","user_info_UID_i2KXTMg5g6nhAOgWQwo1itlwHnQz","user_info_UID_jLKtbrB1V1dRD1QHAhwevYxVnHta","user_info_UID_7BEJWP7AxUUljdrjgyhwOyciCmBk","user_info_UID_AgHySDtRKqqo3wYuiOqwfpTQjKfk","user_info_UID_JAKoivK8LhMRNZ4hWIk6YFGXKa9u","user_info_UID_NNikwAIyX4nVsg5ShvytR5T73XAZ"]
24-07-12.20:16:47.054 [scheduling-1    ] INFO  GetNewData             - 定时任务扫描的keys:["user_info_UID_YRaZptE7mQpwqkV5XIr1hucsQ2Tx","user_info_UID_i2KXTMg5g6nhAOgWQwo1itlwHnQz","user_info_UID_jLKtbrB1V1dRD1QHAhwevYxVnHta","user_info_UID_7BEJWP7AxUUljdrjgyhwOyciCmBk","user_info_UID_AgHySDtRKqqo3wYuiOqwfpTQjKfk","user_info_UID_JAKoivK8LhMRNZ4hWIk6YFGXKa9u","user_info_UID_NNikwAIyX4nVsg5ShvytR5T73XAZ"]
24-07-12.20:16:49.767 [scheduling-1    ] INFO  GetNewData             - 定时任务扫描的keys:["user_info_UID_YRaZptE7mQpwqkV5XIr1hucsQ2Tx","user_info_UID_i2KXTMg5g6nhAOgWQwo1itlwHnQz","user_info_UID_jLKtbrB1V1dRD1QHAhwevYxVnHta","user_info_UID_7BEJWP7AxUUljdrjgyhwOyciCmBk","user_info_UID_AgHySDtRKqqo3wYuiOqwfpTQjKfk","user_info_UID_JAKoivK8LhMRNZ4hWIk6YFGXKa9u","user_info_UID_NNikwAIyX4nVsg5ShvytR5T73XAZ"]
24-07-12.20:16:52.640 [scheduling-1    ] INFO  GetNewData             - 定时任务扫描的keys:["user_info_UID_YRaZptE7mQpwqkV5XIr1hucsQ2Tx","user_info_UID_i2KXTMg5g6nhAOgWQwo1itlwHnQz","user_info_UID_jLKtbrB1V1dRD1QHAhwevYxVnHta","user_info_UID_7BEJWP7AxUUljdrjgyhwOyciCmBk","user_info_UID_AgHySDtRKqqo3wYuiOqwfpTQjKfk","user_info_UID_JAKoivK8LhMRNZ4hWIk6YFGXKa9u","user_info_UID_NNikwAIyX4nVsg5ShvytR5T73XAZ"]
24-07-12.20:16:55.775 [scheduling-1    ] INFO  GetNewData             - 定时任务扫描的keys:["user_info_UID_YRaZptE7mQpwqkV5XIr1hucsQ2Tx","user_info_UID_i2KXTMg5g6nhAOgWQwo1itlwHnQz","user_info_UID_jLKtbrB1V1dRD1QHAhwevYxVnHta","user_info_UID_7BEJWP7AxUUljdrjgyhwOyciCmBk","user_info_UID_AgHySDtRKqqo3wYuiOqwfpTQjKfk","user_info_UID_JAKoivK8LhMRNZ4hWIk6YFGXKa9u","user_info_UID_NNikwAIyX4nVsg5ShvytR5T73XAZ"]
24-07-12.20:16:58.727 [scheduling-1    ] INFO  GetNewData             - 定时任务扫描的keys:["user_info_UID_YRaZptE7mQpwqkV5XIr1hucsQ2Tx","user_info_UID_i2KXTMg5g6nhAOgWQwo1itlwHnQz","user_info_UID_jLKtbrB1V1dRD1QHAhwevYxVnHta","user_info_UID_7BEJWP7AxUUljdrjgyhwOyciCmBk","user_info_UID_AgHySDtRKqqo3wYuiOqwfpTQjKfk","user_info_UID_JAKoivK8LhMRNZ4hWIk6YFGXKa9u","user_info_UID_NNikwAIyX4nVsg5ShvytR5T73XAZ"]
24-07-12.20:17:01.692 [scheduling-1    ] INFO  GetNewData             - 定时任务扫描的keys:["user_info_UID_YRaZptE7mQpwqkV5XIr1hucsQ2Tx","user_info_UID_i2KXTMg5g6nhAOgWQwo1itlwHnQz","user_info_UID_jLKtbrB1V1dRD1QHAhwevYxVnHta","user_info_UID_7BEJWP7AxUUljdrjgyhwOyciCmBk","user_info_UID_AgHySDtRKqqo3wYuiOqwfpTQjKfk","user_info_UID_JAKoivK8LhMRNZ4hWIk6YFGXKa9u","user_info_UID_NNikwAIyX4nVsg5ShvytR5T73XAZ"]
24-07-12.20:17:04.681 [scheduling-1    ] INFO  GetNewData             - 定时任务扫描的keys:["user_info_UID_YRaZptE7mQpwqkV5XIr1hucsQ2Tx","user_info_UID_i2KXTMg5g6nhAOgWQwo1itlwHnQz","user_info_UID_jLKtbrB1V1dRD1QHAhwevYxVnHta","user_info_UID_7BEJWP7AxUUljdrjgyhwOyciCmBk","user_info_UID_AgHySDtRKqqo3wYuiOqwfpTQjKfk","user_info_UID_JAKoivK8LhMRNZ4hWIk6YFGXKa9u","user_info_UID_NNikwAIyX4nVsg5ShvytR5T73XAZ"]
24-07-12.20:17:07.651 [scheduling-1    ] INFO  GetNewData             - 定时任务扫描的keys:["user_info_UID_YRaZptE7mQpwqkV5XIr1hucsQ2Tx","user_info_UID_i2KXTMg5g6nhAOgWQwo1itlwHnQz","user_info_UID_jLKtbrB1V1dRD1QHAhwevYxVnHta","user_info_UID_7BEJWP7AxUUljdrjgyhwOyciCmBk","user_info_UID_AgHySDtRKqqo3wYuiOqwfpTQjKfk","user_info_UID_JAKoivK8LhMRNZ4hWIk6YFGXKa9u","user_info_UID_NNikwAIyX4nVsg5ShvytR5T73XAZ"]
24-07-12.20:17:10.658 [scheduling-1    ] INFO  GetNewData             - 定时任务扫描的keys:["user_info_UID_YRaZptE7mQpwqkV5XIr1hucsQ2Tx","user_info_UID_i2KXTMg5g6nhAOgWQwo1itlwHnQz","user_info_UID_jLKtbrB1V1dRD1QHAhwevYxVnHta","user_info_UID_7BEJWP7AxUUljdrjgyhwOyciCmBk","user_info_UID_AgHySDtRKqqo3wYuiOqwfpTQjKfk","user_info_UID_JAKoivK8LhMRNZ4hWIk6YFGXKa9u","user_info_UID_NNikwAIyX4nVsg5ShvytR5T73XAZ"]
24-07-12.20:17:14.049 [scheduling-1    ] INFO  GetNewData             - 定时任务扫描的keys:["user_info_UID_YRaZptE7mQpwqkV5XIr1hucsQ2Tx","user_info_UID_i2KXTMg5g6nhAOgWQwo1itlwHnQz","user_info_UID_jLKtbrB1V1dRD1QHAhwevYxVnHta","user_info_UID_7BEJWP7AxUUljdrjgyhwOyciCmBk","user_info_UID_AgHySDtRKqqo3wYuiOqwfpTQjKfk","user_info_UID_JAKoivK8LhMRNZ4hWIk6YFGXKa9u","user_info_UID_NNikwAIyX4nVsg5ShvytR5T73XAZ"]
24-07-12.20:17:16.678 [scheduling-1    ] INFO  GetNewData             - 定时任务扫描的keys:["user_info_UID_YRaZptE7mQpwqkV5XIr1hucsQ2Tx","user_info_UID_i2KXTMg5g6nhAOgWQwo1itlwHnQz","user_info_UID_jLKtbrB1V1dRD1QHAhwevYxVnHta","user_info_UID_7BEJWP7AxUUljdrjgyhwOyciCmBk","user_info_UID_AgHySDtRKqqo3wYuiOqwfpTQjKfk","user_info_UID_JAKoivK8LhMRNZ4hWIk6YFGXKa9u","user_info_UID_NNikwAIyX4nVsg5ShvytR5T73XAZ"]
24-07-12.20:17:19.714 [scheduling-1    ] INFO  GetNewData             - 定时任务扫描的keys:["user_info_UID_YRaZptE7mQpwqkV5XIr1hucsQ2Tx","user_info_UID_i2KXTMg5g6nhAOgWQwo1itlwHnQz","user_info_UID_jLKtbrB1V1dRD1QHAhwevYxVnHta","user_info_UID_7BEJWP7AxUUljdrjgyhwOyciCmBk","user_info_UID_AgHySDtRKqqo3wYuiOqwfpTQjKfk","user_info_UID_JAKoivK8LhMRNZ4hWIk6YFGXKa9u","user_info_UID_NNikwAIyX4nVsg5ShvytR5T73XAZ"]
24-07-12.20:17:22.703 [scheduling-1    ] INFO  GetNewData             - 定时任务扫描的keys:["user_info_UID_YRaZptE7mQpwqkV5XIr1hucsQ2Tx","user_info_UID_i2KXTMg5g6nhAOgWQwo1itlwHnQz","user_info_UID_jLKtbrB1V1dRD1QHAhwevYxVnHta","user_info_UID_7BEJWP7AxUUljdrjgyhwOyciCmBk","user_info_UID_AgHySDtRKqqo3wYuiOqwfpTQjKfk","user_info_UID_JAKoivK8LhMRNZ4hWIk6YFGXKa9u","user_info_UID_NNikwAIyX4nVsg5ShvytR5T73XAZ"]
24-07-12.20:17:25.808 [scheduling-1    ] INFO  GetNewData             - 定时任务扫描的keys:["user_info_UID_YRaZptE7mQpwqkV5XIr1hucsQ2Tx","user_info_UID_i2KXTMg5g6nhAOgWQwo1itlwHnQz","user_info_UID_jLKtbrB1V1dRD1QHAhwevYxVnHta","user_info_UID_7BEJWP7AxUUljdrjgyhwOyciCmBk","user_info_UID_AgHySDtRKqqo3wYuiOqwfpTQjKfk","user_info_UID_JAKoivK8LhMRNZ4hWIk6YFGXKa9u","user_info_UID_NNikwAIyX4nVsg5ShvytR5T73XAZ"]
24-07-12.20:17:28.772 [scheduling-1    ] INFO  GetNewData             - 定时任务扫描的keys:["user_info_UID_YRaZptE7mQpwqkV5XIr1hucsQ2Tx","user_info_UID_i2KXTMg5g6nhAOgWQwo1itlwHnQz","user_info_UID_jLKtbrB1V1dRD1QHAhwevYxVnHta","user_info_UID_7BEJWP7AxUUljdrjgyhwOyciCmBk","user_info_UID_AgHySDtRKqqo3wYuiOqwfpTQjKfk","user_info_UID_JAKoivK8LhMRNZ4hWIk6YFGXKa9u","user_info_UID_NNikwAIyX4nVsg5ShvytR5T73XAZ"]
24-07-12.20:17:31.736 [scheduling-1    ] INFO  GetNewData             - 定时任务扫描的keys:["user_info_UID_YRaZptE7mQpwqkV5XIr1hucsQ2Tx","user_info_UID_i2KXTMg5g6nhAOgWQwo1itlwHnQz","user_info_UID_jLKtbrB1V1dRD1QHAhwevYxVnHta","user_info_UID_7BEJWP7AxUUljdrjgyhwOyciCmBk","user_info_UID_AgHySDtRKqqo3wYuiOqwfpTQjKfk","user_info_UID_JAKoivK8LhMRNZ4hWIk6YFGXKa9u","user_info_UID_NNikwAIyX4nVsg5ShvytR5T73XAZ"]
24-07-12.20:17:34.677 [scheduling-1    ] INFO  GetNewData             - 定时任务扫描的keys:["user_info_UID_YRaZptE7mQpwqkV5XIr1hucsQ2Tx","user_info_UID_i2KXTMg5g6nhAOgWQwo1itlwHnQz","user_info_UID_jLKtbrB1V1dRD1QHAhwevYxVnHta","user_info_UID_7BEJWP7AxUUljdrjgyhwOyciCmBk","user_info_UID_AgHySDtRKqqo3wYuiOqwfpTQjKfk","user_info_UID_JAKoivK8LhMRNZ4hWIk6YFGXKa9u","user_info_UID_NNikwAIyX4nVsg5ShvytR5T73XAZ"]
24-07-12.20:17:37.731 [scheduling-1    ] INFO  GetNewData             - 定时任务扫描的keys:["user_info_UID_YRaZptE7mQpwqkV5XIr1hucsQ2Tx","user_info_UID_i2KXTMg5g6nhAOgWQwo1itlwHnQz","user_info_UID_jLKtbrB1V1dRD1QHAhwevYxVnHta","user_info_UID_7BEJWP7AxUUljdrjgyhwOyciCmBk","user_info_UID_AgHySDtRKqqo3wYuiOqwfpTQjKfk","user_info_UID_JAKoivK8LhMRNZ4hWIk6YFGXKa9u","user_info_UID_NNikwAIyX4nVsg5ShvytR5T73XAZ"]
24-07-12.20:17:40.726 [scheduling-1    ] INFO  GetNewData             - 定时任务扫描的keys:["user_info_UID_YRaZptE7mQpwqkV5XIr1hucsQ2Tx","user_info_UID_i2KXTMg5g6nhAOgWQwo1itlwHnQz","user_info_UID_jLKtbrB1V1dRD1QHAhwevYxVnHta","user_info_UID_7BEJWP7AxUUljdrjgyhwOyciCmBk","user_info_UID_AgHySDtRKqqo3wYuiOqwfpTQjKfk","user_info_UID_JAKoivK8LhMRNZ4hWIk6YFGXKa9u","user_info_UID_NNikwAIyX4nVsg5ShvytR5T73XAZ"]
24-07-12.20:17:43.645 [scheduling-1    ] INFO  GetNewData             - 定时任务扫描的keys:["user_info_UID_YRaZptE7mQpwqkV5XIr1hucsQ2Tx","user_info_UID_i2KXTMg5g6nhAOgWQwo1itlwHnQz","user_info_UID_jLKtbrB1V1dRD1QHAhwevYxVnHta","user_info_UID_7BEJWP7AxUUljdrjgyhwOyciCmBk","user_info_UID_AgHySDtRKqqo3wYuiOqwfpTQjKfk","user_info_UID_JAKoivK8LhMRNZ4hWIk6YFGXKa9u","user_info_UID_NNikwAIyX4nVsg5ShvytR5T73XAZ"]
24-07-12.20:17:46.692 [scheduling-1    ] INFO  GetNewData             - 定时任务扫描的keys:["user_info_UID_YRaZptE7mQpwqkV5XIr1hucsQ2Tx","user_info_UID_i2KXTMg5g6nhAOgWQwo1itlwHnQz","user_info_UID_jLKtbrB1V1dRD1QHAhwevYxVnHta","user_info_UID_7BEJWP7AxUUljdrjgyhwOyciCmBk","user_info_UID_AgHySDtRKqqo3wYuiOqwfpTQjKfk","user_info_UID_JAKoivK8LhMRNZ4hWIk6YFGXKa9u","user_info_UID_NNikwAIyX4nVsg5ShvytR5T73XAZ"]
24-07-12.20:17:49.731 [scheduling-1    ] INFO  GetNewData             - 定时任务扫描的keys:["user_info_UID_YRaZptE7mQpwqkV5XIr1hucsQ2Tx","user_info_UID_i2KXTMg5g6nhAOgWQwo1itlwHnQz","user_info_UID_jLKtbrB1V1dRD1QHAhwevYxVnHta","user_info_UID_7BEJWP7AxUUljdrjgyhwOyciCmBk","user_info_UID_AgHySDtRKqqo3wYuiOqwfpTQjKfk","user_info_UID_JAKoivK8LhMRNZ4hWIk6YFGXKa9u","user_info_UID_NNikwAIyX4nVsg5ShvytR5T73XAZ"]
24-07-12.20:17:52.683 [scheduling-1    ] INFO  GetNewData             - 定时任务扫描的keys:["user_info_UID_YRaZptE7mQpwqkV5XIr1hucsQ2Tx","user_info_UID_i2KXTMg5g6nhAOgWQwo1itlwHnQz","user_info_UID_jLKtbrB1V1dRD1QHAhwevYxVnHta","user_info_UID_7BEJWP7AxUUljdrjgyhwOyciCmBk","user_info_UID_AgHySDtRKqqo3wYuiOqwfpTQjKfk","user_info_UID_JAKoivK8LhMRNZ4hWIk6YFGXKa9u","user_info_UID_NNikwAIyX4nVsg5ShvytR5T73XAZ"]
24-07-12.20:17:55.679 [scheduling-1    ] INFO  GetNewData             - 定时任务扫描的keys:["user_info_UID_YRaZptE7mQpwqkV5XIr1hucsQ2Tx","user_info_UID_i2KXTMg5g6nhAOgWQwo1itlwHnQz","user_info_UID_jLKtbrB1V1dRD1QHAhwevYxVnHta","user_info_UID_7BEJWP7AxUUljdrjgyhwOyciCmBk","user_info_UID_AgHySDtRKqqo3wYuiOqwfpTQjKfk","user_info_UID_JAKoivK8LhMRNZ4hWIk6YFGXKa9u","user_info_UID_NNikwAIyX4nVsg5ShvytR5T73XAZ"]
24-07-12.20:17:58.715 [scheduling-1    ] INFO  GetNewData             - 定时任务扫描的keys:["user_info_UID_YRaZptE7mQpwqkV5XIr1hucsQ2Tx","user_info_UID_i2KXTMg5g6nhAOgWQwo1itlwHnQz","user_info_UID_jLKtbrB1V1dRD1QHAhwevYxVnHta","user_info_UID_7BEJWP7AxUUljdrjgyhwOyciCmBk","user_info_UID_AgHySDtRKqqo3wYuiOqwfpTQjKfk","user_info_UID_JAKoivK8LhMRNZ4hWIk6YFGXKa9u","user_info_UID_NNikwAIyX4nVsg5ShvytR5T73XAZ"]
24-07-12.20:18:01.656 [scheduling-1    ] INFO  GetNewData             - 定时任务扫描的keys:["user_info_UID_YRaZptE7mQpwqkV5XIr1hucsQ2Tx","user_info_UID_i2KXTMg5g6nhAOgWQwo1itlwHnQz","user_info_UID_jLKtbrB1V1dRD1QHAhwevYxVnHta","user_info_UID_7BEJWP7AxUUljdrjgyhwOyciCmBk","user_info_UID_AgHySDtRKqqo3wYuiOqwfpTQjKfk","user_info_UID_JAKoivK8LhMRNZ4hWIk6YFGXKa9u","user_info_UID_NNikwAIyX4nVsg5ShvytR5T73XAZ"]
24-07-12.20:18:04.737 [scheduling-1    ] INFO  GetNewData             - 定时任务扫描的keys:["user_info_UID_YRaZptE7mQpwqkV5XIr1hucsQ2Tx","user_info_UID_i2KXTMg5g6nhAOgWQwo1itlwHnQz","user_info_UID_jLKtbrB1V1dRD1QHAhwevYxVnHta","user_info_UID_7BEJWP7AxUUljdrjgyhwOyciCmBk","user_info_UID_AgHySDtRKqqo3wYuiOqwfpTQjKfk","user_info_UID_JAKoivK8LhMRNZ4hWIk6YFGXKa9u","user_info_UID_NNikwAIyX4nVsg5ShvytR5T73XAZ"]
24-07-12.20:18:07.746 [scheduling-1    ] INFO  GetNewData             - 定时任务扫描的keys:["user_info_UID_YRaZptE7mQpwqkV5XIr1hucsQ2Tx","user_info_UID_i2KXTMg5g6nhAOgWQwo1itlwHnQz","user_info_UID_jLKtbrB1V1dRD1QHAhwevYxVnHta","user_info_UID_7BEJWP7AxUUljdrjgyhwOyciCmBk","user_info_UID_AgHySDtRKqqo3wYuiOqwfpTQjKfk","user_info_UID_JAKoivK8LhMRNZ4hWIk6YFGXKa9u","user_info_UID_NNikwAIyX4nVsg5ShvytR5T73XAZ"]
24-07-12.20:18:10.708 [scheduling-1    ] INFO  GetNewData             - 定时任务扫描的keys:["user_info_UID_YRaZptE7mQpwqkV5XIr1hucsQ2Tx","user_info_UID_i2KXTMg5g6nhAOgWQwo1itlwHnQz","user_info_UID_jLKtbrB1V1dRD1QHAhwevYxVnHta","user_info_UID_7BEJWP7AxUUljdrjgyhwOyciCmBk","user_info_UID_AgHySDtRKqqo3wYuiOqwfpTQjKfk","user_info_UID_JAKoivK8LhMRNZ4hWIk6YFGXKa9u","user_info_UID_NNikwAIyX4nVsg5ShvytR5T73XAZ"]
24-07-12.20:18:13.665 [scheduling-1    ] INFO  GetNewData             - 定时任务扫描的keys:["user_info_UID_YRaZptE7mQpwqkV5XIr1hucsQ2Tx","user_info_UID_i2KXTMg5g6nhAOgWQwo1itlwHnQz","user_info_UID_jLKtbrB1V1dRD1QHAhwevYxVnHta","user_info_UID_7BEJWP7AxUUljdrjgyhwOyciCmBk","user_info_UID_AgHySDtRKqqo3wYuiOqwfpTQjKfk","user_info_UID_JAKoivK8LhMRNZ4hWIk6YFGXKa9u","user_info_UID_NNikwAIyX4nVsg5ShvytR5T73XAZ"]
24-07-12.20:18:16.709 [scheduling-1    ] INFO  GetNewData             - 定时任务扫描的keys:["user_info_UID_YRaZptE7mQpwqkV5XIr1hucsQ2Tx","user_info_UID_i2KXTMg5g6nhAOgWQwo1itlwHnQz","user_info_UID_jLKtbrB1V1dRD1QHAhwevYxVnHta","user_info_UID_7BEJWP7AxUUljdrjgyhwOyciCmBk","user_info_UID_AgHySDtRKqqo3wYuiOqwfpTQjKfk","user_info_UID_JAKoivK8LhMRNZ4hWIk6YFGXKa9u","user_info_UID_NNikwAIyX4nVsg5ShvytR5T73XAZ"]
24-07-12.20:18:19.839 [scheduling-1    ] INFO  GetNewData             - 定时任务扫描的keys:["user_info_UID_YRaZptE7mQpwqkV5XIr1hucsQ2Tx","user_info_UID_i2KXTMg5g6nhAOgWQwo1itlwHnQz","user_info_UID_jLKtbrB1V1dRD1QHAhwevYxVnHta","user_info_UID_7BEJWP7AxUUljdrjgyhwOyciCmBk","user_info_UID_AgHySDtRKqqo3wYuiOqwfpTQjKfk","user_info_UID_JAKoivK8LhMRNZ4hWIk6YFGXKa9u","user_info_UID_NNikwAIyX4nVsg5ShvytR5T73XAZ"]
24-07-12.20:18:22.658 [scheduling-1    ] INFO  GetNewData             - 定时任务扫描的keys:["user_info_UID_YRaZptE7mQpwqkV5XIr1hucsQ2Tx","user_info_UID_i2KXTMg5g6nhAOgWQwo1itlwHnQz","user_info_UID_jLKtbrB1V1dRD1QHAhwevYxVnHta","user_info_UID_7BEJWP7AxUUljdrjgyhwOyciCmBk","user_info_UID_AgHySDtRKqqo3wYuiOqwfpTQjKfk","user_info_UID_JAKoivK8LhMRNZ4hWIk6YFGXKa9u","user_info_UID_NNikwAIyX4nVsg5ShvytR5T73XAZ"]
24-07-12.20:18:25.681 [scheduling-1    ] INFO  GetNewData             - 定时任务扫描的keys:["user_info_UID_YRaZptE7mQpwqkV5XIr1hucsQ2Tx","user_info_UID_i2KXTMg5g6nhAOgWQwo1itlwHnQz","user_info_UID_jLKtbrB1V1dRD1QHAhwevYxVnHta","user_info_UID_7BEJWP7AxUUljdrjgyhwOyciCmBk","user_info_UID_AgHySDtRKqqo3wYuiOqwfpTQjKfk","user_info_UID_JAKoivK8LhMRNZ4hWIk6YFGXKa9u","user_info_UID_NNikwAIyX4nVsg5ShvytR5T73XAZ"]
24-07-12.20:18:28.814 [scheduling-1    ] INFO  GetNewData             - 定时任务扫描的keys:["user_info_UID_YRaZptE7mQpwqkV5XIr1hucsQ2Tx","user_info_UID_i2KXTMg5g6nhAOgWQwo1itlwHnQz","user_info_UID_jLKtbrB1V1dRD1QHAhwevYxVnHta","user_info_UID_7BEJWP7AxUUljdrjgyhwOyciCmBk","user_info_UID_AgHySDtRKqqo3wYuiOqwfpTQjKfk","user_info_UID_JAKoivK8LhMRNZ4hWIk6YFGXKa9u","user_info_UID_NNikwAIyX4nVsg5ShvytR5T73XAZ"]
24-07-12.20:18:32.061 [scheduling-1    ] INFO  GetNewData             - 定时任务扫描的keys:["user_info_UID_YRaZptE7mQpwqkV5XIr1hucsQ2Tx","user_info_UID_i2KXTMg5g6nhAOgWQwo1itlwHnQz","user_info_UID_jLKtbrB1V1dRD1QHAhwevYxVnHta","user_info_UID_7BEJWP7AxUUljdrjgyhwOyciCmBk","user_info_UID_AgHySDtRKqqo3wYuiOqwfpTQjKfk","user_info_UID_JAKoivK8LhMRNZ4hWIk6YFGXKa9u","user_info_UID_NNikwAIyX4nVsg5ShvytR5T73XAZ"]
24-07-12.20:18:34.697 [scheduling-1    ] INFO  GetNewData             - 定时任务扫描的keys:["user_info_UID_YRaZptE7mQpwqkV5XIr1hucsQ2Tx","user_info_UID_i2KXTMg5g6nhAOgWQwo1itlwHnQz","user_info_UID_jLKtbrB1V1dRD1QHAhwevYxVnHta","user_info_UID_7BEJWP7AxUUljdrjgyhwOyciCmBk","user_info_UID_AgHySDtRKqqo3wYuiOqwfpTQjKfk","user_info_UID_JAKoivK8LhMRNZ4hWIk6YFGXKa9u","user_info_UID_NNikwAIyX4nVsg5ShvytR5T73XAZ"]
24-07-12.20:18:37.703 [scheduling-1    ] INFO  GetNewData             - 定时任务扫描的keys:["user_info_UID_YRaZptE7mQpwqkV5XIr1hucsQ2Tx","user_info_UID_i2KXTMg5g6nhAOgWQwo1itlwHnQz","user_info_UID_jLKtbrB1V1dRD1QHAhwevYxVnHta","user_info_UID_7BEJWP7AxUUljdrjgyhwOyciCmBk","user_info_UID_AgHySDtRKqqo3wYuiOqwfpTQjKfk","user_info_UID_JAKoivK8LhMRNZ4hWIk6YFGXKa9u","user_info_UID_NNikwAIyX4nVsg5ShvytR5T73XAZ"]
24-07-12.20:18:40.900 [scheduling-1    ] INFO  GetNewData             - 定时任务扫描的keys:["user_info_UID_YRaZptE7mQpwqkV5XIr1hucsQ2Tx","user_info_UID_i2KXTMg5g6nhAOgWQwo1itlwHnQz","user_info_UID_jLKtbrB1V1dRD1QHAhwevYxVnHta","user_info_UID_7BEJWP7AxUUljdrjgyhwOyciCmBk","user_info_UID_AgHySDtRKqqo3wYuiOqwfpTQjKfk","user_info_UID_JAKoivK8LhMRNZ4hWIk6YFGXKa9u","user_info_UID_NNikwAIyX4nVsg5ShvytR5T73XAZ"]
24-07-12.20:18:43.693 [scheduling-1    ] INFO  GetNewData             - 定时任务扫描的keys:["user_info_UID_YRaZptE7mQpwqkV5XIr1hucsQ2Tx","user_info_UID_i2KXTMg5g6nhAOgWQwo1itlwHnQz","user_info_UID_jLKtbrB1V1dRD1QHAhwevYxVnHta","user_info_UID_7BEJWP7AxUUljdrjgyhwOyciCmBk","user_info_UID_AgHySDtRKqqo3wYuiOqwfpTQjKfk","user_info_UID_JAKoivK8LhMRNZ4hWIk6YFGXKa9u","user_info_UID_NNikwAIyX4nVsg5ShvytR5T73XAZ"]
24-07-12.20:18:46.792 [scheduling-1    ] INFO  GetNewData             - 定时任务扫描的keys:["user_info_UID_YRaZptE7mQpwqkV5XIr1hucsQ2Tx","user_info_UID_i2KXTMg5g6nhAOgWQwo1itlwHnQz","user_info_UID_jLKtbrB1V1dRD1QHAhwevYxVnHta","user_info_UID_7BEJWP7AxUUljdrjgyhwOyciCmBk","user_info_UID_AgHySDtRKqqo3wYuiOqwfpTQjKfk","user_info_UID_JAKoivK8LhMRNZ4hWIk6YFGXKa9u","user_info_UID_NNikwAIyX4nVsg5ShvytR5T73XAZ"]
24-07-12.20:18:49.718 [scheduling-1    ] INFO  GetNewData             - 定时任务扫描的keys:["user_info_UID_YRaZptE7mQpwqkV5XIr1hucsQ2Tx","user_info_UID_i2KXTMg5g6nhAOgWQwo1itlwHnQz","user_info_UID_jLKtbrB1V1dRD1QHAhwevYxVnHta","user_info_UID_7BEJWP7AxUUljdrjgyhwOyciCmBk","user_info_UID_AgHySDtRKqqo3wYuiOqwfpTQjKfk","user_info_UID_JAKoivK8LhMRNZ4hWIk6YFGXKa9u","user_info_UID_NNikwAIyX4nVsg5ShvytR5T73XAZ"]
24-07-12.20:18:52.660 [scheduling-1    ] INFO  GetNewData             - 定时任务扫描的keys:["user_info_UID_YRaZptE7mQpwqkV5XIr1hucsQ2Tx","user_info_UID_i2KXTMg5g6nhAOgWQwo1itlwHnQz","user_info_UID_jLKtbrB1V1dRD1QHAhwevYxVnHta","user_info_UID_7BEJWP7AxUUljdrjgyhwOyciCmBk","user_info_UID_AgHySDtRKqqo3wYuiOqwfpTQjKfk","user_info_UID_JAKoivK8LhMRNZ4hWIk6YFGXKa9u","user_info_UID_NNikwAIyX4nVsg5ShvytR5T73XAZ"]
24-07-12.20:18:55.718 [scheduling-1    ] INFO  GetNewData             - 定时任务扫描的keys:["user_info_UID_YRaZptE7mQpwqkV5XIr1hucsQ2Tx","user_info_UID_i2KXTMg5g6nhAOgWQwo1itlwHnQz","user_info_UID_jLKtbrB1V1dRD1QHAhwevYxVnHta","user_info_UID_7BEJWP7AxUUljdrjgyhwOyciCmBk","user_info_UID_AgHySDtRKqqo3wYuiOqwfpTQjKfk","user_info_UID_JAKoivK8LhMRNZ4hWIk6YFGXKa9u","user_info_UID_NNikwAIyX4nVsg5ShvytR5T73XAZ"]
24-07-12.20:18:58.705 [scheduling-1    ] INFO  GetNewData             - 定时任务扫描的keys:["user_info_UID_YRaZptE7mQpwqkV5XIr1hucsQ2Tx","user_info_UID_i2KXTMg5g6nhAOgWQwo1itlwHnQz","user_info_UID_jLKtbrB1V1dRD1QHAhwevYxVnHta","user_info_UID_7BEJWP7AxUUljdrjgyhwOyciCmBk","user_info_UID_AgHySDtRKqqo3wYuiOqwfpTQjKfk","user_info_UID_JAKoivK8LhMRNZ4hWIk6YFGXKa9u","user_info_UID_NNikwAIyX4nVsg5ShvytR5T73XAZ"]
24-07-12.20:19:01.803 [scheduling-1    ] INFO  GetNewData             - 定时任务扫描的keys:["user_info_UID_YRaZptE7mQpwqkV5XIr1hucsQ2Tx","user_info_UID_i2KXTMg5g6nhAOgWQwo1itlwHnQz","user_info_UID_jLKtbrB1V1dRD1QHAhwevYxVnHta","user_info_UID_7BEJWP7AxUUljdrjgyhwOyciCmBk","user_info_UID_AgHySDtRKqqo3wYuiOqwfpTQjKfk","user_info_UID_JAKoivK8LhMRNZ4hWIk6YFGXKa9u","user_info_UID_NNikwAIyX4nVsg5ShvytR5T73XAZ"]
24-07-12.20:19:04.696 [scheduling-1    ] INFO  GetNewData             - 定时任务扫描的keys:["user_info_UID_YRaZptE7mQpwqkV5XIr1hucsQ2Tx","user_info_UID_i2KXTMg5g6nhAOgWQwo1itlwHnQz","user_info_UID_jLKtbrB1V1dRD1QHAhwevYxVnHta","user_info_UID_7BEJWP7AxUUljdrjgyhwOyciCmBk","user_info_UID_AgHySDtRKqqo3wYuiOqwfpTQjKfk","user_info_UID_JAKoivK8LhMRNZ4hWIk6YFGXKa9u","user_info_UID_NNikwAIyX4nVsg5ShvytR5T73XAZ"]
24-07-12.20:19:07.666 [scheduling-1    ] INFO  GetNewData             - 定时任务扫描的keys:["user_info_UID_YRaZptE7mQpwqkV5XIr1hucsQ2Tx","user_info_UID_i2KXTMg5g6nhAOgWQwo1itlwHnQz","user_info_UID_jLKtbrB1V1dRD1QHAhwevYxVnHta","user_info_UID_7BEJWP7AxUUljdrjgyhwOyciCmBk","user_info_UID_AgHySDtRKqqo3wYuiOqwfpTQjKfk","user_info_UID_JAKoivK8LhMRNZ4hWIk6YFGXKa9u","user_info_UID_NNikwAIyX4nVsg5ShvytR5T73XAZ"]
24-07-12.20:19:10.623 [scheduling-1    ] INFO  GetNewData             - 定时任务扫描的keys:["user_info_UID_YRaZptE7mQpwqkV5XIr1hucsQ2Tx","user_info_UID_i2KXTMg5g6nhAOgWQwo1itlwHnQz","user_info_UID_jLKtbrB1V1dRD1QHAhwevYxVnHta","user_info_UID_7BEJWP7AxUUljdrjgyhwOyciCmBk","user_info_UID_AgHySDtRKqqo3wYuiOqwfpTQjKfk","user_info_UID_JAKoivK8LhMRNZ4hWIk6YFGXKa9u","user_info_UID_NNikwAIyX4nVsg5ShvytR5T73XAZ"]
24-07-12.20:19:13.799 [scheduling-1    ] INFO  GetNewData             - 定时任务扫描的keys:["user_info_UID_YRaZptE7mQpwqkV5XIr1hucsQ2Tx","user_info_UID_i2KXTMg5g6nhAOgWQwo1itlwHnQz","user_info_UID_jLKtbrB1V1dRD1QHAhwevYxVnHta","user_info_UID_7BEJWP7AxUUljdrjgyhwOyciCmBk","user_info_UID_AgHySDtRKqqo3wYuiOqwfpTQjKfk","user_info_UID_JAKoivK8LhMRNZ4hWIk6YFGXKa9u","user_info_UID_NNikwAIyX4nVsg5ShvytR5T73XAZ"]
24-07-12.20:19:16.760 [scheduling-1    ] INFO  GetNewData             - 定时任务扫描的keys:["user_info_UID_YRaZptE7mQpwqkV5XIr1hucsQ2Tx","user_info_UID_i2KXTMg5g6nhAOgWQwo1itlwHnQz","user_info_UID_jLKtbrB1V1dRD1QHAhwevYxVnHta","user_info_UID_7BEJWP7AxUUljdrjgyhwOyciCmBk","user_info_UID_AgHySDtRKqqo3wYuiOqwfpTQjKfk","user_info_UID_JAKoivK8LhMRNZ4hWIk6YFGXKa9u","user_info_UID_NNikwAIyX4nVsg5ShvytR5T73XAZ"]
24-07-12.20:19:19.640 [scheduling-1    ] INFO  GetNewData             - 定时任务扫描的keys:["user_info_UID_YRaZptE7mQpwqkV5XIr1hucsQ2Tx","user_info_UID_i2KXTMg5g6nhAOgWQwo1itlwHnQz","user_info_UID_jLKtbrB1V1dRD1QHAhwevYxVnHta","user_info_UID_7BEJWP7AxUUljdrjgyhwOyciCmBk","user_info_UID_AgHySDtRKqqo3wYuiOqwfpTQjKfk","user_info_UID_JAKoivK8LhMRNZ4hWIk6YFGXKa9u","user_info_UID_NNikwAIyX4nVsg5ShvytR5T73XAZ"]
24-07-12.20:19:22.713 [scheduling-1    ] INFO  GetNewData             - 定时任务扫描的keys:["user_info_UID_YRaZptE7mQpwqkV5XIr1hucsQ2Tx","user_info_UID_i2KXTMg5g6nhAOgWQwo1itlwHnQz","user_info_UID_jLKtbrB1V1dRD1QHAhwevYxVnHta","user_info_UID_7BEJWP7AxUUljdrjgyhwOyciCmBk","user_info_UID_AgHySDtRKqqo3wYuiOqwfpTQjKfk","user_info_UID_JAKoivK8LhMRNZ4hWIk6YFGXKa9u","user_info_UID_NNikwAIyX4nVsg5ShvytR5T73XAZ"]
24-07-12.20:19:26.067 [scheduling-1    ] INFO  GetNewData             - 定时任务扫描的keys:["user_info_UID_YRaZptE7mQpwqkV5XIr1hucsQ2Tx","user_info_UID_i2KXTMg5g6nhAOgWQwo1itlwHnQz","user_info_UID_jLKtbrB1V1dRD1QHAhwevYxVnHta","user_info_UID_7BEJWP7AxUUljdrjgyhwOyciCmBk","user_info_UID_AgHySDtRKqqo3wYuiOqwfpTQjKfk","user_info_UID_JAKoivK8LhMRNZ4hWIk6YFGXKa9u","user_info_UID_NNikwAIyX4nVsg5ShvytR5T73XAZ"]
24-07-12.20:19:29.004 [scheduling-1    ] INFO  GetNewData             - 定时任务扫描的keys:["user_info_UID_YRaZptE7mQpwqkV5XIr1hucsQ2Tx","user_info_UID_i2KXTMg5g6nhAOgWQwo1itlwHnQz","user_info_UID_jLKtbrB1V1dRD1QHAhwevYxVnHta","user_info_UID_7BEJWP7AxUUljdrjgyhwOyciCmBk","user_info_UID_AgHySDtRKqqo3wYuiOqwfpTQjKfk","user_info_UID_JAKoivK8LhMRNZ4hWIk6YFGXKa9u","user_info_UID_NNikwAIyX4nVsg5ShvytR5T73XAZ"]
24-07-12.20:19:31.773 [scheduling-1    ] INFO  GetNewData             - 定时任务扫描的keys:["user_info_UID_YRaZptE7mQpwqkV5XIr1hucsQ2Tx","user_info_UID_i2KXTMg5g6nhAOgWQwo1itlwHnQz","user_info_UID_jLKtbrB1V1dRD1QHAhwevYxVnHta","user_info_UID_7BEJWP7AxUUljdrjgyhwOyciCmBk","user_info_UID_AgHySDtRKqqo3wYuiOqwfpTQjKfk","user_info_UID_JAKoivK8LhMRNZ4hWIk6YFGXKa9u","user_info_UID_NNikwAIyX4nVsg5ShvytR5T73XAZ"]
24-07-12.20:19:34.693 [scheduling-1    ] INFO  GetNewData             - 定时任务扫描的keys:["user_info_UID_YRaZptE7mQpwqkV5XIr1hucsQ2Tx","user_info_UID_i2KXTMg5g6nhAOgWQwo1itlwHnQz","user_info_UID_jLKtbrB1V1dRD1QHAhwevYxVnHta","user_info_UID_7BEJWP7AxUUljdrjgyhwOyciCmBk","user_info_UID_AgHySDtRKqqo3wYuiOqwfpTQjKfk","user_info_UID_JAKoivK8LhMRNZ4hWIk6YFGXKa9u","user_info_UID_NNikwAIyX4nVsg5ShvytR5T73XAZ"]
24-07-12.20:19:37.783 [scheduling-1    ] INFO  GetNewData             - 定时任务扫描的keys:["user_info_UID_YRaZptE7mQpwqkV5XIr1hucsQ2Tx","user_info_UID_i2KXTMg5g6nhAOgWQwo1itlwHnQz","user_info_UID_jLKtbrB1V1dRD1QHAhwevYxVnHta","user_info_UID_7BEJWP7AxUUljdrjgyhwOyciCmBk","user_info_UID_AgHySDtRKqqo3wYuiOqwfpTQjKfk","user_info_UID_JAKoivK8LhMRNZ4hWIk6YFGXKa9u","user_info_UID_NNikwAIyX4nVsg5ShvytR5T73XAZ"]
24-07-12.20:19:40.723 [scheduling-1    ] INFO  GetNewData             - 定时任务扫描的keys:["user_info_UID_YRaZptE7mQpwqkV5XIr1hucsQ2Tx","user_info_UID_i2KXTMg5g6nhAOgWQwo1itlwHnQz","user_info_UID_jLKtbrB1V1dRD1QHAhwevYxVnHta","user_info_UID_7BEJWP7AxUUljdrjgyhwOyciCmBk","user_info_UID_AgHySDtRKqqo3wYuiOqwfpTQjKfk","user_info_UID_JAKoivK8LhMRNZ4hWIk6YFGXKa9u","user_info_UID_NNikwAIyX4nVsg5ShvytR5T73XAZ"]
24-07-12.20:19:43.683 [scheduling-1    ] INFO  GetNewData             - 定时任务扫描的keys:["user_info_UID_YRaZptE7mQpwqkV5XIr1hucsQ2Tx","user_info_UID_i2KXTMg5g6nhAOgWQwo1itlwHnQz","user_info_UID_jLKtbrB1V1dRD1QHAhwevYxVnHta","user_info_UID_7BEJWP7AxUUljdrjgyhwOyciCmBk","user_info_UID_AgHySDtRKqqo3wYuiOqwfpTQjKfk","user_info_UID_JAKoivK8LhMRNZ4hWIk6YFGXKa9u","user_info_UID_NNikwAIyX4nVsg5ShvytR5T73XAZ"]
24-07-12.20:19:46.681 [scheduling-1    ] INFO  GetNewData             - 定时任务扫描的keys:["user_info_UID_YRaZptE7mQpwqkV5XIr1hucsQ2Tx","user_info_UID_i2KXTMg5g6nhAOgWQwo1itlwHnQz","user_info_UID_jLKtbrB1V1dRD1QHAhwevYxVnHta","user_info_UID_7BEJWP7AxUUljdrjgyhwOyciCmBk","user_info_UID_AgHySDtRKqqo3wYuiOqwfpTQjKfk","user_info_UID_JAKoivK8LhMRNZ4hWIk6YFGXKa9u","user_info_UID_NNikwAIyX4nVsg5ShvytR5T73XAZ"]
24-07-12.20:19:49.752 [scheduling-1    ] INFO  GetNewData             - 定时任务扫描的keys:["user_info_UID_YRaZptE7mQpwqkV5XIr1hucsQ2Tx","user_info_UID_i2KXTMg5g6nhAOgWQwo1itlwHnQz","user_info_UID_jLKtbrB1V1dRD1QHAhwevYxVnHta","user_info_UID_7BEJWP7AxUUljdrjgyhwOyciCmBk","user_info_UID_AgHySDtRKqqo3wYuiOqwfpTQjKfk","user_info_UID_JAKoivK8LhMRNZ4hWIk6YFGXKa9u","user_info_UID_NNikwAIyX4nVsg5ShvytR5T73XAZ"]
24-07-12.20:19:53.075 [scheduling-1    ] INFO  GetNewData             - 定时任务扫描的keys:["user_info_UID_YRaZptE7mQpwqkV5XIr1hucsQ2Tx","user_info_UID_i2KXTMg5g6nhAOgWQwo1itlwHnQz","user_info_UID_jLKtbrB1V1dRD1QHAhwevYxVnHta","user_info_UID_7BEJWP7AxUUljdrjgyhwOyciCmBk","user_info_UID_AgHySDtRKqqo3wYuiOqwfpTQjKfk","user_info_UID_JAKoivK8LhMRNZ4hWIk6YFGXKa9u","user_info_UID_NNikwAIyX4nVsg5ShvytR5T73XAZ"]
24-07-12.20:19:55.778 [scheduling-1    ] INFO  GetNewData             - 定时任务扫描的keys:["user_info_UID_YRaZptE7mQpwqkV5XIr1hucsQ2Tx","user_info_UID_i2KXTMg5g6nhAOgWQwo1itlwHnQz","user_info_UID_jLKtbrB1V1dRD1QHAhwevYxVnHta","user_info_UID_7BEJWP7AxUUljdrjgyhwOyciCmBk","user_info_UID_AgHySDtRKqqo3wYuiOqwfpTQjKfk","user_info_UID_JAKoivK8LhMRNZ4hWIk6YFGXKa9u","user_info_UID_NNikwAIyX4nVsg5ShvytR5T73XAZ"]
24-07-12.20:19:58.900 [scheduling-1    ] INFO  GetNewData             - 定时任务扫描的keys:["user_info_UID_YRaZptE7mQpwqkV5XIr1hucsQ2Tx","user_info_UID_i2KXTMg5g6nhAOgWQwo1itlwHnQz","user_info_UID_jLKtbrB1V1dRD1QHAhwevYxVnHta","user_info_UID_7BEJWP7AxUUljdrjgyhwOyciCmBk","user_info_UID_AgHySDtRKqqo3wYuiOqwfpTQjKfk","user_info_UID_JAKoivK8LhMRNZ4hWIk6YFGXKa9u","user_info_UID_NNikwAIyX4nVsg5ShvytR5T73XAZ"]
24-07-12.20:20:01.755 [scheduling-1    ] INFO  GetNewData             - 定时任务扫描的keys:["user_info_UID_YRaZptE7mQpwqkV5XIr1hucsQ2Tx","user_info_UID_i2KXTMg5g6nhAOgWQwo1itlwHnQz","user_info_UID_jLKtbrB1V1dRD1QHAhwevYxVnHta","user_info_UID_7BEJWP7AxUUljdrjgyhwOyciCmBk","user_info_UID_AgHySDtRKqqo3wYuiOqwfpTQjKfk","user_info_UID_JAKoivK8LhMRNZ4hWIk6YFGXKa9u","user_info_UID_NNikwAIyX4nVsg5ShvytR5T73XAZ"]
24-07-12.20:20:04.633 [scheduling-1    ] INFO  GetNewData             - 定时任务扫描的keys:["user_info_UID_YRaZptE7mQpwqkV5XIr1hucsQ2Tx","user_info_UID_i2KXTMg5g6nhAOgWQwo1itlwHnQz","user_info_UID_jLKtbrB1V1dRD1QHAhwevYxVnHta","user_info_UID_7BEJWP7AxUUljdrjgyhwOyciCmBk","user_info_UID_AgHySDtRKqqo3wYuiOqwfpTQjKfk","user_info_UID_JAKoivK8LhMRNZ4hWIk6YFGXKa9u","user_info_UID_NNikwAIyX4nVsg5ShvytR5T73XAZ"]
24-07-12.20:20:04.744 [scheduling-1    ] INFO  GetNewData             - 网站数据:3.1,已经达到用户设置的阈值上限:2.5,向 UID_YRaZptE7mQpwqkV5XIr1hucsQ2Tx 发送一次邮件
24-07-12.20:20:05.214 [scheduling-1    ] INFO  GetNewData             - 网站数据:3.1,已经达到用户设置的阈值上限:2.5,向 UID_i2KXTMg5g6nhAOgWQwo1itlwHnQz 发送一次邮件
24-07-12.20:20:05.548 [scheduling-1    ] INFO  GetNewData             - 网站数据:3.1,已经达到用户设置的阈值上限:2.5,向 UID_7BEJWP7AxUUljdrjgyhwOyciCmBk 发送一次邮件
24-07-12.20:20:07.763 [scheduling-1    ] INFO  GetNewData             - 定时任务扫描的keys:["user_info_UID_YRaZptE7mQpwqkV5XIr1hucsQ2Tx","user_info_UID_i2KXTMg5g6nhAOgWQwo1itlwHnQz","user_info_UID_jLKtbrB1V1dRD1QHAhwevYxVnHta","user_info_UID_7BEJWP7AxUUljdrjgyhwOyciCmBk","user_info_UID_AgHySDtRKqqo3wYuiOqwfpTQjKfk","user_info_UID_JAKoivK8LhMRNZ4hWIk6YFGXKa9u","user_info_UID_NNikwAIyX4nVsg5ShvytR5T73XAZ"]
24-07-12.20:20:10.724 [scheduling-1    ] INFO  GetNewData             - 定时任务扫描的keys:["user_info_UID_YRaZptE7mQpwqkV5XIr1hucsQ2Tx","user_info_UID_i2KXTMg5g6nhAOgWQwo1itlwHnQz","user_info_UID_jLKtbrB1V1dRD1QHAhwevYxVnHta","user_info_UID_7BEJWP7AxUUljdrjgyhwOyciCmBk","user_info_UID_AgHySDtRKqqo3wYuiOqwfpTQjKfk","user_info_UID_JAKoivK8LhMRNZ4hWIk6YFGXKa9u","user_info_UID_NNikwAIyX4nVsg5ShvytR5T73XAZ"]
24-07-12.20:20:13.712 [scheduling-1    ] INFO  GetNewData             - 定时任务扫描的keys:["user_info_UID_YRaZptE7mQpwqkV5XIr1hucsQ2Tx","user_info_UID_i2KXTMg5g6nhAOgWQwo1itlwHnQz","user_info_UID_jLKtbrB1V1dRD1QHAhwevYxVnHta","user_info_UID_7BEJWP7AxUUljdrjgyhwOyciCmBk","user_info_UID_AgHySDtRKqqo3wYuiOqwfpTQjKfk","user_info_UID_JAKoivK8LhMRNZ4hWIk6YFGXKa9u","user_info_UID_NNikwAIyX4nVsg5ShvytR5T73XAZ"]
24-07-12.20:20:16.716 [scheduling-1    ] INFO  GetNewData             - 定时任务扫描的keys:["user_info_UID_YRaZptE7mQpwqkV5XIr1hucsQ2Tx","user_info_UID_i2KXTMg5g6nhAOgWQwo1itlwHnQz","user_info_UID_jLKtbrB1V1dRD1QHAhwevYxVnHta","user_info_UID_7BEJWP7AxUUljdrjgyhwOyciCmBk","user_info_UID_AgHySDtRKqqo3wYuiOqwfpTQjKfk","user_info_UID_JAKoivK8LhMRNZ4hWIk6YFGXKa9u","user_info_UID_NNikwAIyX4nVsg5ShvytR5T73XAZ"]
24-07-12.20:20:19.698 [scheduling-1    ] INFO  GetNewData             - 定时任务扫描的keys:["user_info_UID_YRaZptE7mQpwqkV5XIr1hucsQ2Tx","user_info_UID_i2KXTMg5g6nhAOgWQwo1itlwHnQz","user_info_UID_jLKtbrB1V1dRD1QHAhwevYxVnHta","user_info_UID_7BEJWP7AxUUljdrjgyhwOyciCmBk","user_info_UID_AgHySDtRKqqo3wYuiOqwfpTQjKfk","user_info_UID_JAKoivK8LhMRNZ4hWIk6YFGXKa9u","user_info_UID_NNikwAIyX4nVsg5ShvytR5T73XAZ"]
24-07-12.20:20:22.704 [scheduling-1    ] INFO  GetNewData             - 定时任务扫描的keys:["user_info_UID_YRaZptE7mQpwqkV5XIr1hucsQ2Tx","user_info_UID_i2KXTMg5g6nhAOgWQwo1itlwHnQz","user_info_UID_jLKtbrB1V1dRD1QHAhwevYxVnHta","user_info_UID_7BEJWP7AxUUljdrjgyhwOyciCmBk","user_info_UID_AgHySDtRKqqo3wYuiOqwfpTQjKfk","user_info_UID_JAKoivK8LhMRNZ4hWIk6YFGXKa9u","user_info_UID_NNikwAIyX4nVsg5ShvytR5T73XAZ"]
24-07-12.20:20:25.778 [scheduling-1    ] INFO  GetNewData             - 定时任务扫描的keys:["user_info_UID_YRaZptE7mQpwqkV5XIr1hucsQ2Tx","user_info_UID_i2KXTMg5g6nhAOgWQwo1itlwHnQz","user_info_UID_jLKtbrB1V1dRD1QHAhwevYxVnHta","user_info_UID_7BEJWP7AxUUljdrjgyhwOyciCmBk","user_info_UID_AgHySDtRKqqo3wYuiOqwfpTQjKfk","user_info_UID_JAKoivK8LhMRNZ4hWIk6YFGXKa9u","user_info_UID_NNikwAIyX4nVsg5ShvytR5T73XAZ"]
24-07-12.20:20:28.738 [scheduling-1    ] INFO  GetNewData             - 定时任务扫描的keys:["user_info_UID_YRaZptE7mQpwqkV5XIr1hucsQ2Tx","user_info_UID_i2KXTMg5g6nhAOgWQwo1itlwHnQz","user_info_UID_jLKtbrB1V1dRD1QHAhwevYxVnHta","user_info_UID_7BEJWP7AxUUljdrjgyhwOyciCmBk","user_info_UID_AgHySDtRKqqo3wYuiOqwfpTQjKfk","user_info_UID_JAKoivK8LhMRNZ4hWIk6YFGXKa9u","user_info_UID_NNikwAIyX4nVsg5ShvytR5T73XAZ"]
24-07-12.20:20:31.865 [scheduling-1    ] INFO  GetNewData             - 定时任务扫描的keys:["user_info_UID_YRaZptE7mQpwqkV5XIr1hucsQ2Tx","user_info_UID_i2KXTMg5g6nhAOgWQwo1itlwHnQz","user_info_UID_jLKtbrB1V1dRD1QHAhwevYxVnHta","user_info_UID_7BEJWP7AxUUljdrjgyhwOyciCmBk","user_info_UID_AgHySDtRKqqo3wYuiOqwfpTQjKfk","user_info_UID_JAKoivK8LhMRNZ4hWIk6YFGXKa9u","user_info_UID_NNikwAIyX4nVsg5ShvytR5T73XAZ"]
24-07-12.20:20:34.705 [scheduling-1    ] INFO  GetNewData             - 定时任务扫描的keys:["user_info_UID_YRaZptE7mQpwqkV5XIr1hucsQ2Tx","user_info_UID_i2KXTMg5g6nhAOgWQwo1itlwHnQz","user_info_UID_jLKtbrB1V1dRD1QHAhwevYxVnHta","user_info_UID_7BEJWP7AxUUljdrjgyhwOyciCmBk","user_info_UID_AgHySDtRKqqo3wYuiOqwfpTQjKfk","user_info_UID_JAKoivK8LhMRNZ4hWIk6YFGXKa9u","user_info_UID_NNikwAIyX4nVsg5ShvytR5T73XAZ"]
24-07-12.20:20:37.710 [scheduling-1    ] INFO  GetNewData             - 定时任务扫描的keys:["user_info_UID_YRaZptE7mQpwqkV5XIr1hucsQ2Tx","user_info_UID_i2KXTMg5g6nhAOgWQwo1itlwHnQz","user_info_UID_jLKtbrB1V1dRD1QHAhwevYxVnHta","user_info_UID_7BEJWP7AxUUljdrjgyhwOyciCmBk","user_info_UID_AgHySDtRKqqo3wYuiOqwfpTQjKfk","user_info_UID_JAKoivK8LhMRNZ4hWIk6YFGXKa9u","user_info_UID_NNikwAIyX4nVsg5ShvytR5T73XAZ"]
24-07-12.20:20:38.233 [scheduling-1    ] INFO  GetNewData             - 网站数据:2.6,已经达到用户设置的阈值上限:2.5,向 UID_7BEJWP7AxUUljdrjgyhwOyciCmBk 发送一次邮件
24-07-12.20:20:38.769 [scheduling-1    ] INFO  GetNewData             - 网站数据:2.6,已经达到用户设置的阈值上限:2.5,向 UID_AgHySDtRKqqo3wYuiOqwfpTQjKfk 发送一次邮件
24-07-12.20:20:39.190 [scheduling-1    ] INFO  GetNewData             - 网站数据:2.6,已经达到用户设置的阈值上限:2.5,向 UID_JAKoivK8LhMRNZ4hWIk6YFGXKa9u 发送一次邮件
24-07-12.20:20:40.691 [scheduling-1    ] INFO  GetNewData             - 定时任务扫描的keys:["user_info_UID_YRaZptE7mQpwqkV5XIr1hucsQ2Tx","user_info_UID_i2KXTMg5g6nhAOgWQwo1itlwHnQz","user_info_UID_jLKtbrB1V1dRD1QHAhwevYxVnHta","user_info_UID_7BEJWP7AxUUljdrjgyhwOyciCmBk","user_info_UID_AgHySDtRKqqo3wYuiOqwfpTQjKfk","user_info_UID_JAKoivK8LhMRNZ4hWIk6YFGXKa9u","user_info_UID_NNikwAIyX4nVsg5ShvytR5T73XAZ"]
24-07-12.20:20:41.492 [scheduling-1    ] INFO  GetNewData             - 网站数据:2.95,已经达到用户设置的阈值上限:2.5,向 UID_NNikwAIyX4nVsg5ShvytR5T73XAZ 发送一次邮件
24-07-12.20:20:43.663 [scheduling-1    ] INFO  GetNewData             - 定时任务扫描的keys:["user_info_UID_YRaZptE7mQpwqkV5XIr1hucsQ2Tx","user_info_UID_i2KXTMg5g6nhAOgWQwo1itlwHnQz","user_info_UID_jLKtbrB1V1dRD1QHAhwevYxVnHta","user_info_UID_7BEJWP7AxUUljdrjgyhwOyciCmBk","user_info_UID_AgHySDtRKqqo3wYuiOqwfpTQjKfk","user_info_UID_JAKoivK8LhMRNZ4hWIk6YFGXKa9u","user_info_UID_NNikwAIyX4nVsg5ShvytR5T73XAZ"]
24-07-12.20:20:43.793 [scheduling-1    ] INFO  GetNewData             - 网站数据:3.0,已经达到用户设置的阈值上限:2.5,向 UID_YRaZptE7mQpwqkV5XIr1hucsQ2Tx 发送一次邮件
24-07-12.20:20:46.755 [scheduling-1    ] INFO  GetNewData             - 定时任务扫描的keys:["user_info_UID_YRaZptE7mQpwqkV5XIr1hucsQ2Tx","user_info_UID_i2KXTMg5g6nhAOgWQwo1itlwHnQz","user_info_UID_jLKtbrB1V1dRD1QHAhwevYxVnHta","user_info_UID_7BEJWP7AxUUljdrjgyhwOyciCmBk","user_info_UID_AgHySDtRKqqo3wYuiOqwfpTQjKfk","user_info_UID_JAKoivK8LhMRNZ4hWIk6YFGXKa9u","user_info_UID_NNikwAIyX4nVsg5ShvytR5T73XAZ"]
24-07-12.20:20:49.757 [scheduling-1    ] INFO  GetNewData             - 定时任务扫描的keys:["user_info_UID_YRaZptE7mQpwqkV5XIr1hucsQ2Tx","user_info_UID_i2KXTMg5g6nhAOgWQwo1itlwHnQz","user_info_UID_jLKtbrB1V1dRD1QHAhwevYxVnHta","user_info_UID_7BEJWP7AxUUljdrjgyhwOyciCmBk","user_info_UID_AgHySDtRKqqo3wYuiOqwfpTQjKfk","user_info_UID_JAKoivK8LhMRNZ4hWIk6YFGXKa9u","user_info_UID_NNikwAIyX4nVsg5ShvytR5T73XAZ"]
24-07-12.20:20:49.962 [scheduling-1    ] INFO  GetNewData             - 网站数据:3.0,已经达到用户设置的阈值上限:2.5,向 UID_i2KXTMg5g6nhAOgWQwo1itlwHnQz 发送一次邮件
24-07-12.20:20:52.765 [scheduling-1    ] INFO  GetNewData             - 定时任务扫描的keys:["user_info_UID_YRaZptE7mQpwqkV5XIr1hucsQ2Tx","user_info_UID_i2KXTMg5g6nhAOgWQwo1itlwHnQz","user_info_UID_jLKtbrB1V1dRD1QHAhwevYxVnHta","user_info_UID_7BEJWP7AxUUljdrjgyhwOyciCmBk","user_info_UID_AgHySDtRKqqo3wYuiOqwfpTQjKfk","user_info_UID_JAKoivK8LhMRNZ4hWIk6YFGXKa9u","user_info_UID_NNikwAIyX4nVsg5ShvytR5T73XAZ"]
24-07-12.20:20:55.631 [scheduling-1    ] INFO  GetNewData             - 定时任务扫描的keys:["user_info_UID_YRaZptE7mQpwqkV5XIr1hucsQ2Tx","user_info_UID_i2KXTMg5g6nhAOgWQwo1itlwHnQz","user_info_UID_jLKtbrB1V1dRD1QHAhwevYxVnHta","user_info_UID_7BEJWP7AxUUljdrjgyhwOyciCmBk","user_info_UID_AgHySDtRKqqo3wYuiOqwfpTQjKfk","user_info_UID_JAKoivK8LhMRNZ4hWIk6YFGXKa9u","user_info_UID_NNikwAIyX4nVsg5ShvytR5T73XAZ"]
24-07-12.20:20:58.845 [scheduling-1    ] INFO  GetNewData             - 定时任务扫描的keys:["user_info_UID_YRaZptE7mQpwqkV5XIr1hucsQ2Tx","user_info_UID_i2KXTMg5g6nhAOgWQwo1itlwHnQz","user_info_UID_jLKtbrB1V1dRD1QHAhwevYxVnHta","user_info_UID_7BEJWP7AxUUljdrjgyhwOyciCmBk","user_info_UID_AgHySDtRKqqo3wYuiOqwfpTQjKfk","user_info_UID_JAKoivK8LhMRNZ4hWIk6YFGXKa9u","user_info_UID_NNikwAIyX4nVsg5ShvytR5T73XAZ"]
24-07-12.20:21:01.661 [scheduling-1    ] INFO  GetNewData             - 定时任务扫描的keys:["user_info_UID_YRaZptE7mQpwqkV5XIr1hucsQ2Tx","user_info_UID_i2KXTMg5g6nhAOgWQwo1itlwHnQz","user_info_UID_jLKtbrB1V1dRD1QHAhwevYxVnHta","user_info_UID_7BEJWP7AxUUljdrjgyhwOyciCmBk","user_info_UID_AgHySDtRKqqo3wYuiOqwfpTQjKfk","user_info_UID_JAKoivK8LhMRNZ4hWIk6YFGXKa9u","user_info_UID_NNikwAIyX4nVsg5ShvytR5T73XAZ"]
24-07-12.20:21:04.786 [scheduling-1    ] INFO  GetNewData             - 定时任务扫描的keys:["user_info_UID_YRaZptE7mQpwqkV5XIr1hucsQ2Tx","user_info_UID_i2KXTMg5g6nhAOgWQwo1itlwHnQz","user_info_UID_jLKtbrB1V1dRD1QHAhwevYxVnHta","user_info_UID_7BEJWP7AxUUljdrjgyhwOyciCmBk","user_info_UID_AgHySDtRKqqo3wYuiOqwfpTQjKfk","user_info_UID_JAKoivK8LhMRNZ4hWIk6YFGXKa9u","user_info_UID_NNikwAIyX4nVsg5ShvytR5T73XAZ"]
24-07-12.20:21:07.728 [scheduling-1    ] INFO  GetNewData             - 定时任务扫描的keys:["user_info_UID_YRaZptE7mQpwqkV5XIr1hucsQ2Tx","user_info_UID_i2KXTMg5g6nhAOgWQwo1itlwHnQz","user_info_UID_jLKtbrB1V1dRD1QHAhwevYxVnHta","user_info_UID_7BEJWP7AxUUljdrjgyhwOyciCmBk","user_info_UID_AgHySDtRKqqo3wYuiOqwfpTQjKfk","user_info_UID_JAKoivK8LhMRNZ4hWIk6YFGXKa9u","user_info_UID_NNikwAIyX4nVsg5ShvytR5T73XAZ"]
24-07-12.20:21:07.914 [scheduling-1    ] INFO  GetNewData             - 网站数据:2.98,已经达到用户设置的阈值上限:2.5,向 UID_YRaZptE7mQpwqkV5XIr1hucsQ2Tx 发送一次邮件
24-07-12.20:21:08.732 [scheduling-1    ] INFO  GetNewData             - 网站数据:2.98,已经达到用户设置的阈值上限:2.5,向 UID_AgHySDtRKqqo3wYuiOqwfpTQjKfk 发送一次邮件
24-07-12.20:21:09.214 [scheduling-1    ] INFO  GetNewData             - 网站数据:2.98,已经达到用户设置的阈值上限:2.5,向 UID_NNikwAIyX4nVsg5ShvytR5T73XAZ 发送一次邮件
24-07-12.20:21:10.773 [scheduling-1    ] INFO  GetNewData             - 定时任务扫描的keys:["user_info_UID_YRaZptE7mQpwqkV5XIr1hucsQ2Tx","user_info_UID_i2KXTMg5g6nhAOgWQwo1itlwHnQz","user_info_UID_jLKtbrB1V1dRD1QHAhwevYxVnHta","user_info_UID_7BEJWP7AxUUljdrjgyhwOyciCmBk","user_info_UID_AgHySDtRKqqo3wYuiOqwfpTQjKfk","user_info_UID_JAKoivK8LhMRNZ4hWIk6YFGXKa9u","user_info_UID_NNikwAIyX4nVsg5ShvytR5T73XAZ"]
24-07-12.20:21:11.186 [scheduling-1    ] INFO  GetNewData             - 网站数据:2.7,已经达到用户设置的阈值上限:2.5,向 UID_7BEJWP7AxUUljdrjgyhwOyciCmBk 发送一次邮件
24-07-12.20:21:13.815 [scheduling-1    ] INFO  GetNewData             - 定时任务扫描的keys:["user_info_UID_YRaZptE7mQpwqkV5XIr1hucsQ2Tx","user_info_UID_i2KXTMg5g6nhAOgWQwo1itlwHnQz","user_info_UID_jLKtbrB1V1dRD1QHAhwevYxVnHta","user_info_UID_7BEJWP7AxUUljdrjgyhwOyciCmBk","user_info_UID_AgHySDtRKqqo3wYuiOqwfpTQjKfk","user_info_UID_JAKoivK8LhMRNZ4hWIk6YFGXKa9u","user_info_UID_NNikwAIyX4nVsg5ShvytR5T73XAZ"]
24-07-12.20:21:16.778 [scheduling-1    ] INFO  GetNewData             - 定时任务扫描的keys:["user_info_UID_YRaZptE7mQpwqkV5XIr1hucsQ2Tx","user_info_UID_i2KXTMg5g6nhAOgWQwo1itlwHnQz","user_info_UID_jLKtbrB1V1dRD1QHAhwevYxVnHta","user_info_UID_7BEJWP7AxUUljdrjgyhwOyciCmBk","user_info_UID_AgHySDtRKqqo3wYuiOqwfpTQjKfk","user_info_UID_JAKoivK8LhMRNZ4hWIk6YFGXKa9u","user_info_UID_NNikwAIyX4nVsg5ShvytR5T73XAZ"]
24-07-12.20:21:19.733 [scheduling-1    ] INFO  GetNewData             - 定时任务扫描的keys:["user_info_UID_YRaZptE7mQpwqkV5XIr1hucsQ2Tx","user_info_UID_i2KXTMg5g6nhAOgWQwo1itlwHnQz","user_info_UID_jLKtbrB1V1dRD1QHAhwevYxVnHta","user_info_UID_7BEJWP7AxUUljdrjgyhwOyciCmBk","user_info_UID_AgHySDtRKqqo3wYuiOqwfpTQjKfk","user_info_UID_JAKoivK8LhMRNZ4hWIk6YFGXKa9u","user_info_UID_NNikwAIyX4nVsg5ShvytR5T73XAZ"]
24-07-12.20:21:22.776 [scheduling-1    ] INFO  GetNewData             - 定时任务扫描的keys:["user_info_UID_YRaZptE7mQpwqkV5XIr1hucsQ2Tx","user_info_UID_i2KXTMg5g6nhAOgWQwo1itlwHnQz","user_info_UID_jLKtbrB1V1dRD1QHAhwevYxVnHta","user_info_UID_7BEJWP7AxUUljdrjgyhwOyciCmBk","user_info_UID_AgHySDtRKqqo3wYuiOqwfpTQjKfk","user_info_UID_JAKoivK8LhMRNZ4hWIk6YFGXKa9u","user_info_UID_NNikwAIyX4nVsg5ShvytR5T73XAZ"]
24-07-12.20:21:25.689 [scheduling-1    ] INFO  GetNewData             - 定时任务扫描的keys:["user_info_UID_YRaZptE7mQpwqkV5XIr1hucsQ2Tx","user_info_UID_i2KXTMg5g6nhAOgWQwo1itlwHnQz","user_info_UID_jLKtbrB1V1dRD1QHAhwevYxVnHta","user_info_UID_7BEJWP7AxUUljdrjgyhwOyciCmBk","user_info_UID_AgHySDtRKqqo3wYuiOqwfpTQjKfk","user_info_UID_JAKoivK8LhMRNZ4hWIk6YFGXKa9u","user_info_UID_NNikwAIyX4nVsg5ShvytR5T73XAZ"]
24-07-12.20:21:25.996 [scheduling-1    ] INFO  GetNewData             - 网站数据:2.95,已经达到用户设置的阈值上限:2.5,向 UID_i2KXTMg5g6nhAOgWQwo1itlwHnQz 发送一次邮件
24-07-12.20:21:28.641 [scheduling-1    ] INFO  GetNewData             - 定时任务扫描的keys:["user_info_UID_YRaZptE7mQpwqkV5XIr1hucsQ2Tx","user_info_UID_i2KXTMg5g6nhAOgWQwo1itlwHnQz","user_info_UID_jLKtbrB1V1dRD1QHAhwevYxVnHta","user_info_UID_7BEJWP7AxUUljdrjgyhwOyciCmBk","user_info_UID_AgHySDtRKqqo3wYuiOqwfpTQjKfk","user_info_UID_JAKoivK8LhMRNZ4hWIk6YFGXKa9u","user_info_UID_NNikwAIyX4nVsg5ShvytR5T73XAZ"]
24-07-12.20:21:31.688 [scheduling-1    ] INFO  GetNewData             - 定时任务扫描的keys:["user_info_UID_YRaZptE7mQpwqkV5XIr1hucsQ2Tx","user_info_UID_i2KXTMg5g6nhAOgWQwo1itlwHnQz","user_info_UID_jLKtbrB1V1dRD1QHAhwevYxVnHta","user_info_UID_7BEJWP7AxUUljdrjgyhwOyciCmBk","user_info_UID_AgHySDtRKqqo3wYuiOqwfpTQjKfk","user_info_UID_JAKoivK8LhMRNZ4hWIk6YFGXKa9u","user_info_UID_NNikwAIyX4nVsg5ShvytR5T73XAZ"]
24-07-12.20:21:34.712 [scheduling-1    ] INFO  GetNewData             - 定时任务扫描的keys:["user_info_UID_YRaZptE7mQpwqkV5XIr1hucsQ2Tx","user_info_UID_i2KXTMg5g6nhAOgWQwo1itlwHnQz","user_info_UID_jLKtbrB1V1dRD1QHAhwevYxVnHta","user_info_UID_7BEJWP7AxUUljdrjgyhwOyciCmBk","user_info_UID_AgHySDtRKqqo3wYuiOqwfpTQjKfk","user_info_UID_JAKoivK8LhMRNZ4hWIk6YFGXKa9u","user_info_UID_NNikwAIyX4nVsg5ShvytR5T73XAZ"]
24-07-12.20:21:37.785 [scheduling-1    ] INFO  GetNewData             - 定时任务扫描的keys:["user_info_UID_YRaZptE7mQpwqkV5XIr1hucsQ2Tx","user_info_UID_i2KXTMg5g6nhAOgWQwo1itlwHnQz","user_info_UID_jLKtbrB1V1dRD1QHAhwevYxVnHta","user_info_UID_7BEJWP7AxUUljdrjgyhwOyciCmBk","user_info_UID_AgHySDtRKqqo3wYuiOqwfpTQjKfk","user_info_UID_JAKoivK8LhMRNZ4hWIk6YFGXKa9u","user_info_UID_NNikwAIyX4nVsg5ShvytR5T73XAZ"]
24-07-12.20:21:40.716 [scheduling-1    ] INFO  GetNewData             - 定时任务扫描的keys:["user_info_UID_YRaZptE7mQpwqkV5XIr1hucsQ2Tx","user_info_UID_i2KXTMg5g6nhAOgWQwo1itlwHnQz","user_info_UID_jLKtbrB1V1dRD1QHAhwevYxVnHta","user_info_UID_7BEJWP7AxUUljdrjgyhwOyciCmBk","user_info_UID_AgHySDtRKqqo3wYuiOqwfpTQjKfk","user_info_UID_JAKoivK8LhMRNZ4hWIk6YFGXKa9u","user_info_UID_NNikwAIyX4nVsg5ShvytR5T73XAZ"]
24-07-12.20:21:43.688 [scheduling-1    ] INFO  GetNewData             - 定时任务扫描的keys:["user_info_UID_YRaZptE7mQpwqkV5XIr1hucsQ2Tx","user_info_UID_i2KXTMg5g6nhAOgWQwo1itlwHnQz","user_info_UID_jLKtbrB1V1dRD1QHAhwevYxVnHta","user_info_UID_7BEJWP7AxUUljdrjgyhwOyciCmBk","user_info_UID_AgHySDtRKqqo3wYuiOqwfpTQjKfk","user_info_UID_JAKoivK8LhMRNZ4hWIk6YFGXKa9u","user_info_UID_NNikwAIyX4nVsg5ShvytR5T73XAZ"]
24-07-12.20:21:46.715 [scheduling-1    ] INFO  GetNewData             - 定时任务扫描的keys:["user_info_UID_YRaZptE7mQpwqkV5XIr1hucsQ2Tx","user_info_UID_i2KXTMg5g6nhAOgWQwo1itlwHnQz","user_info_UID_jLKtbrB1V1dRD1QHAhwevYxVnHta","user_info_UID_7BEJWP7AxUUljdrjgyhwOyciCmBk","user_info_UID_AgHySDtRKqqo3wYuiOqwfpTQjKfk","user_info_UID_JAKoivK8LhMRNZ4hWIk6YFGXKa9u","user_info_UID_NNikwAIyX4nVsg5ShvytR5T73XAZ"]
24-07-12.20:21:49.638 [scheduling-1    ] INFO  GetNewData             - 定时任务扫描的keys:["user_info_UID_YRaZptE7mQpwqkV5XIr1hucsQ2Tx","user_info_UID_i2KXTMg5g6nhAOgWQwo1itlwHnQz","user_info_UID_jLKtbrB1V1dRD1QHAhwevYxVnHta","user_info_UID_7BEJWP7AxUUljdrjgyhwOyciCmBk","user_info_UID_AgHySDtRKqqo3wYuiOqwfpTQjKfk","user_info_UID_JAKoivK8LhMRNZ4hWIk6YFGXKa9u","user_info_UID_NNikwAIyX4nVsg5ShvytR5T73XAZ"]
24-07-12.20:21:52.721 [scheduling-1    ] INFO  GetNewData             - 定时任务扫描的keys:["user_info_UID_YRaZptE7mQpwqkV5XIr1hucsQ2Tx","user_info_UID_i2KXTMg5g6nhAOgWQwo1itlwHnQz","user_info_UID_jLKtbrB1V1dRD1QHAhwevYxVnHta","user_info_UID_7BEJWP7AxUUljdrjgyhwOyciCmBk","user_info_UID_AgHySDtRKqqo3wYuiOqwfpTQjKfk","user_info_UID_JAKoivK8LhMRNZ4hWIk6YFGXKa9u","user_info_UID_NNikwAIyX4nVsg5ShvytR5T73XAZ"]
24-07-12.20:21:55.595 [scheduling-1    ] INFO  GetNewData             - 定时任务扫描的keys:["user_info_UID_YRaZptE7mQpwqkV5XIr1hucsQ2Tx","user_info_UID_i2KXTMg5g6nhAOgWQwo1itlwHnQz","user_info_UID_jLKtbrB1V1dRD1QHAhwevYxVnHta","user_info_UID_7BEJWP7AxUUljdrjgyhwOyciCmBk","user_info_UID_AgHySDtRKqqo3wYuiOqwfpTQjKfk","user_info_UID_JAKoivK8LhMRNZ4hWIk6YFGXKa9u","user_info_UID_NNikwAIyX4nVsg5ShvytR5T73XAZ"]
24-07-12.20:21:58.673 [scheduling-1    ] INFO  GetNewData             - 定时任务扫描的keys:["user_info_UID_YRaZptE7mQpwqkV5XIr1hucsQ2Tx","user_info_UID_i2KXTMg5g6nhAOgWQwo1itlwHnQz","user_info_UID_jLKtbrB1V1dRD1QHAhwevYxVnHta","user_info_UID_7BEJWP7AxUUljdrjgyhwOyciCmBk","user_info_UID_AgHySDtRKqqo3wYuiOqwfpTQjKfk","user_info_UID_JAKoivK8LhMRNZ4hWIk6YFGXKa9u","user_info_UID_NNikwAIyX4nVsg5ShvytR5T73XAZ"]
24-07-12.20:22:01.823 [scheduling-1    ] INFO  GetNewData             - 定时任务扫描的keys:["user_info_UID_YRaZptE7mQpwqkV5XIr1hucsQ2Tx","user_info_UID_i2KXTMg5g6nhAOgWQwo1itlwHnQz","user_info_UID_jLKtbrB1V1dRD1QHAhwevYxVnHta","user_info_UID_7BEJWP7AxUUljdrjgyhwOyciCmBk","user_info_UID_AgHySDtRKqqo3wYuiOqwfpTQjKfk","user_info_UID_JAKoivK8LhMRNZ4hWIk6YFGXKa9u","user_info_UID_NNikwAIyX4nVsg5ShvytR5T73XAZ"]
24-07-12.20:22:04.746 [scheduling-1    ] INFO  GetNewData             - 定时任务扫描的keys:["user_info_UID_YRaZptE7mQpwqkV5XIr1hucsQ2Tx","user_info_UID_i2KXTMg5g6nhAOgWQwo1itlwHnQz","user_info_UID_jLKtbrB1V1dRD1QHAhwevYxVnHta","user_info_UID_7BEJWP7AxUUljdrjgyhwOyciCmBk","user_info_UID_AgHySDtRKqqo3wYuiOqwfpTQjKfk","user_info_UID_JAKoivK8LhMRNZ4hWIk6YFGXKa9u","user_info_UID_NNikwAIyX4nVsg5ShvytR5T73XAZ"]
24-07-12.20:22:07.774 [scheduling-1    ] INFO  GetNewData             - 定时任务扫描的keys:["user_info_UID_YRaZptE7mQpwqkV5XIr1hucsQ2Tx","user_info_UID_i2KXTMg5g6nhAOgWQwo1itlwHnQz","user_info_UID_jLKtbrB1V1dRD1QHAhwevYxVnHta","user_info_UID_7BEJWP7AxUUljdrjgyhwOyciCmBk","user_info_UID_AgHySDtRKqqo3wYuiOqwfpTQjKfk","user_info_UID_JAKoivK8LhMRNZ4hWIk6YFGXKa9u","user_info_UID_NNikwAIyX4nVsg5ShvytR5T73XAZ"]
24-07-12.20:22:10.651 [scheduling-1    ] INFO  GetNewData             - 定时任务扫描的keys:["user_info_UID_YRaZptE7mQpwqkV5XIr1hucsQ2Tx","user_info_UID_i2KXTMg5g6nhAOgWQwo1itlwHnQz","user_info_UID_jLKtbrB1V1dRD1QHAhwevYxVnHta","user_info_UID_7BEJWP7AxUUljdrjgyhwOyciCmBk","user_info_UID_AgHySDtRKqqo3wYuiOqwfpTQjKfk","user_info_UID_JAKoivK8LhMRNZ4hWIk6YFGXKa9u","user_info_UID_NNikwAIyX4nVsg5ShvytR5T73XAZ"]
24-07-12.20:22:13.668 [scheduling-1    ] INFO  GetNewData             - 定时任务扫描的keys:["user_info_UID_YRaZptE7mQpwqkV5XIr1hucsQ2Tx","user_info_UID_i2KXTMg5g6nhAOgWQwo1itlwHnQz","user_info_UID_jLKtbrB1V1dRD1QHAhwevYxVnHta","user_info_UID_7BEJWP7AxUUljdrjgyhwOyciCmBk","user_info_UID_AgHySDtRKqqo3wYuiOqwfpTQjKfk","user_info_UID_JAKoivK8LhMRNZ4hWIk6YFGXKa9u","user_info_UID_NNikwAIyX4nVsg5ShvytR5T73XAZ"]
24-07-12.20:22:16.742 [scheduling-1    ] INFO  GetNewData             - 定时任务扫描的keys:["user_info_UID_YRaZptE7mQpwqkV5XIr1hucsQ2Tx","user_info_UID_i2KXTMg5g6nhAOgWQwo1itlwHnQz","user_info_UID_jLKtbrB1V1dRD1QHAhwevYxVnHta","user_info_UID_7BEJWP7AxUUljdrjgyhwOyciCmBk","user_info_UID_AgHySDtRKqqo3wYuiOqwfpTQjKfk","user_info_UID_JAKoivK8LhMRNZ4hWIk6YFGXKa9u","user_info_UID_NNikwAIyX4nVsg5ShvytR5T73XAZ"]
24-07-12.20:22:19.624 [scheduling-1    ] INFO  GetNewData             - 定时任务扫描的keys:["user_info_UID_YRaZptE7mQpwqkV5XIr1hucsQ2Tx","user_info_UID_i2KXTMg5g6nhAOgWQwo1itlwHnQz","user_info_UID_jLKtbrB1V1dRD1QHAhwevYxVnHta","user_info_UID_7BEJWP7AxUUljdrjgyhwOyciCmBk","user_info_UID_AgHySDtRKqqo3wYuiOqwfpTQjKfk","user_info_UID_JAKoivK8LhMRNZ4hWIk6YFGXKa9u","user_info_UID_NNikwAIyX4nVsg5ShvytR5T73XAZ"]
24-07-12.20:22:22.763 [scheduling-1    ] INFO  GetNewData             - 定时任务扫描的keys:["user_info_UID_YRaZptE7mQpwqkV5XIr1hucsQ2Tx","user_info_UID_i2KXTMg5g6nhAOgWQwo1itlwHnQz","user_info_UID_jLKtbrB1V1dRD1QHAhwevYxVnHta","user_info_UID_7BEJWP7AxUUljdrjgyhwOyciCmBk","user_info_UID_AgHySDtRKqqo3wYuiOqwfpTQjKfk","user_info_UID_JAKoivK8LhMRNZ4hWIk6YFGXKa9u","user_info_UID_NNikwAIyX4nVsg5ShvytR5T73XAZ"]
24-07-12.20:22:25.905 [scheduling-1    ] INFO  GetNewData             - 定时任务扫描的keys:["user_info_UID_YRaZptE7mQpwqkV5XIr1hucsQ2Tx","user_info_UID_i2KXTMg5g6nhAOgWQwo1itlwHnQz","user_info_UID_jLKtbrB1V1dRD1QHAhwevYxVnHta","user_info_UID_7BEJWP7AxUUljdrjgyhwOyciCmBk","user_info_UID_AgHySDtRKqqo3wYuiOqwfpTQjKfk","user_info_UID_JAKoivK8LhMRNZ4hWIk6YFGXKa9u","user_info_UID_NNikwAIyX4nVsg5ShvytR5T73XAZ"]
24-07-12.20:22:28.760 [scheduling-1    ] INFO  GetNewData             - 定时任务扫描的keys:["user_info_UID_YRaZptE7mQpwqkV5XIr1hucsQ2Tx","user_info_UID_i2KXTMg5g6nhAOgWQwo1itlwHnQz","user_info_UID_jLKtbrB1V1dRD1QHAhwevYxVnHta","user_info_UID_7BEJWP7AxUUljdrjgyhwOyciCmBk","user_info_UID_AgHySDtRKqqo3wYuiOqwfpTQjKfk","user_info_UID_JAKoivK8LhMRNZ4hWIk6YFGXKa9u","user_info_UID_NNikwAIyX4nVsg5ShvytR5T73XAZ"]
24-07-12.20:22:31.721 [scheduling-1    ] INFO  GetNewData             - 定时任务扫描的keys:["user_info_UID_YRaZptE7mQpwqkV5XIr1hucsQ2Tx","user_info_UID_i2KXTMg5g6nhAOgWQwo1itlwHnQz","user_info_UID_jLKtbrB1V1dRD1QHAhwevYxVnHta","user_info_UID_7BEJWP7AxUUljdrjgyhwOyciCmBk","user_info_UID_AgHySDtRKqqo3wYuiOqwfpTQjKfk","user_info_UID_JAKoivK8LhMRNZ4hWIk6YFGXKa9u","user_info_UID_NNikwAIyX4nVsg5ShvytR5T73XAZ"]
24-07-12.20:22:34.710 [scheduling-1    ] INFO  GetNewData             - 定时任务扫描的keys:["user_info_UID_YRaZptE7mQpwqkV5XIr1hucsQ2Tx","user_info_UID_i2KXTMg5g6nhAOgWQwo1itlwHnQz","user_info_UID_jLKtbrB1V1dRD1QHAhwevYxVnHta","user_info_UID_7BEJWP7AxUUljdrjgyhwOyciCmBk","user_info_UID_AgHySDtRKqqo3wYuiOqwfpTQjKfk","user_info_UID_JAKoivK8LhMRNZ4hWIk6YFGXKa9u","user_info_UID_NNikwAIyX4nVsg5ShvytR5T73XAZ"]
24-07-12.20:22:37.670 [scheduling-1    ] INFO  GetNewData             - 定时任务扫描的keys:["user_info_UID_YRaZptE7mQpwqkV5XIr1hucsQ2Tx","user_info_UID_i2KXTMg5g6nhAOgWQwo1itlwHnQz","user_info_UID_jLKtbrB1V1dRD1QHAhwevYxVnHta","user_info_UID_7BEJWP7AxUUljdrjgyhwOyciCmBk","user_info_UID_AgHySDtRKqqo3wYuiOqwfpTQjKfk","user_info_UID_JAKoivK8LhMRNZ4hWIk6YFGXKa9u","user_info_UID_NNikwAIyX4nVsg5ShvytR5T73XAZ"]
24-07-12.20:22:37.814 [scheduling-1    ] INFO  GetNewData             - 网站数据:2.9,已经达到用户设置的阈值上限:2.5,向 UID_YRaZptE7mQpwqkV5XIr1hucsQ2Tx 发送一次邮件
24-07-12.20:22:40.690 [scheduling-1    ] INFO  GetNewData             - 定时任务扫描的keys:["user_info_UID_YRaZptE7mQpwqkV5XIr1hucsQ2Tx","user_info_UID_i2KXTMg5g6nhAOgWQwo1itlwHnQz","user_info_UID_jLKtbrB1V1dRD1QHAhwevYxVnHta","user_info_UID_7BEJWP7AxUUljdrjgyhwOyciCmBk","user_info_UID_AgHySDtRKqqo3wYuiOqwfpTQjKfk","user_info_UID_JAKoivK8LhMRNZ4hWIk6YFGXKa9u","user_info_UID_NNikwAIyX4nVsg5ShvytR5T73XAZ"]
24-07-12.20:22:40.997 [scheduling-1    ] INFO  GetNewData             - 网站数据:2.97,已经达到用户设置的阈值上限:2.5,向 UID_i2KXTMg5g6nhAOgWQwo1itlwHnQz 发送一次邮件
24-07-12.20:22:43.675 [scheduling-1    ] INFO  GetNewData             - 定时任务扫描的keys:["user_info_UID_YRaZptE7mQpwqkV5XIr1hucsQ2Tx","user_info_UID_i2KXTMg5g6nhAOgWQwo1itlwHnQz","user_info_UID_jLKtbrB1V1dRD1QHAhwevYxVnHta","user_info_UID_7BEJWP7AxUUljdrjgyhwOyciCmBk","user_info_UID_AgHySDtRKqqo3wYuiOqwfpTQjKfk","user_info_UID_JAKoivK8LhMRNZ4hWIk6YFGXKa9u","user_info_UID_NNikwAIyX4nVsg5ShvytR5T73XAZ"]
24-07-12.20:22:46.698 [scheduling-1    ] INFO  GetNewData             - 定时任务扫描的keys:["user_info_UID_YRaZptE7mQpwqkV5XIr1hucsQ2Tx","user_info_UID_i2KXTMg5g6nhAOgWQwo1itlwHnQz","user_info_UID_jLKtbrB1V1dRD1QHAhwevYxVnHta","user_info_UID_7BEJWP7AxUUljdrjgyhwOyciCmBk","user_info_UID_AgHySDtRKqqo3wYuiOqwfpTQjKfk","user_info_UID_JAKoivK8LhMRNZ4hWIk6YFGXKa9u","user_info_UID_NNikwAIyX4nVsg5ShvytR5T73XAZ"]
24-07-12.20:22:49.741 [scheduling-1    ] INFO  GetNewData             - 定时任务扫描的keys:["user_info_UID_YRaZptE7mQpwqkV5XIr1hucsQ2Tx","user_info_UID_i2KXTMg5g6nhAOgWQwo1itlwHnQz","user_info_UID_jLKtbrB1V1dRD1QHAhwevYxVnHta","user_info_UID_7BEJWP7AxUUljdrjgyhwOyciCmBk","user_info_UID_AgHySDtRKqqo3wYuiOqwfpTQjKfk","user_info_UID_JAKoivK8LhMRNZ4hWIk6YFGXKa9u","user_info_UID_NNikwAIyX4nVsg5ShvytR5T73XAZ"]
24-07-12.20:22:52.741 [scheduling-1    ] INFO  GetNewData             - 定时任务扫描的keys:["user_info_UID_YRaZptE7mQpwqkV5XIr1hucsQ2Tx","user_info_UID_i2KXTMg5g6nhAOgWQwo1itlwHnQz","user_info_UID_jLKtbrB1V1dRD1QHAhwevYxVnHta","user_info_UID_7BEJWP7AxUUljdrjgyhwOyciCmBk","user_info_UID_AgHySDtRKqqo3wYuiOqwfpTQjKfk","user_info_UID_JAKoivK8LhMRNZ4hWIk6YFGXKa9u","user_info_UID_NNikwAIyX4nVsg5ShvytR5T73XAZ"]
24-07-12.20:22:55.683 [scheduling-1    ] INFO  GetNewData             - 定时任务扫描的keys:["user_info_UID_YRaZptE7mQpwqkV5XIr1hucsQ2Tx","user_info_UID_i2KXTMg5g6nhAOgWQwo1itlwHnQz","user_info_UID_jLKtbrB1V1dRD1QHAhwevYxVnHta","user_info_UID_7BEJWP7AxUUljdrjgyhwOyciCmBk","user_info_UID_AgHySDtRKqqo3wYuiOqwfpTQjKfk","user_info_UID_JAKoivK8LhMRNZ4hWIk6YFGXKa9u","user_info_UID_NNikwAIyX4nVsg5ShvytR5T73XAZ"]
24-07-12.20:22:58.710 [scheduling-1    ] INFO  GetNewData             - 定时任务扫描的keys:["user_info_UID_YRaZptE7mQpwqkV5XIr1hucsQ2Tx","user_info_UID_i2KXTMg5g6nhAOgWQwo1itlwHnQz","user_info_UID_jLKtbrB1V1dRD1QHAhwevYxVnHta","user_info_UID_7BEJWP7AxUUljdrjgyhwOyciCmBk","user_info_UID_AgHySDtRKqqo3wYuiOqwfpTQjKfk","user_info_UID_JAKoivK8LhMRNZ4hWIk6YFGXKa9u","user_info_UID_NNikwAIyX4nVsg5ShvytR5T73XAZ"]
24-07-12.20:23:01.632 [scheduling-1    ] INFO  GetNewData             - 定时任务扫描的keys:["user_info_UID_YRaZptE7mQpwqkV5XIr1hucsQ2Tx","user_info_UID_i2KXTMg5g6nhAOgWQwo1itlwHnQz","user_info_UID_jLKtbrB1V1dRD1QHAhwevYxVnHta","user_info_UID_7BEJWP7AxUUljdrjgyhwOyciCmBk","user_info_UID_AgHySDtRKqqo3wYuiOqwfpTQjKfk","user_info_UID_JAKoivK8LhMRNZ4hWIk6YFGXKa9u","user_info_UID_NNikwAIyX4nVsg5ShvytR5T73XAZ"]
24-07-12.20:23:04.721 [scheduling-1    ] INFO  GetNewData             - 定时任务扫描的keys:["user_info_UID_YRaZptE7mQpwqkV5XIr1hucsQ2Tx","user_info_UID_i2KXTMg5g6nhAOgWQwo1itlwHnQz","user_info_UID_jLKtbrB1V1dRD1QHAhwevYxVnHta","user_info_UID_7BEJWP7AxUUljdrjgyhwOyciCmBk","user_info_UID_AgHySDtRKqqo3wYuiOqwfpTQjKfk","user_info_UID_JAKoivK8LhMRNZ4hWIk6YFGXKa9u","user_info_UID_NNikwAIyX4nVsg5ShvytR5T73XAZ"]
24-07-12.20:23:07.738 [scheduling-1    ] INFO  GetNewData             - 定时任务扫描的keys:["user_info_UID_YRaZptE7mQpwqkV5XIr1hucsQ2Tx","user_info_UID_i2KXTMg5g6nhAOgWQwo1itlwHnQz","user_info_UID_jLKtbrB1V1dRD1QHAhwevYxVnHta","user_info_UID_7BEJWP7AxUUljdrjgyhwOyciCmBk","user_info_UID_AgHySDtRKqqo3wYuiOqwfpTQjKfk","user_info_UID_JAKoivK8LhMRNZ4hWIk6YFGXKa9u","user_info_UID_NNikwAIyX4nVsg5ShvytR5T73XAZ"]
24-07-12.20:23:10.729 [scheduling-1    ] INFO  GetNewData             - 定时任务扫描的keys:["user_info_UID_YRaZptE7mQpwqkV5XIr1hucsQ2Tx","user_info_UID_i2KXTMg5g6nhAOgWQwo1itlwHnQz","user_info_UID_jLKtbrB1V1dRD1QHAhwevYxVnHta","user_info_UID_7BEJWP7AxUUljdrjgyhwOyciCmBk","user_info_UID_AgHySDtRKqqo3wYuiOqwfpTQjKfk","user_info_UID_JAKoivK8LhMRNZ4hWIk6YFGXKa9u","user_info_UID_NNikwAIyX4nVsg5ShvytR5T73XAZ"]
24-07-12.20:23:13.697 [scheduling-1    ] INFO  GetNewData             - 定时任务扫描的keys:["user_info_UID_YRaZptE7mQpwqkV5XIr1hucsQ2Tx","user_info_UID_i2KXTMg5g6nhAOgWQwo1itlwHnQz","user_info_UID_jLKtbrB1V1dRD1QHAhwevYxVnHta","user_info_UID_7BEJWP7AxUUljdrjgyhwOyciCmBk","user_info_UID_AgHySDtRKqqo3wYuiOqwfpTQjKfk","user_info_UID_JAKoivK8LhMRNZ4hWIk6YFGXKa9u","user_info_UID_NNikwAIyX4nVsg5ShvytR5T73XAZ"]
24-07-12.20:23:16.742 [scheduling-1    ] INFO  GetNewData             - 定时任务扫描的keys:["user_info_UID_YRaZptE7mQpwqkV5XIr1hucsQ2Tx","user_info_UID_i2KXTMg5g6nhAOgWQwo1itlwHnQz","user_info_UID_jLKtbrB1V1dRD1QHAhwevYxVnHta","user_info_UID_7BEJWP7AxUUljdrjgyhwOyciCmBk","user_info_UID_AgHySDtRKqqo3wYuiOqwfpTQjKfk","user_info_UID_JAKoivK8LhMRNZ4hWIk6YFGXKa9u","user_info_UID_NNikwAIyX4nVsg5ShvytR5T73XAZ"]
24-07-12.20:23:19.705 [scheduling-1    ] INFO  GetNewData             - 定时任务扫描的keys:["user_info_UID_YRaZptE7mQpwqkV5XIr1hucsQ2Tx","user_info_UID_i2KXTMg5g6nhAOgWQwo1itlwHnQz","user_info_UID_jLKtbrB1V1dRD1QHAhwevYxVnHta","user_info_UID_7BEJWP7AxUUljdrjgyhwOyciCmBk","user_info_UID_AgHySDtRKqqo3wYuiOqwfpTQjKfk","user_info_UID_JAKoivK8LhMRNZ4hWIk6YFGXKa9u","user_info_UID_NNikwAIyX4nVsg5ShvytR5T73XAZ"]
24-07-12.20:23:22.735 [scheduling-1    ] INFO  GetNewData             - 定时任务扫描的keys:["user_info_UID_YRaZptE7mQpwqkV5XIr1hucsQ2Tx","user_info_UID_i2KXTMg5g6nhAOgWQwo1itlwHnQz","user_info_UID_jLKtbrB1V1dRD1QHAhwevYxVnHta","user_info_UID_7BEJWP7AxUUljdrjgyhwOyciCmBk","user_info_UID_AgHySDtRKqqo3wYuiOqwfpTQjKfk","user_info_UID_JAKoivK8LhMRNZ4hWIk6YFGXKa9u","user_info_UID_NNikwAIyX4nVsg5ShvytR5T73XAZ"]
24-07-12.20:23:25.695 [scheduling-1    ] INFO  GetNewData             - 定时任务扫描的keys:["user_info_UID_YRaZptE7mQpwqkV5XIr1hucsQ2Tx","user_info_UID_i2KXTMg5g6nhAOgWQwo1itlwHnQz","user_info_UID_jLKtbrB1V1dRD1QHAhwevYxVnHta","user_info_UID_7BEJWP7AxUUljdrjgyhwOyciCmBk","user_info_UID_AgHySDtRKqqo3wYuiOqwfpTQjKfk","user_info_UID_JAKoivK8LhMRNZ4hWIk6YFGXKa9u","user_info_UID_NNikwAIyX4nVsg5ShvytR5T73XAZ"]
24-07-12.20:23:28.684 [scheduling-1    ] INFO  GetNewData             - 定时任务扫描的keys:["user_info_UID_YRaZptE7mQpwqkV5XIr1hucsQ2Tx","user_info_UID_i2KXTMg5g6nhAOgWQwo1itlwHnQz","user_info_UID_jLKtbrB1V1dRD1QHAhwevYxVnHta","user_info_UID_7BEJWP7AxUUljdrjgyhwOyciCmBk","user_info_UID_AgHySDtRKqqo3wYuiOqwfpTQjKfk","user_info_UID_JAKoivK8LhMRNZ4hWIk6YFGXKa9u","user_info_UID_NNikwAIyX4nVsg5ShvytR5T73XAZ"]
24-07-12.20:23:31.700 [scheduling-1    ] INFO  GetNewData             - 定时任务扫描的keys:["user_info_UID_YRaZptE7mQpwqkV5XIr1hucsQ2Tx","user_info_UID_i2KXTMg5g6nhAOgWQwo1itlwHnQz","user_info_UID_jLKtbrB1V1dRD1QHAhwevYxVnHta","user_info_UID_7BEJWP7AxUUljdrjgyhwOyciCmBk","user_info_UID_AgHySDtRKqqo3wYuiOqwfpTQjKfk","user_info_UID_JAKoivK8LhMRNZ4hWIk6YFGXKa9u","user_info_UID_NNikwAIyX4nVsg5ShvytR5T73XAZ"]
24-07-12.20:23:34.752 [scheduling-1    ] INFO  GetNewData             - 定时任务扫描的keys:["user_info_UID_YRaZptE7mQpwqkV5XIr1hucsQ2Tx","user_info_UID_i2KXTMg5g6nhAOgWQwo1itlwHnQz","user_info_UID_jLKtbrB1V1dRD1QHAhwevYxVnHta","user_info_UID_7BEJWP7AxUUljdrjgyhwOyciCmBk","user_info_UID_AgHySDtRKqqo3wYuiOqwfpTQjKfk","user_info_UID_JAKoivK8LhMRNZ4hWIk6YFGXKa9u","user_info_UID_NNikwAIyX4nVsg5ShvytR5T73XAZ"]
24-07-12.20:23:37.821 [scheduling-1    ] INFO  GetNewData             - 定时任务扫描的keys:["user_info_UID_YRaZptE7mQpwqkV5XIr1hucsQ2Tx","user_info_UID_i2KXTMg5g6nhAOgWQwo1itlwHnQz","user_info_UID_jLKtbrB1V1dRD1QHAhwevYxVnHta","user_info_UID_7BEJWP7AxUUljdrjgyhwOyciCmBk","user_info_UID_AgHySDtRKqqo3wYuiOqwfpTQjKfk","user_info_UID_JAKoivK8LhMRNZ4hWIk6YFGXKa9u","user_info_UID_NNikwAIyX4nVsg5ShvytR5T73XAZ"]
24-07-12.20:23:40.748 [scheduling-1    ] INFO  GetNewData             - 定时任务扫描的keys:["user_info_UID_YRaZptE7mQpwqkV5XIr1hucsQ2Tx","user_info_UID_i2KXTMg5g6nhAOgWQwo1itlwHnQz","user_info_UID_jLKtbrB1V1dRD1QHAhwevYxVnHta","user_info_UID_7BEJWP7AxUUljdrjgyhwOyciCmBk","user_info_UID_AgHySDtRKqqo3wYuiOqwfpTQjKfk","user_info_UID_JAKoivK8LhMRNZ4hWIk6YFGXKa9u","user_info_UID_NNikwAIyX4nVsg5ShvytR5T73XAZ"]
24-07-12.20:23:43.709 [scheduling-1    ] INFO  GetNewData             - 定时任务扫描的keys:["user_info_UID_YRaZptE7mQpwqkV5XIr1hucsQ2Tx","user_info_UID_i2KXTMg5g6nhAOgWQwo1itlwHnQz","user_info_UID_jLKtbrB1V1dRD1QHAhwevYxVnHta","user_info_UID_7BEJWP7AxUUljdrjgyhwOyciCmBk","user_info_UID_AgHySDtRKqqo3wYuiOqwfpTQjKfk","user_info_UID_JAKoivK8LhMRNZ4hWIk6YFGXKa9u","user_info_UID_NNikwAIyX4nVsg5ShvytR5T73XAZ"]
24-07-12.20:23:46.748 [scheduling-1    ] INFO  GetNewData             - 定时任务扫描的keys:["user_info_UID_YRaZptE7mQpwqkV5XIr1hucsQ2Tx","user_info_UID_i2KXTMg5g6nhAOgWQwo1itlwHnQz","user_info_UID_jLKtbrB1V1dRD1QHAhwevYxVnHta","user_info_UID_7BEJWP7AxUUljdrjgyhwOyciCmBk","user_info_UID_AgHySDtRKqqo3wYuiOqwfpTQjKfk","user_info_UID_JAKoivK8LhMRNZ4hWIk6YFGXKa9u","user_info_UID_NNikwAIyX4nVsg5ShvytR5T73XAZ"]
24-07-12.20:23:49.643 [scheduling-1    ] INFO  GetNewData             - 定时任务扫描的keys:["user_info_UID_YRaZptE7mQpwqkV5XIr1hucsQ2Tx","user_info_UID_i2KXTMg5g6nhAOgWQwo1itlwHnQz","user_info_UID_jLKtbrB1V1dRD1QHAhwevYxVnHta","user_info_UID_7BEJWP7AxUUljdrjgyhwOyciCmBk","user_info_UID_AgHySDtRKqqo3wYuiOqwfpTQjKfk","user_info_UID_JAKoivK8LhMRNZ4hWIk6YFGXKa9u","user_info_UID_NNikwAIyX4nVsg5ShvytR5T73XAZ"]
24-07-12.20:23:52.777 [scheduling-1    ] INFO  GetNewData             - 定时任务扫描的keys:["user_info_UID_YRaZptE7mQpwqkV5XIr1hucsQ2Tx","user_info_UID_i2KXTMg5g6nhAOgWQwo1itlwHnQz","user_info_UID_jLKtbrB1V1dRD1QHAhwevYxVnHta","user_info_UID_7BEJWP7AxUUljdrjgyhwOyciCmBk","user_info_UID_AgHySDtRKqqo3wYuiOqwfpTQjKfk","user_info_UID_JAKoivK8LhMRNZ4hWIk6YFGXKa9u","user_info_UID_NNikwAIyX4nVsg5ShvytR5T73XAZ"]
24-07-12.20:23:55.772 [scheduling-1    ] INFO  GetNewData             - 定时任务扫描的keys:["user_info_UID_YRaZptE7mQpwqkV5XIr1hucsQ2Tx","user_info_UID_i2KXTMg5g6nhAOgWQwo1itlwHnQz","user_info_UID_jLKtbrB1V1dRD1QHAhwevYxVnHta","user_info_UID_7BEJWP7AxUUljdrjgyhwOyciCmBk","user_info_UID_AgHySDtRKqqo3wYuiOqwfpTQjKfk","user_info_UID_JAKoivK8LhMRNZ4hWIk6YFGXKa9u","user_info_UID_NNikwAIyX4nVsg5ShvytR5T73XAZ"]
24-07-12.20:23:58.680 [scheduling-1    ] INFO  GetNewData             - 定时任务扫描的keys:["user_info_UID_YRaZptE7mQpwqkV5XIr1hucsQ2Tx","user_info_UID_i2KXTMg5g6nhAOgWQwo1itlwHnQz","user_info_UID_jLKtbrB1V1dRD1QHAhwevYxVnHta","user_info_UID_7BEJWP7AxUUljdrjgyhwOyciCmBk","user_info_UID_AgHySDtRKqqo3wYuiOqwfpTQjKfk","user_info_UID_JAKoivK8LhMRNZ4hWIk6YFGXKa9u","user_info_UID_NNikwAIyX4nVsg5ShvytR5T73XAZ"]
24-07-12.20:24:01.824 [scheduling-1    ] INFO  GetNewData             - 定时任务扫描的keys:["user_info_UID_YRaZptE7mQpwqkV5XIr1hucsQ2Tx","user_info_UID_i2KXTMg5g6nhAOgWQwo1itlwHnQz","user_info_UID_jLKtbrB1V1dRD1QHAhwevYxVnHta","user_info_UID_7BEJWP7AxUUljdrjgyhwOyciCmBk","user_info_UID_AgHySDtRKqqo3wYuiOqwfpTQjKfk","user_info_UID_JAKoivK8LhMRNZ4hWIk6YFGXKa9u","user_info_UID_NNikwAIyX4nVsg5ShvytR5T73XAZ"]
24-07-12.20:24:04.720 [scheduling-1    ] INFO  GetNewData             - 定时任务扫描的keys:["user_info_UID_YRaZptE7mQpwqkV5XIr1hucsQ2Tx","user_info_UID_i2KXTMg5g6nhAOgWQwo1itlwHnQz","user_info_UID_jLKtbrB1V1dRD1QHAhwevYxVnHta","user_info_UID_7BEJWP7AxUUljdrjgyhwOyciCmBk","user_info_UID_AgHySDtRKqqo3wYuiOqwfpTQjKfk","user_info_UID_JAKoivK8LhMRNZ4hWIk6YFGXKa9u","user_info_UID_NNikwAIyX4nVsg5ShvytR5T73XAZ"]
24-07-12.20:24:07.728 [scheduling-1    ] INFO  GetNewData             - 定时任务扫描的keys:["user_info_UID_YRaZptE7mQpwqkV5XIr1hucsQ2Tx","user_info_UID_i2KXTMg5g6nhAOgWQwo1itlwHnQz","user_info_UID_jLKtbrB1V1dRD1QHAhwevYxVnHta","user_info_UID_7BEJWP7AxUUljdrjgyhwOyciCmBk","user_info_UID_AgHySDtRKqqo3wYuiOqwfpTQjKfk","user_info_UID_JAKoivK8LhMRNZ4hWIk6YFGXKa9u","user_info_UID_NNikwAIyX4nVsg5ShvytR5T73XAZ"]
24-07-12.20:24:10.696 [scheduling-1    ] INFO  GetNewData             - 定时任务扫描的keys:["user_info_UID_YRaZptE7mQpwqkV5XIr1hucsQ2Tx","user_info_UID_i2KXTMg5g6nhAOgWQwo1itlwHnQz","user_info_UID_jLKtbrB1V1dRD1QHAhwevYxVnHta","user_info_UID_7BEJWP7AxUUljdrjgyhwOyciCmBk","user_info_UID_AgHySDtRKqqo3wYuiOqwfpTQjKfk","user_info_UID_JAKoivK8LhMRNZ4hWIk6YFGXKa9u","user_info_UID_NNikwAIyX4nVsg5ShvytR5T73XAZ"]
24-07-12.20:24:13.686 [scheduling-1    ] INFO  GetNewData             - 定时任务扫描的keys:["user_info_UID_YRaZptE7mQpwqkV5XIr1hucsQ2Tx","user_info_UID_i2KXTMg5g6nhAOgWQwo1itlwHnQz","user_info_UID_jLKtbrB1V1dRD1QHAhwevYxVnHta","user_info_UID_7BEJWP7AxUUljdrjgyhwOyciCmBk","user_info_UID_AgHySDtRKqqo3wYuiOqwfpTQjKfk","user_info_UID_JAKoivK8LhMRNZ4hWIk6YFGXKa9u","user_info_UID_NNikwAIyX4nVsg5ShvytR5T73XAZ"]
24-07-12.20:24:16.776 [scheduling-1    ] INFO  GetNewData             - 定时任务扫描的keys:["user_info_UID_YRaZptE7mQpwqkV5XIr1hucsQ2Tx","user_info_UID_i2KXTMg5g6nhAOgWQwo1itlwHnQz","user_info_UID_jLKtbrB1V1dRD1QHAhwevYxVnHta","user_info_UID_7BEJWP7AxUUljdrjgyhwOyciCmBk","user_info_UID_AgHySDtRKqqo3wYuiOqwfpTQjKfk","user_info_UID_JAKoivK8LhMRNZ4hWIk6YFGXKa9u","user_info_UID_NNikwAIyX4nVsg5ShvytR5T73XAZ"]
24-07-12.20:24:19.679 [scheduling-1    ] INFO  GetNewData             - 定时任务扫描的keys:["user_info_UID_YRaZptE7mQpwqkV5XIr1hucsQ2Tx","user_info_UID_i2KXTMg5g6nhAOgWQwo1itlwHnQz","user_info_UID_jLKtbrB1V1dRD1QHAhwevYxVnHta","user_info_UID_7BEJWP7AxUUljdrjgyhwOyciCmBk","user_info_UID_AgHySDtRKqqo3wYuiOqwfpTQjKfk","user_info_UID_JAKoivK8LhMRNZ4hWIk6YFGXKa9u","user_info_UID_NNikwAIyX4nVsg5ShvytR5T73XAZ"]
24-07-12.20:24:22.646 [scheduling-1    ] INFO  GetNewData             - 定时任务扫描的keys:["user_info_UID_YRaZptE7mQpwqkV5XIr1hucsQ2Tx","user_info_UID_i2KXTMg5g6nhAOgWQwo1itlwHnQz","user_info_UID_jLKtbrB1V1dRD1QHAhwevYxVnHta","user_info_UID_7BEJWP7AxUUljdrjgyhwOyciCmBk","user_info_UID_AgHySDtRKqqo3wYuiOqwfpTQjKfk","user_info_UID_JAKoivK8LhMRNZ4hWIk6YFGXKa9u","user_info_UID_NNikwAIyX4nVsg5ShvytR5T73XAZ"]
24-07-12.20:24:25.663 [scheduling-1    ] INFO  GetNewData             - 定时任务扫描的keys:["user_info_UID_YRaZptE7mQpwqkV5XIr1hucsQ2Tx","user_info_UID_i2KXTMg5g6nhAOgWQwo1itlwHnQz","user_info_UID_jLKtbrB1V1dRD1QHAhwevYxVnHta","user_info_UID_7BEJWP7AxUUljdrjgyhwOyciCmBk","user_info_UID_AgHySDtRKqqo3wYuiOqwfpTQjKfk","user_info_UID_JAKoivK8LhMRNZ4hWIk6YFGXKa9u","user_info_UID_NNikwAIyX4nVsg5ShvytR5T73XAZ"]
24-07-12.20:24:28.784 [scheduling-1    ] INFO  GetNewData             - 定时任务扫描的keys:["user_info_UID_YRaZptE7mQpwqkV5XIr1hucsQ2Tx","user_info_UID_i2KXTMg5g6nhAOgWQwo1itlwHnQz","user_info_UID_jLKtbrB1V1dRD1QHAhwevYxVnHta","user_info_UID_7BEJWP7AxUUljdrjgyhwOyciCmBk","user_info_UID_AgHySDtRKqqo3wYuiOqwfpTQjKfk","user_info_UID_JAKoivK8LhMRNZ4hWIk6YFGXKa9u","user_info_UID_NNikwAIyX4nVsg5ShvytR5T73XAZ"]
24-07-12.20:24:31.743 [scheduling-1    ] INFO  GetNewData             - 定时任务扫描的keys:["user_info_UID_YRaZptE7mQpwqkV5XIr1hucsQ2Tx","user_info_UID_i2KXTMg5g6nhAOgWQwo1itlwHnQz","user_info_UID_jLKtbrB1V1dRD1QHAhwevYxVnHta","user_info_UID_7BEJWP7AxUUljdrjgyhwOyciCmBk","user_info_UID_AgHySDtRKqqo3wYuiOqwfpTQjKfk","user_info_UID_JAKoivK8LhMRNZ4hWIk6YFGXKa9u","user_info_UID_NNikwAIyX4nVsg5ShvytR5T73XAZ"]
24-07-12.20:24:34.704 [scheduling-1    ] INFO  GetNewData             - 定时任务扫描的keys:["user_info_UID_YRaZptE7mQpwqkV5XIr1hucsQ2Tx","user_info_UID_i2KXTMg5g6nhAOgWQwo1itlwHnQz","user_info_UID_jLKtbrB1V1dRD1QHAhwevYxVnHta","user_info_UID_7BEJWP7AxUUljdrjgyhwOyciCmBk","user_info_UID_AgHySDtRKqqo3wYuiOqwfpTQjKfk","user_info_UID_JAKoivK8LhMRNZ4hWIk6YFGXKa9u","user_info_UID_NNikwAIyX4nVsg5ShvytR5T73XAZ"]
24-07-12.20:24:37.699 [scheduling-1    ] INFO  GetNewData             - 定时任务扫描的keys:["user_info_UID_YRaZptE7mQpwqkV5XIr1hucsQ2Tx","user_info_UID_i2KXTMg5g6nhAOgWQwo1itlwHnQz","user_info_UID_jLKtbrB1V1dRD1QHAhwevYxVnHta","user_info_UID_7BEJWP7AxUUljdrjgyhwOyciCmBk","user_info_UID_AgHySDtRKqqo3wYuiOqwfpTQjKfk","user_info_UID_JAKoivK8LhMRNZ4hWIk6YFGXKa9u","user_info_UID_NNikwAIyX4nVsg5ShvytR5T73XAZ"]
24-07-12.20:24:40.660 [scheduling-1    ] INFO  GetNewData             - 定时任务扫描的keys:["user_info_UID_YRaZptE7mQpwqkV5XIr1hucsQ2Tx","user_info_UID_i2KXTMg5g6nhAOgWQwo1itlwHnQz","user_info_UID_jLKtbrB1V1dRD1QHAhwevYxVnHta","user_info_UID_7BEJWP7AxUUljdrjgyhwOyciCmBk","user_info_UID_AgHySDtRKqqo3wYuiOqwfpTQjKfk","user_info_UID_JAKoivK8LhMRNZ4hWIk6YFGXKa9u","user_info_UID_NNikwAIyX4nVsg5ShvytR5T73XAZ"]
24-07-12.20:24:43.761 [scheduling-1    ] INFO  GetNewData             - 定时任务扫描的keys:["user_info_UID_YRaZptE7mQpwqkV5XIr1hucsQ2Tx","user_info_UID_i2KXTMg5g6nhAOgWQwo1itlwHnQz","user_info_UID_jLKtbrB1V1dRD1QHAhwevYxVnHta","user_info_UID_7BEJWP7AxUUljdrjgyhwOyciCmBk","user_info_UID_AgHySDtRKqqo3wYuiOqwfpTQjKfk","user_info_UID_JAKoivK8LhMRNZ4hWIk6YFGXKa9u","user_info_UID_NNikwAIyX4nVsg5ShvytR5T73XAZ"]
24-07-12.20:24:46.736 [scheduling-1    ] INFO  GetNewData             - 定时任务扫描的keys:["user_info_UID_YRaZptE7mQpwqkV5XIr1hucsQ2Tx","user_info_UID_i2KXTMg5g6nhAOgWQwo1itlwHnQz","user_info_UID_jLKtbrB1V1dRD1QHAhwevYxVnHta","user_info_UID_7BEJWP7AxUUljdrjgyhwOyciCmBk","user_info_UID_AgHySDtRKqqo3wYuiOqwfpTQjKfk","user_info_UID_JAKoivK8LhMRNZ4hWIk6YFGXKa9u","user_info_UID_NNikwAIyX4nVsg5ShvytR5T73XAZ"]
24-07-12.20:24:49.753 [scheduling-1    ] INFO  GetNewData             - 定时任务扫描的keys:["user_info_UID_YRaZptE7mQpwqkV5XIr1hucsQ2Tx","user_info_UID_i2KXTMg5g6nhAOgWQwo1itlwHnQz","user_info_UID_jLKtbrB1V1dRD1QHAhwevYxVnHta","user_info_UID_7BEJWP7AxUUljdrjgyhwOyciCmBk","user_info_UID_AgHySDtRKqqo3wYuiOqwfpTQjKfk","user_info_UID_JAKoivK8LhMRNZ4hWIk6YFGXKa9u","user_info_UID_NNikwAIyX4nVsg5ShvytR5T73XAZ"]
24-07-12.20:24:52.722 [scheduling-1    ] INFO  GetNewData             - 定时任务扫描的keys:["user_info_UID_YRaZptE7mQpwqkV5XIr1hucsQ2Tx","user_info_UID_i2KXTMg5g6nhAOgWQwo1itlwHnQz","user_info_UID_jLKtbrB1V1dRD1QHAhwevYxVnHta","user_info_UID_7BEJWP7AxUUljdrjgyhwOyciCmBk","user_info_UID_AgHySDtRKqqo3wYuiOqwfpTQjKfk","user_info_UID_JAKoivK8LhMRNZ4hWIk6YFGXKa9u","user_info_UID_NNikwAIyX4nVsg5ShvytR5T73XAZ"]
24-07-12.20:24:55.689 [scheduling-1    ] INFO  GetNewData             - 定时任务扫描的keys:["user_info_UID_YRaZptE7mQpwqkV5XIr1hucsQ2Tx","user_info_UID_i2KXTMg5g6nhAOgWQwo1itlwHnQz","user_info_UID_jLKtbrB1V1dRD1QHAhwevYxVnHta","user_info_UID_7BEJWP7AxUUljdrjgyhwOyciCmBk","user_info_UID_AgHySDtRKqqo3wYuiOqwfpTQjKfk","user_info_UID_JAKoivK8LhMRNZ4hWIk6YFGXKa9u","user_info_UID_NNikwAIyX4nVsg5ShvytR5T73XAZ"]
24-07-12.20:24:58.723 [scheduling-1    ] INFO  GetNewData             - 定时任务扫描的keys:["user_info_UID_YRaZptE7mQpwqkV5XIr1hucsQ2Tx","user_info_UID_i2KXTMg5g6nhAOgWQwo1itlwHnQz","user_info_UID_jLKtbrB1V1dRD1QHAhwevYxVnHta","user_info_UID_7BEJWP7AxUUljdrjgyhwOyciCmBk","user_info_UID_AgHySDtRKqqo3wYuiOqwfpTQjKfk","user_info_UID_JAKoivK8LhMRNZ4hWIk6YFGXKa9u","user_info_UID_NNikwAIyX4nVsg5ShvytR5T73XAZ"]
24-07-12.20:25:01.689 [scheduling-1    ] INFO  GetNewData             - 定时任务扫描的keys:["user_info_UID_YRaZptE7mQpwqkV5XIr1hucsQ2Tx","user_info_UID_i2KXTMg5g6nhAOgWQwo1itlwHnQz","user_info_UID_jLKtbrB1V1dRD1QHAhwevYxVnHta","user_info_UID_7BEJWP7AxUUljdrjgyhwOyciCmBk","user_info_UID_AgHySDtRKqqo3wYuiOqwfpTQjKfk","user_info_UID_JAKoivK8LhMRNZ4hWIk6YFGXKa9u","user_info_UID_NNikwAIyX4nVsg5ShvytR5T73XAZ"]
24-07-12.20:25:04.728 [scheduling-1    ] INFO  GetNewData             - 定时任务扫描的keys:["user_info_UID_YRaZptE7mQpwqkV5XIr1hucsQ2Tx","user_info_UID_i2KXTMg5g6nhAOgWQwo1itlwHnQz","user_info_UID_jLKtbrB1V1dRD1QHAhwevYxVnHta","user_info_UID_7BEJWP7AxUUljdrjgyhwOyciCmBk","user_info_UID_AgHySDtRKqqo3wYuiOqwfpTQjKfk","user_info_UID_JAKoivK8LhMRNZ4hWIk6YFGXKa9u","user_info_UID_NNikwAIyX4nVsg5ShvytR5T73XAZ"]
24-07-12.20:25:07.784 [scheduling-1    ] INFO  GetNewData             - 定时任务扫描的keys:["user_info_UID_YRaZptE7mQpwqkV5XIr1hucsQ2Tx","user_info_UID_i2KXTMg5g6nhAOgWQwo1itlwHnQz","user_info_UID_jLKtbrB1V1dRD1QHAhwevYxVnHta","user_info_UID_7BEJWP7AxUUljdrjgyhwOyciCmBk","user_info_UID_AgHySDtRKqqo3wYuiOqwfpTQjKfk","user_info_UID_JAKoivK8LhMRNZ4hWIk6YFGXKa9u","user_info_UID_NNikwAIyX4nVsg5ShvytR5T73XAZ"]
24-07-12.20:25:10.745 [scheduling-1    ] INFO  GetNewData             - 定时任务扫描的keys:["user_info_UID_YRaZptE7mQpwqkV5XIr1hucsQ2Tx","user_info_UID_i2KXTMg5g6nhAOgWQwo1itlwHnQz","user_info_UID_jLKtbrB1V1dRD1QHAhwevYxVnHta","user_info_UID_7BEJWP7AxUUljdrjgyhwOyciCmBk","user_info_UID_AgHySDtRKqqo3wYuiOqwfpTQjKfk","user_info_UID_JAKoivK8LhMRNZ4hWIk6YFGXKa9u","user_info_UID_NNikwAIyX4nVsg5ShvytR5T73XAZ"]
24-07-12.20:25:13.823 [scheduling-1    ] INFO  GetNewData             - 定时任务扫描的keys:["user_info_UID_YRaZptE7mQpwqkV5XIr1hucsQ2Tx","user_info_UID_i2KXTMg5g6nhAOgWQwo1itlwHnQz","user_info_UID_jLKtbrB1V1dRD1QHAhwevYxVnHta","user_info_UID_7BEJWP7AxUUljdrjgyhwOyciCmBk","user_info_UID_AgHySDtRKqqo3wYuiOqwfpTQjKfk","user_info_UID_JAKoivK8LhMRNZ4hWIk6YFGXKa9u","user_info_UID_NNikwAIyX4nVsg5ShvytR5T73XAZ"]
24-07-12.20:25:16.653 [scheduling-1    ] INFO  GetNewData             - 定时任务扫描的keys:["user_info_UID_YRaZptE7mQpwqkV5XIr1hucsQ2Tx","user_info_UID_i2KXTMg5g6nhAOgWQwo1itlwHnQz","user_info_UID_jLKtbrB1V1dRD1QHAhwevYxVnHta","user_info_UID_7BEJWP7AxUUljdrjgyhwOyciCmBk","user_info_UID_AgHySDtRKqqo3wYuiOqwfpTQjKfk","user_info_UID_JAKoivK8LhMRNZ4hWIk6YFGXKa9u","user_info_UID_NNikwAIyX4nVsg5ShvytR5T73XAZ"]
24-07-12.20:25:19.721 [scheduling-1    ] INFO  GetNewData             - 定时任务扫描的keys:["user_info_UID_YRaZptE7mQpwqkV5XIr1hucsQ2Tx","user_info_UID_i2KXTMg5g6nhAOgWQwo1itlwHnQz","user_info_UID_jLKtbrB1V1dRD1QHAhwevYxVnHta","user_info_UID_7BEJWP7AxUUljdrjgyhwOyciCmBk","user_info_UID_AgHySDtRKqqo3wYuiOqwfpTQjKfk","user_info_UID_JAKoivK8LhMRNZ4hWIk6YFGXKa9u","user_info_UID_NNikwAIyX4nVsg5ShvytR5T73XAZ"]
24-07-12.20:25:22.673 [scheduling-1    ] INFO  GetNewData             - 定时任务扫描的keys:["user_info_UID_YRaZptE7mQpwqkV5XIr1hucsQ2Tx","user_info_UID_i2KXTMg5g6nhAOgWQwo1itlwHnQz","user_info_UID_jLKtbrB1V1dRD1QHAhwevYxVnHta","user_info_UID_7BEJWP7AxUUljdrjgyhwOyciCmBk","user_info_UID_AgHySDtRKqqo3wYuiOqwfpTQjKfk","user_info_UID_JAKoivK8LhMRNZ4hWIk6YFGXKa9u","user_info_UID_NNikwAIyX4nVsg5ShvytR5T73XAZ"]
24-07-12.20:25:25.865 [scheduling-1    ] INFO  GetNewData             - 定时任务扫描的keys:["user_info_UID_YRaZptE7mQpwqkV5XIr1hucsQ2Tx","user_info_UID_i2KXTMg5g6nhAOgWQwo1itlwHnQz","user_info_UID_jLKtbrB1V1dRD1QHAhwevYxVnHta","user_info_UID_7BEJWP7AxUUljdrjgyhwOyciCmBk","user_info_UID_AgHySDtRKqqo3wYuiOqwfpTQjKfk","user_info_UID_JAKoivK8LhMRNZ4hWIk6YFGXKa9u","user_info_UID_NNikwAIyX4nVsg5ShvytR5T73XAZ"]
24-07-12.20:25:28.688 [scheduling-1    ] INFO  GetNewData             - 定时任务扫描的keys:["user_info_UID_YRaZptE7mQpwqkV5XIr1hucsQ2Tx","user_info_UID_i2KXTMg5g6nhAOgWQwo1itlwHnQz","user_info_UID_jLKtbrB1V1dRD1QHAhwevYxVnHta","user_info_UID_7BEJWP7AxUUljdrjgyhwOyciCmBk","user_info_UID_AgHySDtRKqqo3wYuiOqwfpTQjKfk","user_info_UID_JAKoivK8LhMRNZ4hWIk6YFGXKa9u","user_info_UID_NNikwAIyX4nVsg5ShvytR5T73XAZ"]
24-07-12.20:25:31.789 [scheduling-1    ] INFO  GetNewData             - 定时任务扫描的keys:["user_info_UID_YRaZptE7mQpwqkV5XIr1hucsQ2Tx","user_info_UID_i2KXTMg5g6nhAOgWQwo1itlwHnQz","user_info_UID_jLKtbrB1V1dRD1QHAhwevYxVnHta","user_info_UID_7BEJWP7AxUUljdrjgyhwOyciCmBk","user_info_UID_AgHySDtRKqqo3wYuiOqwfpTQjKfk","user_info_UID_JAKoivK8LhMRNZ4hWIk6YFGXKa9u","user_info_UID_NNikwAIyX4nVsg5ShvytR5T73XAZ"]
24-07-12.20:25:34.758 [scheduling-1    ] INFO  GetNewData             - 定时任务扫描的keys:["user_info_UID_YRaZptE7mQpwqkV5XIr1hucsQ2Tx","user_info_UID_i2KXTMg5g6nhAOgWQwo1itlwHnQz","user_info_UID_jLKtbrB1V1dRD1QHAhwevYxVnHta","user_info_UID_7BEJWP7AxUUljdrjgyhwOyciCmBk","user_info_UID_AgHySDtRKqqo3wYuiOqwfpTQjKfk","user_info_UID_JAKoivK8LhMRNZ4hWIk6YFGXKa9u","user_info_UID_NNikwAIyX4nVsg5ShvytR5T73XAZ"]
24-07-12.20:25:37.651 [scheduling-1    ] INFO  GetNewData             - 定时任务扫描的keys:["user_info_UID_YRaZptE7mQpwqkV5XIr1hucsQ2Tx","user_info_UID_i2KXTMg5g6nhAOgWQwo1itlwHnQz","user_info_UID_jLKtbrB1V1dRD1QHAhwevYxVnHta","user_info_UID_7BEJWP7AxUUljdrjgyhwOyciCmBk","user_info_UID_AgHySDtRKqqo3wYuiOqwfpTQjKfk","user_info_UID_JAKoivK8LhMRNZ4hWIk6YFGXKa9u","user_info_UID_NNikwAIyX4nVsg5ShvytR5T73XAZ"]
24-07-12.20:25:40.674 [scheduling-1    ] INFO  GetNewData             - 定时任务扫描的keys:["user_info_UID_YRaZptE7mQpwqkV5XIr1hucsQ2Tx","user_info_UID_i2KXTMg5g6nhAOgWQwo1itlwHnQz","user_info_UID_jLKtbrB1V1dRD1QHAhwevYxVnHta","user_info_UID_7BEJWP7AxUUljdrjgyhwOyciCmBk","user_info_UID_AgHySDtRKqqo3wYuiOqwfpTQjKfk","user_info_UID_JAKoivK8LhMRNZ4hWIk6YFGXKa9u","user_info_UID_NNikwAIyX4nVsg5ShvytR5T73XAZ"]
24-07-12.20:25:40.830 [scheduling-1    ] ERROR GetNewData             - 发送短信出错:Redis command interrupted; nested exception is io.lettuce.core.RedisCommandInterruptedException: Command interrupted,keys:["user_info_UID_YRaZptE7mQpwqkV5XIr1hucsQ2Tx","user_info_UID_i2KXTMg5g6nhAOgWQwo1itlwHnQz","user_info_UID_jLKtbrB1V1dRD1QHAhwevYxVnHta","user_info_UID_7BEJWP7AxUUljdrjgyhwOyciCmBk","user_info_UID_AgHySDtRKqqo3wYuiOqwfpTQjKfk","user_info_UID_JAKoivK8LhMRNZ4hWIk6YFGXKa9u","user_info_UID_NNikwAIyX4nVsg5ShvytR5T73XAZ"]
24-07-12.20:25:40.832 [SpringApplicationShutdownHook] INFO  HikariDataSource       - HikariPool-1 - Shutdown initiated...
24-07-12.20:25:40.835 [SpringApplicationShutdownHook] INFO  HikariDataSource       - HikariPool-1 - Shutdown completed.
24-07-12.20:25:53.616 [restartedMain   ] INFO  App                    - Starting App using Java 1.8.0_292 on LAPTOP-E3F5BO7F with PID 19092 (G:\project\springboot2\rs\target\classes started by ASUS in G:\project\springboot2\rs)
24-07-12.20:25:53.619 [restartedMain   ] INFO  App                    - The following 1 profile is active: "pro"
24-07-12.20:25:53.760 [restartedMain   ] INFO  DevToolsPropertyDefaultsPostProcessor - Devtools property defaults active! Set 'spring.devtools.add-properties' to 'false' to disable
24-07-12.20:25:53.760 [restartedMain   ] INFO  DevToolsPropertyDefaultsPostProcessor - For additional web related logging consider setting the 'logging.level.web' property to 'DEBUG'
24-07-12.20:25:54.797 [restartedMain   ] INFO  RepositoryConfigurationDelegate - Multiple Spring Data modules found, entering strict repository configuration mode
24-07-12.20:25:54.802 [restartedMain   ] INFO  RepositoryConfigurationDelegate - Bootstrapping Spring Data Redis repositories in DEFAULT mode.
24-07-12.20:25:54.840 [restartedMain   ] INFO  RepositoryConfigurationDelegate - Finished Spring Data repository scanning in 13 ms. Found 0 Redis repository interfaces.
24-07-12.20:25:55.854 [restartedMain   ] INFO  TomcatWebServer        - Tomcat initialized with port(s): 8082 (http)
24-07-12.20:25:55.868 [restartedMain   ] INFO  Http11NioProtocol      - Initializing ProtocolHandler ["http-nio-8082"]
24-07-12.20:25:55.869 [restartedMain   ] INFO  StandardService        - Starting service [Tomcat]
24-07-12.20:25:55.869 [restartedMain   ] INFO  StandardEngine         - Starting Servlet engine: [Apache Tomcat/9.0.65]
24-07-12.20:25:55.989 [restartedMain   ] INFO  [/]                    - Initializing Spring embedded WebApplicationContext
24-07-12.20:25:55.989 [restartedMain   ] INFO  ServletWebServerApplicationContext - Root WebApplicationContext: initialization completed in 2228 ms
24-07-12.20:25:58.467 [restartedMain   ] INFO  OptionalLiveReloadServer - LiveReload server is running on port 35729
24-07-12.20:25:58.516 [restartedMain   ] INFO  Http11NioProtocol      - Starting ProtocolHandler ["http-nio-8082"]
24-07-12.20:25:58.585 [restartedMain   ] INFO  TomcatWebServer        - Tomcat started on port(s): 8082 (http) with context path ''
24-07-12.20:25:58.630 [restartedMain   ] INFO  App                    - Started App in 6.107 seconds (JVM running for 7.919)
24-07-12.20:26:00.783 [scheduling-1    ] INFO  GetNewData             - 定时任务扫描的keys:["user_info_UID_YRaZptE7mQpwqkV5XIr1hucsQ2Tx","user_info_UID_i2KXTMg5g6nhAOgWQwo1itlwHnQz","user_info_UID_jLKtbrB1V1dRD1QHAhwevYxVnHta","user_info_UID_7BEJWP7AxUUljdrjgyhwOyciCmBk","user_info_UID_AgHySDtRKqqo3wYuiOqwfpTQjKfk","user_info_UID_JAKoivK8LhMRNZ4hWIk6YFGXKa9u","user_info_UID_NNikwAIyX4nVsg5ShvytR5T73XAZ"]
24-07-12.20:26:01.810 [scheduling-1    ] INFO  GetNewData             - 定时任务扫描的keys:["user_info_UID_YRaZptE7mQpwqkV5XIr1hucsQ2Tx","user_info_UID_i2KXTMg5g6nhAOgWQwo1itlwHnQz","user_info_UID_jLKtbrB1V1dRD1QHAhwevYxVnHta","user_info_UID_7BEJWP7AxUUljdrjgyhwOyciCmBk","user_info_UID_AgHySDtRKqqo3wYuiOqwfpTQjKfk","user_info_UID_JAKoivK8LhMRNZ4hWIk6YFGXKa9u","user_info_UID_NNikwAIyX4nVsg5ShvytR5T73XAZ"]
24-07-12.20:26:04.935 [scheduling-1    ] INFO  GetNewData             - 定时任务扫描的keys:["user_info_UID_YRaZptE7mQpwqkV5XIr1hucsQ2Tx","user_info_UID_i2KXTMg5g6nhAOgWQwo1itlwHnQz","user_info_UID_jLKtbrB1V1dRD1QHAhwevYxVnHta","user_info_UID_7BEJWP7AxUUljdrjgyhwOyciCmBk","user_info_UID_AgHySDtRKqqo3wYuiOqwfpTQjKfk","user_info_UID_JAKoivK8LhMRNZ4hWIk6YFGXKa9u","user_info_UID_NNikwAIyX4nVsg5ShvytR5T73XAZ"]
24-07-12.20:26:07.900 [scheduling-1    ] INFO  GetNewData             - 定时任务扫描的keys:["user_info_UID_YRaZptE7mQpwqkV5XIr1hucsQ2Tx","user_info_UID_i2KXTMg5g6nhAOgWQwo1itlwHnQz","user_info_UID_jLKtbrB1V1dRD1QHAhwevYxVnHta","user_info_UID_7BEJWP7AxUUljdrjgyhwOyciCmBk","user_info_UID_AgHySDtRKqqo3wYuiOqwfpTQjKfk","user_info_UID_JAKoivK8LhMRNZ4hWIk6YFGXKa9u","user_info_UID_NNikwAIyX4nVsg5ShvytR5T73XAZ"]
24-07-12.20:26:10.857 [scheduling-1    ] INFO  GetNewData             - 定时任务扫描的keys:["user_info_UID_YRaZptE7mQpwqkV5XIr1hucsQ2Tx","user_info_UID_i2KXTMg5g6nhAOgWQwo1itlwHnQz","user_info_UID_jLKtbrB1V1dRD1QHAhwevYxVnHta","user_info_UID_7BEJWP7AxUUljdrjgyhwOyciCmBk","user_info_UID_AgHySDtRKqqo3wYuiOqwfpTQjKfk","user_info_UID_JAKoivK8LhMRNZ4hWIk6YFGXKa9u","user_info_UID_NNikwAIyX4nVsg5ShvytR5T73XAZ"]
24-07-12.20:26:13.902 [scheduling-1    ] INFO  GetNewData             - 定时任务扫描的keys:["user_info_UID_YRaZptE7mQpwqkV5XIr1hucsQ2Tx","user_info_UID_i2KXTMg5g6nhAOgWQwo1itlwHnQz","user_info_UID_jLKtbrB1V1dRD1QHAhwevYxVnHta","user_info_UID_7BEJWP7AxUUljdrjgyhwOyciCmBk","user_info_UID_AgHySDtRKqqo3wYuiOqwfpTQjKfk","user_info_UID_JAKoivK8LhMRNZ4hWIk6YFGXKa9u","user_info_UID_NNikwAIyX4nVsg5ShvytR5T73XAZ"]
24-07-12.20:26:16.815 [scheduling-1    ] INFO  GetNewData             - 定时任务扫描的keys:["user_info_UID_YRaZptE7mQpwqkV5XIr1hucsQ2Tx","user_info_UID_i2KXTMg5g6nhAOgWQwo1itlwHnQz","user_info_UID_jLKtbrB1V1dRD1QHAhwevYxVnHta","user_info_UID_7BEJWP7AxUUljdrjgyhwOyciCmBk","user_info_UID_AgHySDtRKqqo3wYuiOqwfpTQjKfk","user_info_UID_JAKoivK8LhMRNZ4hWIk6YFGXKa9u","user_info_UID_NNikwAIyX4nVsg5ShvytR5T73XAZ"]
24-07-12.20:26:19.911 [scheduling-1    ] INFO  GetNewData             - 定时任务扫描的keys:["user_info_UID_YRaZptE7mQpwqkV5XIr1hucsQ2Tx","user_info_UID_i2KXTMg5g6nhAOgWQwo1itlwHnQz","user_info_UID_jLKtbrB1V1dRD1QHAhwevYxVnHta","user_info_UID_7BEJWP7AxUUljdrjgyhwOyciCmBk","user_info_UID_AgHySDtRKqqo3wYuiOqwfpTQjKfk","user_info_UID_JAKoivK8LhMRNZ4hWIk6YFGXKa9u","user_info_UID_NNikwAIyX4nVsg5ShvytR5T73XAZ"]
24-07-12.20:26:22.887 [scheduling-1    ] INFO  GetNewData             - 定时任务扫描的keys:["user_info_UID_YRaZptE7mQpwqkV5XIr1hucsQ2Tx","user_info_UID_i2KXTMg5g6nhAOgWQwo1itlwHnQz","user_info_UID_jLKtbrB1V1dRD1QHAhwevYxVnHta","user_info_UID_7BEJWP7AxUUljdrjgyhwOyciCmBk","user_info_UID_AgHySDtRKqqo3wYuiOqwfpTQjKfk","user_info_UID_JAKoivK8LhMRNZ4hWIk6YFGXKa9u","user_info_UID_NNikwAIyX4nVsg5ShvytR5T73XAZ"]
24-07-12.20:26:25.928 [scheduling-1    ] INFO  GetNewData             - 定时任务扫描的keys:["user_info_UID_YRaZptE7mQpwqkV5XIr1hucsQ2Tx","user_info_UID_i2KXTMg5g6nhAOgWQwo1itlwHnQz","user_info_UID_jLKtbrB1V1dRD1QHAhwevYxVnHta","user_info_UID_7BEJWP7AxUUljdrjgyhwOyciCmBk","user_info_UID_AgHySDtRKqqo3wYuiOqwfpTQjKfk","user_info_UID_JAKoivK8LhMRNZ4hWIk6YFGXKa9u","user_info_UID_NNikwAIyX4nVsg5ShvytR5T73XAZ"]
24-07-12.20:26:28.952 [scheduling-1    ] INFO  GetNewData             - 定时任务扫描的keys:["user_info_UID_YRaZptE7mQpwqkV5XIr1hucsQ2Tx","user_info_UID_i2KXTMg5g6nhAOgWQwo1itlwHnQz","user_info_UID_jLKtbrB1V1dRD1QHAhwevYxVnHta","user_info_UID_7BEJWP7AxUUljdrjgyhwOyciCmBk","user_info_UID_AgHySDtRKqqo3wYuiOqwfpTQjKfk","user_info_UID_JAKoivK8LhMRNZ4hWIk6YFGXKa9u","user_info_UID_NNikwAIyX4nVsg5ShvytR5T73XAZ"]
24-07-12.20:26:31.917 [scheduling-1    ] INFO  GetNewData             - 定时任务扫描的keys:["user_info_UID_YRaZptE7mQpwqkV5XIr1hucsQ2Tx","user_info_UID_i2KXTMg5g6nhAOgWQwo1itlwHnQz","user_info_UID_jLKtbrB1V1dRD1QHAhwevYxVnHta","user_info_UID_7BEJWP7AxUUljdrjgyhwOyciCmBk","user_info_UID_AgHySDtRKqqo3wYuiOqwfpTQjKfk","user_info_UID_JAKoivK8LhMRNZ4hWIk6YFGXKa9u","user_info_UID_NNikwAIyX4nVsg5ShvytR5T73XAZ"]
24-07-12.20:26:34.793 [scheduling-1    ] INFO  GetNewData             - 定时任务扫描的keys:["user_info_UID_YRaZptE7mQpwqkV5XIr1hucsQ2Tx","user_info_UID_i2KXTMg5g6nhAOgWQwo1itlwHnQz","user_info_UID_jLKtbrB1V1dRD1QHAhwevYxVnHta","user_info_UID_7BEJWP7AxUUljdrjgyhwOyciCmBk","user_info_UID_AgHySDtRKqqo3wYuiOqwfpTQjKfk","user_info_UID_JAKoivK8LhMRNZ4hWIk6YFGXKa9u","user_info_UID_NNikwAIyX4nVsg5ShvytR5T73XAZ"]
24-07-12.20:26:37.871 [scheduling-1    ] INFO  GetNewData             - 定时任务扫描的keys:["user_info_UID_YRaZptE7mQpwqkV5XIr1hucsQ2Tx","user_info_UID_i2KXTMg5g6nhAOgWQwo1itlwHnQz","user_info_UID_jLKtbrB1V1dRD1QHAhwevYxVnHta","user_info_UID_7BEJWP7AxUUljdrjgyhwOyciCmBk","user_info_UID_AgHySDtRKqqo3wYuiOqwfpTQjKfk","user_info_UID_JAKoivK8LhMRNZ4hWIk6YFGXKa9u","user_info_UID_NNikwAIyX4nVsg5ShvytR5T73XAZ"]
24-07-12.20:26:40.886 [scheduling-1    ] INFO  GetNewData             - 定时任务扫描的keys:["user_info_UID_YRaZptE7mQpwqkV5XIr1hucsQ2Tx","user_info_UID_i2KXTMg5g6nhAOgWQwo1itlwHnQz","user_info_UID_jLKtbrB1V1dRD1QHAhwevYxVnHta","user_info_UID_7BEJWP7AxUUljdrjgyhwOyciCmBk","user_info_UID_AgHySDtRKqqo3wYuiOqwfpTQjKfk","user_info_UID_JAKoivK8LhMRNZ4hWIk6YFGXKa9u","user_info_UID_NNikwAIyX4nVsg5ShvytR5T73XAZ"]
24-07-12.20:26:43.840 [scheduling-1    ] INFO  GetNewData             - 定时任务扫描的keys:["user_info_UID_YRaZptE7mQpwqkV5XIr1hucsQ2Tx","user_info_UID_i2KXTMg5g6nhAOgWQwo1itlwHnQz","user_info_UID_jLKtbrB1V1dRD1QHAhwevYxVnHta","user_info_UID_7BEJWP7AxUUljdrjgyhwOyciCmBk","user_info_UID_AgHySDtRKqqo3wYuiOqwfpTQjKfk","user_info_UID_JAKoivK8LhMRNZ4hWIk6YFGXKa9u","user_info_UID_NNikwAIyX4nVsg5ShvytR5T73XAZ"]
24-07-12.20:26:46.823 [scheduling-1    ] INFO  GetNewData             - 定时任务扫描的keys:["user_info_UID_YRaZptE7mQpwqkV5XIr1hucsQ2Tx","user_info_UID_i2KXTMg5g6nhAOgWQwo1itlwHnQz","user_info_UID_jLKtbrB1V1dRD1QHAhwevYxVnHta","user_info_UID_7BEJWP7AxUUljdrjgyhwOyciCmBk","user_info_UID_AgHySDtRKqqo3wYuiOqwfpTQjKfk","user_info_UID_JAKoivK8LhMRNZ4hWIk6YFGXKa9u","user_info_UID_NNikwAIyX4nVsg5ShvytR5T73XAZ"]
24-07-12.20:26:49.844 [scheduling-1    ] INFO  GetNewData             - 定时任务扫描的keys:["user_info_UID_YRaZptE7mQpwqkV5XIr1hucsQ2Tx","user_info_UID_i2KXTMg5g6nhAOgWQwo1itlwHnQz","user_info_UID_jLKtbrB1V1dRD1QHAhwevYxVnHta","user_info_UID_7BEJWP7AxUUljdrjgyhwOyciCmBk","user_info_UID_AgHySDtRKqqo3wYuiOqwfpTQjKfk","user_info_UID_JAKoivK8LhMRNZ4hWIk6YFGXKa9u","user_info_UID_NNikwAIyX4nVsg5ShvytR5T73XAZ"]
24-07-12.20:26:52.805 [scheduling-1    ] INFO  GetNewData             - 定时任务扫描的keys:["user_info_UID_YRaZptE7mQpwqkV5XIr1hucsQ2Tx","user_info_UID_i2KXTMg5g6nhAOgWQwo1itlwHnQz","user_info_UID_jLKtbrB1V1dRD1QHAhwevYxVnHta","user_info_UID_7BEJWP7AxUUljdrjgyhwOyciCmBk","user_info_UID_AgHySDtRKqqo3wYuiOqwfpTQjKfk","user_info_UID_JAKoivK8LhMRNZ4hWIk6YFGXKa9u","user_info_UID_NNikwAIyX4nVsg5ShvytR5T73XAZ"]
24-07-12.20:26:55.931 [scheduling-1    ] INFO  GetNewData             - 定时任务扫描的keys:["user_info_UID_YRaZptE7mQpwqkV5XIr1hucsQ2Tx","user_info_UID_i2KXTMg5g6nhAOgWQwo1itlwHnQz","user_info_UID_jLKtbrB1V1dRD1QHAhwevYxVnHta","user_info_UID_7BEJWP7AxUUljdrjgyhwOyciCmBk","user_info_UID_AgHySDtRKqqo3wYuiOqwfpTQjKfk","user_info_UID_JAKoivK8LhMRNZ4hWIk6YFGXKa9u","user_info_UID_NNikwAIyX4nVsg5ShvytR5T73XAZ"]
24-07-12.20:26:58.894 [scheduling-1    ] INFO  GetNewData             - 定时任务扫描的keys:["user_info_UID_YRaZptE7mQpwqkV5XIr1hucsQ2Tx","user_info_UID_i2KXTMg5g6nhAOgWQwo1itlwHnQz","user_info_UID_jLKtbrB1V1dRD1QHAhwevYxVnHta","user_info_UID_7BEJWP7AxUUljdrjgyhwOyciCmBk","user_info_UID_AgHySDtRKqqo3wYuiOqwfpTQjKfk","user_info_UID_JAKoivK8LhMRNZ4hWIk6YFGXKa9u","user_info_UID_NNikwAIyX4nVsg5ShvytR5T73XAZ"]
24-07-12.20:27:01.855 [scheduling-1    ] INFO  GetNewData             - 定时任务扫描的keys:["user_info_UID_YRaZptE7mQpwqkV5XIr1hucsQ2Tx","user_info_UID_i2KXTMg5g6nhAOgWQwo1itlwHnQz","user_info_UID_jLKtbrB1V1dRD1QHAhwevYxVnHta","user_info_UID_7BEJWP7AxUUljdrjgyhwOyciCmBk","user_info_UID_AgHySDtRKqqo3wYuiOqwfpTQjKfk","user_info_UID_JAKoivK8LhMRNZ4hWIk6YFGXKa9u","user_info_UID_NNikwAIyX4nVsg5ShvytR5T73XAZ"]
24-07-12.20:27:04.846 [scheduling-1    ] INFO  GetNewData             - 定时任务扫描的keys:["user_info_UID_YRaZptE7mQpwqkV5XIr1hucsQ2Tx","user_info_UID_i2KXTMg5g6nhAOgWQwo1itlwHnQz","user_info_UID_jLKtbrB1V1dRD1QHAhwevYxVnHta","user_info_UID_7BEJWP7AxUUljdrjgyhwOyciCmBk","user_info_UID_AgHySDtRKqqo3wYuiOqwfpTQjKfk","user_info_UID_JAKoivK8LhMRNZ4hWIk6YFGXKa9u","user_info_UID_NNikwAIyX4nVsg5ShvytR5T73XAZ"]
24-07-12.20:27:07.817 [scheduling-1    ] INFO  GetNewData             - 定时任务扫描的keys:["user_info_UID_YRaZptE7mQpwqkV5XIr1hucsQ2Tx","user_info_UID_i2KXTMg5g6nhAOgWQwo1itlwHnQz","user_info_UID_jLKtbrB1V1dRD1QHAhwevYxVnHta","user_info_UID_7BEJWP7AxUUljdrjgyhwOyciCmBk","user_info_UID_AgHySDtRKqqo3wYuiOqwfpTQjKfk","user_info_UID_JAKoivK8LhMRNZ4hWIk6YFGXKa9u","user_info_UID_NNikwAIyX4nVsg5ShvytR5T73XAZ"]
24-07-12.20:27:10.912 [scheduling-1    ] INFO  GetNewData             - 定时任务扫描的keys:["user_info_UID_YRaZptE7mQpwqkV5XIr1hucsQ2Tx","user_info_UID_i2KXTMg5g6nhAOgWQwo1itlwHnQz","user_info_UID_jLKtbrB1V1dRD1QHAhwevYxVnHta","user_info_UID_7BEJWP7AxUUljdrjgyhwOyciCmBk","user_info_UID_AgHySDtRKqqo3wYuiOqwfpTQjKfk","user_info_UID_JAKoivK8LhMRNZ4hWIk6YFGXKa9u","user_info_UID_NNikwAIyX4nVsg5ShvytR5T73XAZ"]
24-07-12.20:27:13.941 [scheduling-1    ] INFO  GetNewData             - 定时任务扫描的keys:["user_info_UID_YRaZptE7mQpwqkV5XIr1hucsQ2Tx","user_info_UID_i2KXTMg5g6nhAOgWQwo1itlwHnQz","user_info_UID_jLKtbrB1V1dRD1QHAhwevYxVnHta","user_info_UID_7BEJWP7AxUUljdrjgyhwOyciCmBk","user_info_UID_AgHySDtRKqqo3wYuiOqwfpTQjKfk","user_info_UID_JAKoivK8LhMRNZ4hWIk6YFGXKa9u","user_info_UID_NNikwAIyX4nVsg5ShvytR5T73XAZ"]
24-07-12.20:27:16.877 [scheduling-1    ] INFO  GetNewData             - 定时任务扫描的keys:["user_info_UID_YRaZptE7mQpwqkV5XIr1hucsQ2Tx","user_info_UID_i2KXTMg5g6nhAOgWQwo1itlwHnQz","user_info_UID_jLKtbrB1V1dRD1QHAhwevYxVnHta","user_info_UID_7BEJWP7AxUUljdrjgyhwOyciCmBk","user_info_UID_AgHySDtRKqqo3wYuiOqwfpTQjKfk","user_info_UID_JAKoivK8LhMRNZ4hWIk6YFGXKa9u","user_info_UID_NNikwAIyX4nVsg5ShvytR5T73XAZ"]
24-07-12.20:27:19.899 [scheduling-1    ] INFO  GetNewData             - 定时任务扫描的keys:["user_info_UID_YRaZptE7mQpwqkV5XIr1hucsQ2Tx","user_info_UID_i2KXTMg5g6nhAOgWQwo1itlwHnQz","user_info_UID_jLKtbrB1V1dRD1QHAhwevYxVnHta","user_info_UID_7BEJWP7AxUUljdrjgyhwOyciCmBk","user_info_UID_AgHySDtRKqqo3wYuiOqwfpTQjKfk","user_info_UID_JAKoivK8LhMRNZ4hWIk6YFGXKa9u","user_info_UID_NNikwAIyX4nVsg5ShvytR5T73XAZ"]
24-07-12.20:27:22.845 [scheduling-1    ] INFO  GetNewData             - 定时任务扫描的keys:["user_info_UID_YRaZptE7mQpwqkV5XIr1hucsQ2Tx","user_info_UID_i2KXTMg5g6nhAOgWQwo1itlwHnQz","user_info_UID_jLKtbrB1V1dRD1QHAhwevYxVnHta","user_info_UID_7BEJWP7AxUUljdrjgyhwOyciCmBk","user_info_UID_AgHySDtRKqqo3wYuiOqwfpTQjKfk","user_info_UID_JAKoivK8LhMRNZ4hWIk6YFGXKa9u","user_info_UID_NNikwAIyX4nVsg5ShvytR5T73XAZ"]
24-07-12.20:27:25.805 [scheduling-1    ] INFO  GetNewData             - 定时任务扫描的keys:["user_info_UID_YRaZptE7mQpwqkV5XIr1hucsQ2Tx","user_info_UID_i2KXTMg5g6nhAOgWQwo1itlwHnQz","user_info_UID_jLKtbrB1V1dRD1QHAhwevYxVnHta","user_info_UID_7BEJWP7AxUUljdrjgyhwOyciCmBk","user_info_UID_AgHySDtRKqqo3wYuiOqwfpTQjKfk","user_info_UID_JAKoivK8LhMRNZ4hWIk6YFGXKa9u","user_info_UID_NNikwAIyX4nVsg5ShvytR5T73XAZ"]
24-07-12.20:27:28.832 [scheduling-1    ] INFO  GetNewData             - 定时任务扫描的keys:["user_info_UID_YRaZptE7mQpwqkV5XIr1hucsQ2Tx","user_info_UID_i2KXTMg5g6nhAOgWQwo1itlwHnQz","user_info_UID_jLKtbrB1V1dRD1QHAhwevYxVnHta","user_info_UID_7BEJWP7AxUUljdrjgyhwOyciCmBk","user_info_UID_AgHySDtRKqqo3wYuiOqwfpTQjKfk","user_info_UID_JAKoivK8LhMRNZ4hWIk6YFGXKa9u","user_info_UID_NNikwAIyX4nVsg5ShvytR5T73XAZ"]
24-07-12.20:27:31.829 [scheduling-1    ] INFO  GetNewData             - 定时任务扫描的keys:["user_info_UID_YRaZptE7mQpwqkV5XIr1hucsQ2Tx","user_info_UID_i2KXTMg5g6nhAOgWQwo1itlwHnQz","user_info_UID_jLKtbrB1V1dRD1QHAhwevYxVnHta","user_info_UID_7BEJWP7AxUUljdrjgyhwOyciCmBk","user_info_UID_AgHySDtRKqqo3wYuiOqwfpTQjKfk","user_info_UID_JAKoivK8LhMRNZ4hWIk6YFGXKa9u","user_info_UID_NNikwAIyX4nVsg5ShvytR5T73XAZ"]
24-07-12.20:27:34.914 [scheduling-1    ] INFO  GetNewData             - 定时任务扫描的keys:["user_info_UID_YRaZptE7mQpwqkV5XIr1hucsQ2Tx","user_info_UID_i2KXTMg5g6nhAOgWQwo1itlwHnQz","user_info_UID_jLKtbrB1V1dRD1QHAhwevYxVnHta","user_info_UID_7BEJWP7AxUUljdrjgyhwOyciCmBk","user_info_UID_AgHySDtRKqqo3wYuiOqwfpTQjKfk","user_info_UID_JAKoivK8LhMRNZ4hWIk6YFGXKa9u","user_info_UID_NNikwAIyX4nVsg5ShvytR5T73XAZ"]
24-07-12.20:27:37.892 [scheduling-1    ] INFO  GetNewData             - 定时任务扫描的keys:["user_info_UID_YRaZptE7mQpwqkV5XIr1hucsQ2Tx","user_info_UID_i2KXTMg5g6nhAOgWQwo1itlwHnQz","user_info_UID_jLKtbrB1V1dRD1QHAhwevYxVnHta","user_info_UID_7BEJWP7AxUUljdrjgyhwOyciCmBk","user_info_UID_AgHySDtRKqqo3wYuiOqwfpTQjKfk","user_info_UID_JAKoivK8LhMRNZ4hWIk6YFGXKa9u","user_info_UID_NNikwAIyX4nVsg5ShvytR5T73XAZ"]
24-07-12.20:27:40.923 [scheduling-1    ] INFO  GetNewData             - 定时任务扫描的keys:["user_info_UID_YRaZptE7mQpwqkV5XIr1hucsQ2Tx","user_info_UID_i2KXTMg5g6nhAOgWQwo1itlwHnQz","user_info_UID_jLKtbrB1V1dRD1QHAhwevYxVnHta","user_info_UID_7BEJWP7AxUUljdrjgyhwOyciCmBk","user_info_UID_AgHySDtRKqqo3wYuiOqwfpTQjKfk","user_info_UID_JAKoivK8LhMRNZ4hWIk6YFGXKa9u","user_info_UID_NNikwAIyX4nVsg5ShvytR5T73XAZ"]
24-07-12.20:27:43.801 [scheduling-1    ] INFO  GetNewData             - 定时任务扫描的keys:["user_info_UID_YRaZptE7mQpwqkV5XIr1hucsQ2Tx","user_info_UID_i2KXTMg5g6nhAOgWQwo1itlwHnQz","user_info_UID_jLKtbrB1V1dRD1QHAhwevYxVnHta","user_info_UID_7BEJWP7AxUUljdrjgyhwOyciCmBk","user_info_UID_AgHySDtRKqqo3wYuiOqwfpTQjKfk","user_info_UID_JAKoivK8LhMRNZ4hWIk6YFGXKa9u","user_info_UID_NNikwAIyX4nVsg5ShvytR5T73XAZ"]
24-07-12.20:27:47.174 [scheduling-1    ] INFO  GetNewData             - 定时任务扫描的keys:["user_info_UID_YRaZptE7mQpwqkV5XIr1hucsQ2Tx","user_info_UID_i2KXTMg5g6nhAOgWQwo1itlwHnQz","user_info_UID_jLKtbrB1V1dRD1QHAhwevYxVnHta","user_info_UID_7BEJWP7AxUUljdrjgyhwOyciCmBk","user_info_UID_AgHySDtRKqqo3wYuiOqwfpTQjKfk","user_info_UID_JAKoivK8LhMRNZ4hWIk6YFGXKa9u","user_info_UID_NNikwAIyX4nVsg5ShvytR5T73XAZ"]
24-07-12.20:27:49.889 [scheduling-1    ] INFO  GetNewData             - 定时任务扫描的keys:["user_info_UID_YRaZptE7mQpwqkV5XIr1hucsQ2Tx","user_info_UID_i2KXTMg5g6nhAOgWQwo1itlwHnQz","user_info_UID_jLKtbrB1V1dRD1QHAhwevYxVnHta","user_info_UID_7BEJWP7AxUUljdrjgyhwOyciCmBk","user_info_UID_AgHySDtRKqqo3wYuiOqwfpTQjKfk","user_info_UID_JAKoivK8LhMRNZ4hWIk6YFGXKa9u","user_info_UID_NNikwAIyX4nVsg5ShvytR5T73XAZ"]
24-07-12.20:27:52.950 [scheduling-1    ] INFO  GetNewData             - 定时任务扫描的keys:["user_info_UID_YRaZptE7mQpwqkV5XIr1hucsQ2Tx","user_info_UID_i2KXTMg5g6nhAOgWQwo1itlwHnQz","user_info_UID_jLKtbrB1V1dRD1QHAhwevYxVnHta","user_info_UID_7BEJWP7AxUUljdrjgyhwOyciCmBk","user_info_UID_AgHySDtRKqqo3wYuiOqwfpTQjKfk","user_info_UID_JAKoivK8LhMRNZ4hWIk6YFGXKa9u","user_info_UID_NNikwAIyX4nVsg5ShvytR5T73XAZ"]
24-07-12.20:27:55.918 [scheduling-1    ] INFO  GetNewData             - 定时任务扫描的keys:["user_info_UID_YRaZptE7mQpwqkV5XIr1hucsQ2Tx","user_info_UID_i2KXTMg5g6nhAOgWQwo1itlwHnQz","user_info_UID_jLKtbrB1V1dRD1QHAhwevYxVnHta","user_info_UID_7BEJWP7AxUUljdrjgyhwOyciCmBk","user_info_UID_AgHySDtRKqqo3wYuiOqwfpTQjKfk","user_info_UID_JAKoivK8LhMRNZ4hWIk6YFGXKa9u","user_info_UID_NNikwAIyX4nVsg5ShvytR5T73XAZ"]
24-07-12.20:27:58.854 [scheduling-1    ] INFO  GetNewData             - 定时任务扫描的keys:["user_info_UID_YRaZptE7mQpwqkV5XIr1hucsQ2Tx","user_info_UID_i2KXTMg5g6nhAOgWQwo1itlwHnQz","user_info_UID_jLKtbrB1V1dRD1QHAhwevYxVnHta","user_info_UID_7BEJWP7AxUUljdrjgyhwOyciCmBk","user_info_UID_AgHySDtRKqqo3wYuiOqwfpTQjKfk","user_info_UID_JAKoivK8LhMRNZ4hWIk6YFGXKa9u","user_info_UID_NNikwAIyX4nVsg5ShvytR5T73XAZ"]
24-07-12.20:28:02.156 [scheduling-1    ] INFO  GetNewData             - 定时任务扫描的keys:["user_info_UID_YRaZptE7mQpwqkV5XIr1hucsQ2Tx","user_info_UID_i2KXTMg5g6nhAOgWQwo1itlwHnQz","user_info_UID_jLKtbrB1V1dRD1QHAhwevYxVnHta","user_info_UID_7BEJWP7AxUUljdrjgyhwOyciCmBk","user_info_UID_AgHySDtRKqqo3wYuiOqwfpTQjKfk","user_info_UID_JAKoivK8LhMRNZ4hWIk6YFGXKa9u","user_info_UID_NNikwAIyX4nVsg5ShvytR5T73XAZ"]
24-07-12.20:28:04.844 [scheduling-1    ] INFO  GetNewData             - 定时任务扫描的keys:["user_info_UID_YRaZptE7mQpwqkV5XIr1hucsQ2Tx","user_info_UID_i2KXTMg5g6nhAOgWQwo1itlwHnQz","user_info_UID_jLKtbrB1V1dRD1QHAhwevYxVnHta","user_info_UID_7BEJWP7AxUUljdrjgyhwOyciCmBk","user_info_UID_AgHySDtRKqqo3wYuiOqwfpTQjKfk","user_info_UID_JAKoivK8LhMRNZ4hWIk6YFGXKa9u","user_info_UID_NNikwAIyX4nVsg5ShvytR5T73XAZ"]
24-07-12.20:28:07.905 [scheduling-1    ] INFO  GetNewData             - 定时任务扫描的keys:["user_info_UID_YRaZptE7mQpwqkV5XIr1hucsQ2Tx","user_info_UID_i2KXTMg5g6nhAOgWQwo1itlwHnQz","user_info_UID_jLKtbrB1V1dRD1QHAhwevYxVnHta","user_info_UID_7BEJWP7AxUUljdrjgyhwOyciCmBk","user_info_UID_AgHySDtRKqqo3wYuiOqwfpTQjKfk","user_info_UID_JAKoivK8LhMRNZ4hWIk6YFGXKa9u","user_info_UID_NNikwAIyX4nVsg5ShvytR5T73XAZ"]
24-07-12.20:28:10.829 [scheduling-1    ] INFO  GetNewData             - 定时任务扫描的keys:["user_info_UID_YRaZptE7mQpwqkV5XIr1hucsQ2Tx","user_info_UID_i2KXTMg5g6nhAOgWQwo1itlwHnQz","user_info_UID_jLKtbrB1V1dRD1QHAhwevYxVnHta","user_info_UID_7BEJWP7AxUUljdrjgyhwOyciCmBk","user_info_UID_AgHySDtRKqqo3wYuiOqwfpTQjKfk","user_info_UID_JAKoivK8LhMRNZ4hWIk6YFGXKa9u","user_info_UID_NNikwAIyX4nVsg5ShvytR5T73XAZ"]
24-07-12.20:28:13.858 [scheduling-1    ] INFO  GetNewData             - 定时任务扫描的keys:["user_info_UID_YRaZptE7mQpwqkV5XIr1hucsQ2Tx","user_info_UID_i2KXTMg5g6nhAOgWQwo1itlwHnQz","user_info_UID_jLKtbrB1V1dRD1QHAhwevYxVnHta","user_info_UID_7BEJWP7AxUUljdrjgyhwOyciCmBk","user_info_UID_AgHySDtRKqqo3wYuiOqwfpTQjKfk","user_info_UID_JAKoivK8LhMRNZ4hWIk6YFGXKa9u","user_info_UID_NNikwAIyX4nVsg5ShvytR5T73XAZ"]
24-07-12.20:28:17.214 [scheduling-1    ] INFO  GetNewData             - 定时任务扫描的keys:["user_info_UID_YRaZptE7mQpwqkV5XIr1hucsQ2Tx","user_info_UID_i2KXTMg5g6nhAOgWQwo1itlwHnQz","user_info_UID_jLKtbrB1V1dRD1QHAhwevYxVnHta","user_info_UID_7BEJWP7AxUUljdrjgyhwOyciCmBk","user_info_UID_AgHySDtRKqqo3wYuiOqwfpTQjKfk","user_info_UID_JAKoivK8LhMRNZ4hWIk6YFGXKa9u","user_info_UID_NNikwAIyX4nVsg5ShvytR5T73XAZ"]
24-07-12.20:28:17.858 [http-nio-8082-exec-3] INFO  [/]                    - Initializing Spring DispatcherServlet 'dispatcherServlet'
24-07-12.20:28:17.858 [http-nio-8082-exec-3] INFO  DispatcherServlet      - Initializing Servlet 'dispatcherServlet'
24-07-12.20:28:17.861 [http-nio-8082-exec-3] INFO  DispatcherServlet      - Completed initialization in 3 ms
24-07-12.20:28:17.992 [http-nio-8082-exec-4] INFO  HikariDataSource       - HikariPool-1 - Starting...
24-07-12.20:28:18.930 [http-nio-8082-exec-4] INFO  HikariDataSource       - HikariPool-1 - Start completed.
24-07-12.20:28:19.124 [http-nio-8082-exec-4] INFO  AdminController        - 后台管理端查询客户:{"page":0,"size":8}
24-07-12.20:28:19.940 [scheduling-1    ] INFO  GetNewData             - 定时任务扫描的keys:["user_info_UID_YRaZptE7mQpwqkV5XIr1hucsQ2Tx","user_info_UID_i2KXTMg5g6nhAOgWQwo1itlwHnQz","user_info_UID_jLKtbrB1V1dRD1QHAhwevYxVnHta","user_info_UID_7BEJWP7AxUUljdrjgyhwOyciCmBk","user_info_UID_AgHySDtRKqqo3wYuiOqwfpTQjKfk","user_info_UID_JAKoivK8LhMRNZ4hWIk6YFGXKa9u","user_info_UID_NNikwAIyX4nVsg5ShvytR5T73XAZ"]
24-07-12.20:28:22.878 [scheduling-1    ] INFO  GetNewData             - 定时任务扫描的keys:["user_info_UID_YRaZptE7mQpwqkV5XIr1hucsQ2Tx","user_info_UID_i2KXTMg5g6nhAOgWQwo1itlwHnQz","user_info_UID_jLKtbrB1V1dRD1QHAhwevYxVnHta","user_info_UID_7BEJWP7AxUUljdrjgyhwOyciCmBk","user_info_UID_AgHySDtRKqqo3wYuiOqwfpTQjKfk","user_info_UID_JAKoivK8LhMRNZ4hWIk6YFGXKa9u","user_info_UID_NNikwAIyX4nVsg5ShvytR5T73XAZ"]
24-07-12.20:28:26.187 [scheduling-1    ] INFO  GetNewData             - 定时任务扫描的keys:["user_info_UID_YRaZptE7mQpwqkV5XIr1hucsQ2Tx","user_info_UID_i2KXTMg5g6nhAOgWQwo1itlwHnQz","user_info_UID_jLKtbrB1V1dRD1QHAhwevYxVnHta","user_info_UID_7BEJWP7AxUUljdrjgyhwOyciCmBk","user_info_UID_AgHySDtRKqqo3wYuiOqwfpTQjKfk","user_info_UID_JAKoivK8LhMRNZ4hWIk6YFGXKa9u","user_info_UID_NNikwAIyX4nVsg5ShvytR5T73XAZ"]
24-07-12.20:28:28.884 [scheduling-1    ] INFO  GetNewData             - 定时任务扫描的keys:["user_info_UID_YRaZptE7mQpwqkV5XIr1hucsQ2Tx","user_info_UID_i2KXTMg5g6nhAOgWQwo1itlwHnQz","user_info_UID_jLKtbrB1V1dRD1QHAhwevYxVnHta","user_info_UID_7BEJWP7AxUUljdrjgyhwOyciCmBk","user_info_UID_AgHySDtRKqqo3wYuiOqwfpTQjKfk","user_info_UID_JAKoivK8LhMRNZ4hWIk6YFGXKa9u","user_info_UID_NNikwAIyX4nVsg5ShvytR5T73XAZ"]
24-07-12.20:28:32.217 [scheduling-1    ] INFO  GetNewData             - 定时任务扫描的keys:["user_info_UID_YRaZptE7mQpwqkV5XIr1hucsQ2Tx","user_info_UID_i2KXTMg5g6nhAOgWQwo1itlwHnQz","user_info_UID_jLKtbrB1V1dRD1QHAhwevYxVnHta","user_info_UID_7BEJWP7AxUUljdrjgyhwOyciCmBk","user_info_UID_AgHySDtRKqqo3wYuiOqwfpTQjKfk","user_info_UID_JAKoivK8LhMRNZ4hWIk6YFGXKa9u","user_info_UID_NNikwAIyX4nVsg5ShvytR5T73XAZ"]
24-07-12.20:28:34.797 [scheduling-1    ] INFO  GetNewData             - 定时任务扫描的keys:["user_info_UID_YRaZptE7mQpwqkV5XIr1hucsQ2Tx","user_info_UID_i2KXTMg5g6nhAOgWQwo1itlwHnQz","user_info_UID_jLKtbrB1V1dRD1QHAhwevYxVnHta","user_info_UID_7BEJWP7AxUUljdrjgyhwOyciCmBk","user_info_UID_AgHySDtRKqqo3wYuiOqwfpTQjKfk","user_info_UID_JAKoivK8LhMRNZ4hWIk6YFGXKa9u","user_info_UID_NNikwAIyX4nVsg5ShvytR5T73XAZ"]
24-07-12.20:28:35.949 [http-nio-8082-exec-7] INFO  UserServiceImpl        - 登录入参:UID_7BEJWP7AxUUljdrjgyhwOyciCmBk
24-07-12.20:28:36.224 [http-nio-8082-exec-7] INFO  UserServiceImpl        - 登录返参:{"enddate":"2024-10-25","max":"1","min":"3","startdate":"2024-07-11","uuid":"UID_7BEJWP7AxUUljdrjgyhwOyciCmBk"}
24-07-12.20:28:36.224 [http-nio-8082-exec-7] INFO  AdminController        - 后台管理端编辑客户:{"max":"1","min":"3","uuid":"UID_7BEJWP7AxUUljdrjgyhwOyciCmBk"}
24-07-12.20:28:36.376 [http-nio-8082-exec-8] INFO  AdminController        - 后台管理端查询客户:{"page":0,"size":8}
24-07-12.20:28:37.819 [scheduling-1    ] INFO  GetNewData             - 定时任务扫描的keys:["user_info_UID_YRaZptE7mQpwqkV5XIr1hucsQ2Tx","user_info_UID_i2KXTMg5g6nhAOgWQwo1itlwHnQz","user_info_UID_jLKtbrB1V1dRD1QHAhwevYxVnHta","user_info_UID_7BEJWP7AxUUljdrjgyhwOyciCmBk","user_info_UID_AgHySDtRKqqo3wYuiOqwfpTQjKfk","user_info_UID_JAKoivK8LhMRNZ4hWIk6YFGXKa9u","user_info_UID_NNikwAIyX4nVsg5ShvytR5T73XAZ"]
24-07-12.20:28:38.269 [scheduling-1    ] INFO  GetNewData             - 网站数据:2.6,已经达到用户设置的阈值上限:1,向 UID_7BEJWP7AxUUljdrjgyhwOyciCmBk 发送一次邮件
24-07-12.20:28:38.832 [scheduling-1    ] INFO  GetNewData             - 网站数据:2.6,已经达到用户设置的阈值下限:3,向 UID_7BEJWP7AxUUljdrjgyhwOyciCmBk 发送一次邮件
24-07-12.20:28:40.888 [scheduling-1    ] INFO  GetNewData             - 定时任务扫描的keys:["user_info_UID_YRaZptE7mQpwqkV5XIr1hucsQ2Tx","user_info_UID_i2KXTMg5g6nhAOgWQwo1itlwHnQz","user_info_UID_jLKtbrB1V1dRD1QHAhwevYxVnHta","user_info_UID_7BEJWP7AxUUljdrjgyhwOyciCmBk","user_info_UID_AgHySDtRKqqo3wYuiOqwfpTQjKfk","user_info_UID_JAKoivK8LhMRNZ4hWIk6YFGXKa9u","user_info_UID_NNikwAIyX4nVsg5ShvytR5T73XAZ"]
24-07-12.20:28:43.848 [scheduling-1    ] INFO  GetNewData             - 定时任务扫描的keys:["user_info_UID_YRaZptE7mQpwqkV5XIr1hucsQ2Tx","user_info_UID_i2KXTMg5g6nhAOgWQwo1itlwHnQz","user_info_UID_jLKtbrB1V1dRD1QHAhwevYxVnHta","user_info_UID_7BEJWP7AxUUljdrjgyhwOyciCmBk","user_info_UID_AgHySDtRKqqo3wYuiOqwfpTQjKfk","user_info_UID_JAKoivK8LhMRNZ4hWIk6YFGXKa9u","user_info_UID_NNikwAIyX4nVsg5ShvytR5T73XAZ"]
24-07-12.20:28:45.814 [http-nio-8082-exec-1] INFO  UserServiceImpl        - 登录入参:UID_jLKtbrB1V1dRD1QHAhwevYxVnHta
24-07-12.20:28:46.069 [http-nio-8082-exec-1] INFO  UserServiceImpl        - 登录返参:{"enddate":"2024-08-15","max":"1","min":"3","startdate":"2024-07-11","uuid":"UID_jLKtbrB1V1dRD1QHAhwevYxVnHta"}
24-07-12.20:28:46.069 [http-nio-8082-exec-1] INFO  AdminController        - 后台管理端编辑客户:{"max":"1","min":"3","uuid":"UID_jLKtbrB1V1dRD1QHAhwevYxVnHta"}
24-07-12.20:28:46.267 [http-nio-8082-exec-2] INFO  AdminController        - 后台管理端查询客户:{"page":0,"size":8}
24-07-12.20:28:46.836 [scheduling-1    ] INFO  GetNewData             - 定时任务扫描的keys:["user_info_UID_YRaZptE7mQpwqkV5XIr1hucsQ2Tx","user_info_UID_i2KXTMg5g6nhAOgWQwo1itlwHnQz","user_info_UID_jLKtbrB1V1dRD1QHAhwevYxVnHta","user_info_UID_7BEJWP7AxUUljdrjgyhwOyciCmBk","user_info_UID_AgHySDtRKqqo3wYuiOqwfpTQjKfk","user_info_UID_JAKoivK8LhMRNZ4hWIk6YFGXKa9u","user_info_UID_NNikwAIyX4nVsg5ShvytR5T73XAZ"]
24-07-12.20:28:47.147 [scheduling-1    ] INFO  GetNewData             - 网站数据:0.79,已经达到用户设置的阈值下限:3,向 UID_jLKtbrB1V1dRD1QHAhwevYxVnHta 发送一次邮件
24-07-12.20:28:49.848 [scheduling-1    ] INFO  GetNewData             - 定时任务扫描的keys:["user_info_UID_YRaZptE7mQpwqkV5XIr1hucsQ2Tx","user_info_UID_i2KXTMg5g6nhAOgWQwo1itlwHnQz","user_info_UID_jLKtbrB1V1dRD1QHAhwevYxVnHta","user_info_UID_7BEJWP7AxUUljdrjgyhwOyciCmBk","user_info_UID_AgHySDtRKqqo3wYuiOqwfpTQjKfk","user_info_UID_JAKoivK8LhMRNZ4hWIk6YFGXKa9u","user_info_UID_NNikwAIyX4nVsg5ShvytR5T73XAZ"]
24-07-12.20:28:52.903 [scheduling-1    ] INFO  GetNewData             - 定时任务扫描的keys:["user_info_UID_YRaZptE7mQpwqkV5XIr1hucsQ2Tx","user_info_UID_i2KXTMg5g6nhAOgWQwo1itlwHnQz","user_info_UID_jLKtbrB1V1dRD1QHAhwevYxVnHta","user_info_UID_7BEJWP7AxUUljdrjgyhwOyciCmBk","user_info_UID_AgHySDtRKqqo3wYuiOqwfpTQjKfk","user_info_UID_JAKoivK8LhMRNZ4hWIk6YFGXKa9u","user_info_UID_NNikwAIyX4nVsg5ShvytR5T73XAZ"]
24-07-12.20:28:53.312 [scheduling-1    ] INFO  GetNewData             - 网站数据:2.6,已经达到用户设置的阈值上限:1,向 UID_jLKtbrB1V1dRD1QHAhwevYxVnHta 发送一次邮件
24-07-12.20:28:55.890 [scheduling-1    ] INFO  GetNewData             - 定时任务扫描的keys:["user_info_UID_YRaZptE7mQpwqkV5XIr1hucsQ2Tx","user_info_UID_i2KXTMg5g6nhAOgWQwo1itlwHnQz","user_info_UID_jLKtbrB1V1dRD1QHAhwevYxVnHta","user_info_UID_7BEJWP7AxUUljdrjgyhwOyciCmBk","user_info_UID_AgHySDtRKqqo3wYuiOqwfpTQjKfk","user_info_UID_JAKoivK8LhMRNZ4hWIk6YFGXKa9u","user_info_UID_NNikwAIyX4nVsg5ShvytR5T73XAZ"]
24-07-12.20:28:58.900 [scheduling-1    ] INFO  GetNewData             - 定时任务扫描的keys:["user_info_UID_YRaZptE7mQpwqkV5XIr1hucsQ2Tx","user_info_UID_i2KXTMg5g6nhAOgWQwo1itlwHnQz","user_info_UID_jLKtbrB1V1dRD1QHAhwevYxVnHta","user_info_UID_7BEJWP7AxUUljdrjgyhwOyciCmBk","user_info_UID_AgHySDtRKqqo3wYuiOqwfpTQjKfk","user_info_UID_JAKoivK8LhMRNZ4hWIk6YFGXKa9u","user_info_UID_NNikwAIyX4nVsg5ShvytR5T73XAZ"]
24-07-12.20:29:01.861 [scheduling-1    ] INFO  GetNewData             - 定时任务扫描的keys:["user_info_UID_YRaZptE7mQpwqkV5XIr1hucsQ2Tx","user_info_UID_i2KXTMg5g6nhAOgWQwo1itlwHnQz","user_info_UID_jLKtbrB1V1dRD1QHAhwevYxVnHta","user_info_UID_7BEJWP7AxUUljdrjgyhwOyciCmBk","user_info_UID_AgHySDtRKqqo3wYuiOqwfpTQjKfk","user_info_UID_JAKoivK8LhMRNZ4hWIk6YFGXKa9u","user_info_UID_NNikwAIyX4nVsg5ShvytR5T73XAZ"]
24-07-12.20:29:04.858 [scheduling-1    ] INFO  GetNewData             - 定时任务扫描的keys:["user_info_UID_YRaZptE7mQpwqkV5XIr1hucsQ2Tx","user_info_UID_i2KXTMg5g6nhAOgWQwo1itlwHnQz","user_info_UID_jLKtbrB1V1dRD1QHAhwevYxVnHta","user_info_UID_7BEJWP7AxUUljdrjgyhwOyciCmBk","user_info_UID_AgHySDtRKqqo3wYuiOqwfpTQjKfk","user_info_UID_JAKoivK8LhMRNZ4hWIk6YFGXKa9u","user_info_UID_NNikwAIyX4nVsg5ShvytR5T73XAZ"]
24-07-12.20:29:07.875 [scheduling-1    ] INFO  GetNewData             - 定时任务扫描的keys:["user_info_UID_YRaZptE7mQpwqkV5XIr1hucsQ2Tx","user_info_UID_i2KXTMg5g6nhAOgWQwo1itlwHnQz","user_info_UID_jLKtbrB1V1dRD1QHAhwevYxVnHta","user_info_UID_7BEJWP7AxUUljdrjgyhwOyciCmBk","user_info_UID_AgHySDtRKqqo3wYuiOqwfpTQjKfk","user_info_UID_JAKoivK8LhMRNZ4hWIk6YFGXKa9u","user_info_UID_NNikwAIyX4nVsg5ShvytR5T73XAZ"]
24-07-12.20:29:10.904 [scheduling-1    ] INFO  GetNewData             - 定时任务扫描的keys:["user_info_UID_YRaZptE7mQpwqkV5XIr1hucsQ2Tx","user_info_UID_i2KXTMg5g6nhAOgWQwo1itlwHnQz","user_info_UID_jLKtbrB1V1dRD1QHAhwevYxVnHta","user_info_UID_7BEJWP7AxUUljdrjgyhwOyciCmBk","user_info_UID_AgHySDtRKqqo3wYuiOqwfpTQjKfk","user_info_UID_JAKoivK8LhMRNZ4hWIk6YFGXKa9u","user_info_UID_NNikwAIyX4nVsg5ShvytR5T73XAZ"]
24-07-12.20:29:13.865 [scheduling-1    ] INFO  GetNewData             - 定时任务扫描的keys:["user_info_UID_YRaZptE7mQpwqkV5XIr1hucsQ2Tx","user_info_UID_i2KXTMg5g6nhAOgWQwo1itlwHnQz","user_info_UID_jLKtbrB1V1dRD1QHAhwevYxVnHta","user_info_UID_7BEJWP7AxUUljdrjgyhwOyciCmBk","user_info_UID_AgHySDtRKqqo3wYuiOqwfpTQjKfk","user_info_UID_JAKoivK8LhMRNZ4hWIk6YFGXKa9u","user_info_UID_NNikwAIyX4nVsg5ShvytR5T73XAZ"]
24-07-12.20:29:17.217 [scheduling-1    ] INFO  GetNewData             - 定时任务扫描的keys:["user_info_UID_YRaZptE7mQpwqkV5XIr1hucsQ2Tx","user_info_UID_i2KXTMg5g6nhAOgWQwo1itlwHnQz","user_info_UID_jLKtbrB1V1dRD1QHAhwevYxVnHta","user_info_UID_7BEJWP7AxUUljdrjgyhwOyciCmBk","user_info_UID_AgHySDtRKqqo3wYuiOqwfpTQjKfk","user_info_UID_JAKoivK8LhMRNZ4hWIk6YFGXKa9u","user_info_UID_NNikwAIyX4nVsg5ShvytR5T73XAZ"]
24-07-12.20:29:19.928 [scheduling-1    ] INFO  GetNewData             - 定时任务扫描的keys:["user_info_UID_YRaZptE7mQpwqkV5XIr1hucsQ2Tx","user_info_UID_i2KXTMg5g6nhAOgWQwo1itlwHnQz","user_info_UID_jLKtbrB1V1dRD1QHAhwevYxVnHta","user_info_UID_7BEJWP7AxUUljdrjgyhwOyciCmBk","user_info_UID_AgHySDtRKqqo3wYuiOqwfpTQjKfk","user_info_UID_JAKoivK8LhMRNZ4hWIk6YFGXKa9u","user_info_UID_NNikwAIyX4nVsg5ShvytR5T73XAZ"]
24-07-12.20:29:22.842 [scheduling-1    ] INFO  GetNewData             - 定时任务扫描的keys:["user_info_UID_YRaZptE7mQpwqkV5XIr1hucsQ2Tx","user_info_UID_i2KXTMg5g6nhAOgWQwo1itlwHnQz","user_info_UID_jLKtbrB1V1dRD1QHAhwevYxVnHta","user_info_UID_7BEJWP7AxUUljdrjgyhwOyciCmBk","user_info_UID_AgHySDtRKqqo3wYuiOqwfpTQjKfk","user_info_UID_JAKoivK8LhMRNZ4hWIk6YFGXKa9u","user_info_UID_NNikwAIyX4nVsg5ShvytR5T73XAZ"]
24-07-12.20:29:25.795 [scheduling-1    ] INFO  GetNewData             - 定时任务扫描的keys:["user_info_UID_YRaZptE7mQpwqkV5XIr1hucsQ2Tx","user_info_UID_i2KXTMg5g6nhAOgWQwo1itlwHnQz","user_info_UID_jLKtbrB1V1dRD1QHAhwevYxVnHta","user_info_UID_7BEJWP7AxUUljdrjgyhwOyciCmBk","user_info_UID_AgHySDtRKqqo3wYuiOqwfpTQjKfk","user_info_UID_JAKoivK8LhMRNZ4hWIk6YFGXKa9u","user_info_UID_NNikwAIyX4nVsg5ShvytR5T73XAZ"]
24-07-12.20:29:28.849 [scheduling-1    ] INFO  GetNewData             - 定时任务扫描的keys:["user_info_UID_YRaZptE7mQpwqkV5XIr1hucsQ2Tx","user_info_UID_i2KXTMg5g6nhAOgWQwo1itlwHnQz","user_info_UID_jLKtbrB1V1dRD1QHAhwevYxVnHta","user_info_UID_7BEJWP7AxUUljdrjgyhwOyciCmBk","user_info_UID_AgHySDtRKqqo3wYuiOqwfpTQjKfk","user_info_UID_JAKoivK8LhMRNZ4hWIk6YFGXKa9u","user_info_UID_NNikwAIyX4nVsg5ShvytR5T73XAZ"]
24-07-12.20:29:31.911 [scheduling-1    ] INFO  GetNewData             - 定时任务扫描的keys:["user_info_UID_YRaZptE7mQpwqkV5XIr1hucsQ2Tx","user_info_UID_i2KXTMg5g6nhAOgWQwo1itlwHnQz","user_info_UID_jLKtbrB1V1dRD1QHAhwevYxVnHta","user_info_UID_7BEJWP7AxUUljdrjgyhwOyciCmBk","user_info_UID_AgHySDtRKqqo3wYuiOqwfpTQjKfk","user_info_UID_JAKoivK8LhMRNZ4hWIk6YFGXKa9u","user_info_UID_NNikwAIyX4nVsg5ShvytR5T73XAZ"]
24-07-12.20:29:34.847 [scheduling-1    ] INFO  GetNewData             - 定时任务扫描的keys:["user_info_UID_YRaZptE7mQpwqkV5XIr1hucsQ2Tx","user_info_UID_i2KXTMg5g6nhAOgWQwo1itlwHnQz","user_info_UID_jLKtbrB1V1dRD1QHAhwevYxVnHta","user_info_UID_7BEJWP7AxUUljdrjgyhwOyciCmBk","user_info_UID_AgHySDtRKqqo3wYuiOqwfpTQjKfk","user_info_UID_JAKoivK8LhMRNZ4hWIk6YFGXKa9u","user_info_UID_NNikwAIyX4nVsg5ShvytR5T73XAZ"]
24-07-12.20:29:37.834 [scheduling-1    ] INFO  GetNewData             - 定时任务扫描的keys:["user_info_UID_YRaZptE7mQpwqkV5XIr1hucsQ2Tx","user_info_UID_i2KXTMg5g6nhAOgWQwo1itlwHnQz","user_info_UID_jLKtbrB1V1dRD1QHAhwevYxVnHta","user_info_UID_7BEJWP7AxUUljdrjgyhwOyciCmBk","user_info_UID_AgHySDtRKqqo3wYuiOqwfpTQjKfk","user_info_UID_JAKoivK8LhMRNZ4hWIk6YFGXKa9u","user_info_UID_NNikwAIyX4nVsg5ShvytR5T73XAZ"]
24-07-12.20:29:40.796 [scheduling-1    ] INFO  GetNewData             - 定时任务扫描的keys:["user_info_UID_YRaZptE7mQpwqkV5XIr1hucsQ2Tx","user_info_UID_i2KXTMg5g6nhAOgWQwo1itlwHnQz","user_info_UID_jLKtbrB1V1dRD1QHAhwevYxVnHta","user_info_UID_7BEJWP7AxUUljdrjgyhwOyciCmBk","user_info_UID_AgHySDtRKqqo3wYuiOqwfpTQjKfk","user_info_UID_JAKoivK8LhMRNZ4hWIk6YFGXKa9u","user_info_UID_NNikwAIyX4nVsg5ShvytR5T73XAZ"]
24-07-12.20:29:41.254 [scheduling-1    ] INFO  GetNewData             - 网站数据:0.79,已经达到用户设置的阈值下限:3,向 UID_7BEJWP7AxUUljdrjgyhwOyciCmBk 发送一次邮件
24-07-12.20:29:43.903 [scheduling-1    ] INFO  GetNewData             - 定时任务扫描的keys:["user_info_UID_YRaZptE7mQpwqkV5XIr1hucsQ2Tx","user_info_UID_i2KXTMg5g6nhAOgWQwo1itlwHnQz","user_info_UID_jLKtbrB1V1dRD1QHAhwevYxVnHta","user_info_UID_7BEJWP7AxUUljdrjgyhwOyciCmBk","user_info_UID_AgHySDtRKqqo3wYuiOqwfpTQjKfk","user_info_UID_JAKoivK8LhMRNZ4hWIk6YFGXKa9u","user_info_UID_NNikwAIyX4nVsg5ShvytR5T73XAZ"]
24-07-12.20:29:44.470 [scheduling-1    ] INFO  GetNewData             - 网站数据:2.6,已经达到用户设置的阈值上限:1,向 UID_7BEJWP7AxUUljdrjgyhwOyciCmBk 发送一次邮件
24-07-12.20:29:46.941 [scheduling-1    ] INFO  GetNewData             - 定时任务扫描的keys:["user_info_UID_YRaZptE7mQpwqkV5XIr1hucsQ2Tx","user_info_UID_i2KXTMg5g6nhAOgWQwo1itlwHnQz","user_info_UID_jLKtbrB1V1dRD1QHAhwevYxVnHta","user_info_UID_7BEJWP7AxUUljdrjgyhwOyciCmBk","user_info_UID_AgHySDtRKqqo3wYuiOqwfpTQjKfk","user_info_UID_JAKoivK8LhMRNZ4hWIk6YFGXKa9u","user_info_UID_NNikwAIyX4nVsg5ShvytR5T73XAZ"]
24-07-12.20:29:49.906 [scheduling-1    ] INFO  GetNewData             - 定时任务扫描的keys:["user_info_UID_YRaZptE7mQpwqkV5XIr1hucsQ2Tx","user_info_UID_i2KXTMg5g6nhAOgWQwo1itlwHnQz","user_info_UID_jLKtbrB1V1dRD1QHAhwevYxVnHta","user_info_UID_7BEJWP7AxUUljdrjgyhwOyciCmBk","user_info_UID_AgHySDtRKqqo3wYuiOqwfpTQjKfk","user_info_UID_JAKoivK8LhMRNZ4hWIk6YFGXKa9u","user_info_UID_NNikwAIyX4nVsg5ShvytR5T73XAZ"]
24-07-12.20:29:50.247 [scheduling-1    ] INFO  GetNewData             - 网站数据:0.79,已经达到用户设置的阈值下限:3,向 UID_jLKtbrB1V1dRD1QHAhwevYxVnHta 发送一次邮件
24-07-12.20:29:52.860 [scheduling-1    ] INFO  GetNewData             - 定时任务扫描的keys:["user_info_UID_YRaZptE7mQpwqkV5XIr1hucsQ2Tx","user_info_UID_i2KXTMg5g6nhAOgWQwo1itlwHnQz","user_info_UID_jLKtbrB1V1dRD1QHAhwevYxVnHta","user_info_UID_7BEJWP7AxUUljdrjgyhwOyciCmBk","user_info_UID_AgHySDtRKqqo3wYuiOqwfpTQjKfk","user_info_UID_JAKoivK8LhMRNZ4hWIk6YFGXKa9u","user_info_UID_NNikwAIyX4nVsg5ShvytR5T73XAZ"]
24-07-12.20:29:55.848 [scheduling-1    ] INFO  GetNewData             - 定时任务扫描的keys:["user_info_UID_YRaZptE7mQpwqkV5XIr1hucsQ2Tx","user_info_UID_i2KXTMg5g6nhAOgWQwo1itlwHnQz","user_info_UID_jLKtbrB1V1dRD1QHAhwevYxVnHta","user_info_UID_7BEJWP7AxUUljdrjgyhwOyciCmBk","user_info_UID_AgHySDtRKqqo3wYuiOqwfpTQjKfk","user_info_UID_JAKoivK8LhMRNZ4hWIk6YFGXKa9u","user_info_UID_NNikwAIyX4nVsg5ShvytR5T73XAZ"]
24-07-12.20:29:58.864 [scheduling-1    ] INFO  GetNewData             - 定时任务扫描的keys:["user_info_UID_YRaZptE7mQpwqkV5XIr1hucsQ2Tx","user_info_UID_i2KXTMg5g6nhAOgWQwo1itlwHnQz","user_info_UID_jLKtbrB1V1dRD1QHAhwevYxVnHta","user_info_UID_7BEJWP7AxUUljdrjgyhwOyciCmBk","user_info_UID_AgHySDtRKqqo3wYuiOqwfpTQjKfk","user_info_UID_JAKoivK8LhMRNZ4hWIk6YFGXKa9u","user_info_UID_NNikwAIyX4nVsg5ShvytR5T73XAZ"]
24-07-12.20:30:01.959 [scheduling-1    ] INFO  GetNewData             - 定时任务扫描的keys:["user_info_UID_YRaZptE7mQpwqkV5XIr1hucsQ2Tx","user_info_UID_i2KXTMg5g6nhAOgWQwo1itlwHnQz","user_info_UID_jLKtbrB1V1dRD1QHAhwevYxVnHta","user_info_UID_7BEJWP7AxUUljdrjgyhwOyciCmBk","user_info_UID_AgHySDtRKqqo3wYuiOqwfpTQjKfk","user_info_UID_JAKoivK8LhMRNZ4hWIk6YFGXKa9u","user_info_UID_NNikwAIyX4nVsg5ShvytR5T73XAZ"]
24-07-12.20:30:02.337 [scheduling-1    ] INFO  GetNewData             - 网站数据:2.59,已经达到用户设置的阈值上限:1,向 UID_jLKtbrB1V1dRD1QHAhwevYxVnHta 发送一次邮件
24-07-12.20:30:04.890 [scheduling-1    ] INFO  GetNewData             - 定时任务扫描的keys:["user_info_UID_YRaZptE7mQpwqkV5XIr1hucsQ2Tx","user_info_UID_i2KXTMg5g6nhAOgWQwo1itlwHnQz","user_info_UID_jLKtbrB1V1dRD1QHAhwevYxVnHta","user_info_UID_7BEJWP7AxUUljdrjgyhwOyciCmBk","user_info_UID_AgHySDtRKqqo3wYuiOqwfpTQjKfk","user_info_UID_JAKoivK8LhMRNZ4hWIk6YFGXKa9u","user_info_UID_NNikwAIyX4nVsg5ShvytR5T73XAZ"]
24-07-12.20:30:07.834 [scheduling-1    ] INFO  GetNewData             - 定时任务扫描的keys:["user_info_UID_YRaZptE7mQpwqkV5XIr1hucsQ2Tx","user_info_UID_i2KXTMg5g6nhAOgWQwo1itlwHnQz","user_info_UID_jLKtbrB1V1dRD1QHAhwevYxVnHta","user_info_UID_7BEJWP7AxUUljdrjgyhwOyciCmBk","user_info_UID_AgHySDtRKqqo3wYuiOqwfpTQjKfk","user_info_UID_JAKoivK8LhMRNZ4hWIk6YFGXKa9u","user_info_UID_NNikwAIyX4nVsg5ShvytR5T73XAZ"]
24-07-12.20:30:10.906 [scheduling-1    ] INFO  GetNewData             - 定时任务扫描的keys:["user_info_UID_YRaZptE7mQpwqkV5XIr1hucsQ2Tx","user_info_UID_i2KXTMg5g6nhAOgWQwo1itlwHnQz","user_info_UID_jLKtbrB1V1dRD1QHAhwevYxVnHta","user_info_UID_7BEJWP7AxUUljdrjgyhwOyciCmBk","user_info_UID_AgHySDtRKqqo3wYuiOqwfpTQjKfk","user_info_UID_JAKoivK8LhMRNZ4hWIk6YFGXKa9u","user_info_UID_NNikwAIyX4nVsg5ShvytR5T73XAZ"]
24-07-12.20:30:13.846 [scheduling-1    ] INFO  GetNewData             - 定时任务扫描的keys:["user_info_UID_YRaZptE7mQpwqkV5XIr1hucsQ2Tx","user_info_UID_i2KXTMg5g6nhAOgWQwo1itlwHnQz","user_info_UID_jLKtbrB1V1dRD1QHAhwevYxVnHta","user_info_UID_7BEJWP7AxUUljdrjgyhwOyciCmBk","user_info_UID_AgHySDtRKqqo3wYuiOqwfpTQjKfk","user_info_UID_JAKoivK8LhMRNZ4hWIk6YFGXKa9u","user_info_UID_NNikwAIyX4nVsg5ShvytR5T73XAZ"]
24-07-12.20:30:16.975 [scheduling-1    ] INFO  GetNewData             - 定时任务扫描的keys:["user_info_UID_YRaZptE7mQpwqkV5XIr1hucsQ2Tx","user_info_UID_i2KXTMg5g6nhAOgWQwo1itlwHnQz","user_info_UID_jLKtbrB1V1dRD1QHAhwevYxVnHta","user_info_UID_7BEJWP7AxUUljdrjgyhwOyciCmBk","user_info_UID_AgHySDtRKqqo3wYuiOqwfpTQjKfk","user_info_UID_JAKoivK8LhMRNZ4hWIk6YFGXKa9u","user_info_UID_NNikwAIyX4nVsg5ShvytR5T73XAZ"]
24-07-12.20:30:19.917 [scheduling-1    ] INFO  GetNewData             - 定时任务扫描的keys:["user_info_UID_YRaZptE7mQpwqkV5XIr1hucsQ2Tx","user_info_UID_i2KXTMg5g6nhAOgWQwo1itlwHnQz","user_info_UID_jLKtbrB1V1dRD1QHAhwevYxVnHta","user_info_UID_7BEJWP7AxUUljdrjgyhwOyciCmBk","user_info_UID_AgHySDtRKqqo3wYuiOqwfpTQjKfk","user_info_UID_JAKoivK8LhMRNZ4hWIk6YFGXKa9u","user_info_UID_NNikwAIyX4nVsg5ShvytR5T73XAZ"]
24-07-12.20:30:22.965 [scheduling-1    ] INFO  GetNewData             - 定时任务扫描的keys:["user_info_UID_YRaZptE7mQpwqkV5XIr1hucsQ2Tx","user_info_UID_i2KXTMg5g6nhAOgWQwo1itlwHnQz","user_info_UID_jLKtbrB1V1dRD1QHAhwevYxVnHta","user_info_UID_7BEJWP7AxUUljdrjgyhwOyciCmBk","user_info_UID_AgHySDtRKqqo3wYuiOqwfpTQjKfk","user_info_UID_JAKoivK8LhMRNZ4hWIk6YFGXKa9u","user_info_UID_NNikwAIyX4nVsg5ShvytR5T73XAZ"]
24-07-12.20:30:25.843 [scheduling-1    ] INFO  GetNewData             - 定时任务扫描的keys:["user_info_UID_YRaZptE7mQpwqkV5XIr1hucsQ2Tx","user_info_UID_i2KXTMg5g6nhAOgWQwo1itlwHnQz","user_info_UID_jLKtbrB1V1dRD1QHAhwevYxVnHta","user_info_UID_7BEJWP7AxUUljdrjgyhwOyciCmBk","user_info_UID_AgHySDtRKqqo3wYuiOqwfpTQjKfk","user_info_UID_JAKoivK8LhMRNZ4hWIk6YFGXKa9u","user_info_UID_NNikwAIyX4nVsg5ShvytR5T73XAZ"]
24-07-12.20:30:28.851 [scheduling-1    ] INFO  GetNewData             - 定时任务扫描的keys:["user_info_UID_YRaZptE7mQpwqkV5XIr1hucsQ2Tx","user_info_UID_i2KXTMg5g6nhAOgWQwo1itlwHnQz","user_info_UID_jLKtbrB1V1dRD1QHAhwevYxVnHta","user_info_UID_7BEJWP7AxUUljdrjgyhwOyciCmBk","user_info_UID_AgHySDtRKqqo3wYuiOqwfpTQjKfk","user_info_UID_JAKoivK8LhMRNZ4hWIk6YFGXKa9u","user_info_UID_NNikwAIyX4nVsg5ShvytR5T73XAZ"]
24-07-12.20:30:31.861 [scheduling-1    ] INFO  GetNewData             - 定时任务扫描的keys:["user_info_UID_YRaZptE7mQpwqkV5XIr1hucsQ2Tx","user_info_UID_i2KXTMg5g6nhAOgWQwo1itlwHnQz","user_info_UID_jLKtbrB1V1dRD1QHAhwevYxVnHta","user_info_UID_7BEJWP7AxUUljdrjgyhwOyciCmBk","user_info_UID_AgHySDtRKqqo3wYuiOqwfpTQjKfk","user_info_UID_JAKoivK8LhMRNZ4hWIk6YFGXKa9u","user_info_UID_NNikwAIyX4nVsg5ShvytR5T73XAZ"]
24-07-12.20:30:34.811 [scheduling-1    ] INFO  GetNewData             - 定时任务扫描的keys:["user_info_UID_YRaZptE7mQpwqkV5XIr1hucsQ2Tx","user_info_UID_i2KXTMg5g6nhAOgWQwo1itlwHnQz","user_info_UID_jLKtbrB1V1dRD1QHAhwevYxVnHta","user_info_UID_7BEJWP7AxUUljdrjgyhwOyciCmBk","user_info_UID_AgHySDtRKqqo3wYuiOqwfpTQjKfk","user_info_UID_JAKoivK8LhMRNZ4hWIk6YFGXKa9u","user_info_UID_NNikwAIyX4nVsg5ShvytR5T73XAZ"]
24-07-12.20:30:37.949 [scheduling-1    ] INFO  GetNewData             - 定时任务扫描的keys:["user_info_UID_YRaZptE7mQpwqkV5XIr1hucsQ2Tx","user_info_UID_i2KXTMg5g6nhAOgWQwo1itlwHnQz","user_info_UID_jLKtbrB1V1dRD1QHAhwevYxVnHta","user_info_UID_7BEJWP7AxUUljdrjgyhwOyciCmBk","user_info_UID_AgHySDtRKqqo3wYuiOqwfpTQjKfk","user_info_UID_JAKoivK8LhMRNZ4hWIk6YFGXKa9u","user_info_UID_NNikwAIyX4nVsg5ShvytR5T73XAZ"]
24-07-12.20:30:40.898 [scheduling-1    ] INFO  GetNewData             - 定时任务扫描的keys:["user_info_UID_YRaZptE7mQpwqkV5XIr1hucsQ2Tx","user_info_UID_i2KXTMg5g6nhAOgWQwo1itlwHnQz","user_info_UID_jLKtbrB1V1dRD1QHAhwevYxVnHta","user_info_UID_7BEJWP7AxUUljdrjgyhwOyciCmBk","user_info_UID_AgHySDtRKqqo3wYuiOqwfpTQjKfk","user_info_UID_JAKoivK8LhMRNZ4hWIk6YFGXKa9u","user_info_UID_NNikwAIyX4nVsg5ShvytR5T73XAZ"]
24-07-12.20:30:43.859 [scheduling-1    ] INFO  GetNewData             - 定时任务扫描的keys:["user_info_UID_YRaZptE7mQpwqkV5XIr1hucsQ2Tx","user_info_UID_i2KXTMg5g6nhAOgWQwo1itlwHnQz","user_info_UID_jLKtbrB1V1dRD1QHAhwevYxVnHta","user_info_UID_7BEJWP7AxUUljdrjgyhwOyciCmBk","user_info_UID_AgHySDtRKqqo3wYuiOqwfpTQjKfk","user_info_UID_JAKoivK8LhMRNZ4hWIk6YFGXKa9u","user_info_UID_NNikwAIyX4nVsg5ShvytR5T73XAZ"]
24-07-12.20:30:44.514 [scheduling-1    ] INFO  GetNewData             - 网站数据:2.6,已经达到用户设置的阈值下限:3,向 UID_7BEJWP7AxUUljdrjgyhwOyciCmBk 发送一次邮件
24-07-12.20:30:46.816 [scheduling-1    ] INFO  GetNewData             - 定时任务扫描的keys:["user_info_UID_YRaZptE7mQpwqkV5XIr1hucsQ2Tx","user_info_UID_i2KXTMg5g6nhAOgWQwo1itlwHnQz","user_info_UID_jLKtbrB1V1dRD1QHAhwevYxVnHta","user_info_UID_7BEJWP7AxUUljdrjgyhwOyciCmBk","user_info_UID_AgHySDtRKqqo3wYuiOqwfpTQjKfk","user_info_UID_JAKoivK8LhMRNZ4hWIk6YFGXKa9u","user_info_UID_NNikwAIyX4nVsg5ShvytR5T73XAZ"]
24-07-12.20:30:47.491 [scheduling-1    ] INFO  GetNewData             - 网站数据:2.6,已经达到用户设置的阈值上限:1,向 UID_7BEJWP7AxUUljdrjgyhwOyciCmBk 发送一次邮件
24-07-12.20:30:49.821 [scheduling-1    ] INFO  GetNewData             - 定时任务扫描的keys:["user_info_UID_YRaZptE7mQpwqkV5XIr1hucsQ2Tx","user_info_UID_i2KXTMg5g6nhAOgWQwo1itlwHnQz","user_info_UID_jLKtbrB1V1dRD1QHAhwevYxVnHta","user_info_UID_7BEJWP7AxUUljdrjgyhwOyciCmBk","user_info_UID_AgHySDtRKqqo3wYuiOqwfpTQjKfk","user_info_UID_JAKoivK8LhMRNZ4hWIk6YFGXKa9u","user_info_UID_NNikwAIyX4nVsg5ShvytR5T73XAZ"]
24-07-12.20:30:52.919 [scheduling-1    ] INFO  GetNewData             - 定时任务扫描的keys:["user_info_UID_YRaZptE7mQpwqkV5XIr1hucsQ2Tx","user_info_UID_i2KXTMg5g6nhAOgWQwo1itlwHnQz","user_info_UID_jLKtbrB1V1dRD1QHAhwevYxVnHta","user_info_UID_7BEJWP7AxUUljdrjgyhwOyciCmBk","user_info_UID_AgHySDtRKqqo3wYuiOqwfpTQjKfk","user_info_UID_JAKoivK8LhMRNZ4hWIk6YFGXKa9u","user_info_UID_NNikwAIyX4nVsg5ShvytR5T73XAZ"]
24-07-12.20:30:53.293 [scheduling-1    ] INFO  GetNewData             - 网站数据:2.6,已经达到用户设置的阈值下限:3,向 UID_jLKtbrB1V1dRD1QHAhwevYxVnHta 发送一次邮件
24-07-12.20:30:55.957 [scheduling-1    ] INFO  GetNewData             - 定时任务扫描的keys:["user_info_UID_YRaZptE7mQpwqkV5XIr1hucsQ2Tx","user_info_UID_i2KXTMg5g6nhAOgWQwo1itlwHnQz","user_info_UID_jLKtbrB1V1dRD1QHAhwevYxVnHta","user_info_UID_7BEJWP7AxUUljdrjgyhwOyciCmBk","user_info_UID_AgHySDtRKqqo3wYuiOqwfpTQjKfk","user_info_UID_JAKoivK8LhMRNZ4hWIk6YFGXKa9u","user_info_UID_NNikwAIyX4nVsg5ShvytR5T73XAZ"]
24-07-12.20:30:58.913 [scheduling-1    ] INFO  GetNewData             - 定时任务扫描的keys:["user_info_UID_YRaZptE7mQpwqkV5XIr1hucsQ2Tx","user_info_UID_i2KXTMg5g6nhAOgWQwo1itlwHnQz","user_info_UID_jLKtbrB1V1dRD1QHAhwevYxVnHta","user_info_UID_7BEJWP7AxUUljdrjgyhwOyciCmBk","user_info_UID_AgHySDtRKqqo3wYuiOqwfpTQjKfk","user_info_UID_JAKoivK8LhMRNZ4hWIk6YFGXKa9u","user_info_UID_NNikwAIyX4nVsg5ShvytR5T73XAZ"]
24-07-12.20:31:01.920 [scheduling-1    ] INFO  GetNewData             - 定时任务扫描的keys:["user_info_UID_YRaZptE7mQpwqkV5XIr1hucsQ2Tx","user_info_UID_i2KXTMg5g6nhAOgWQwo1itlwHnQz","user_info_UID_jLKtbrB1V1dRD1QHAhwevYxVnHta","user_info_UID_7BEJWP7AxUUljdrjgyhwOyciCmBk","user_info_UID_AgHySDtRKqqo3wYuiOqwfpTQjKfk","user_info_UID_JAKoivK8LhMRNZ4hWIk6YFGXKa9u","user_info_UID_NNikwAIyX4nVsg5ShvytR5T73XAZ"]
24-07-12.20:31:04.870 [scheduling-1    ] INFO  GetNewData             - 定时任务扫描的keys:["user_info_UID_YRaZptE7mQpwqkV5XIr1hucsQ2Tx","user_info_UID_i2KXTMg5g6nhAOgWQwo1itlwHnQz","user_info_UID_jLKtbrB1V1dRD1QHAhwevYxVnHta","user_info_UID_7BEJWP7AxUUljdrjgyhwOyciCmBk","user_info_UID_AgHySDtRKqqo3wYuiOqwfpTQjKfk","user_info_UID_JAKoivK8LhMRNZ4hWIk6YFGXKa9u","user_info_UID_NNikwAIyX4nVsg5ShvytR5T73XAZ"]
24-07-12.20:31:07.816 [scheduling-1    ] INFO  GetNewData             - 定时任务扫描的keys:["user_info_UID_YRaZptE7mQpwqkV5XIr1hucsQ2Tx","user_info_UID_i2KXTMg5g6nhAOgWQwo1itlwHnQz","user_info_UID_jLKtbrB1V1dRD1QHAhwevYxVnHta","user_info_UID_7BEJWP7AxUUljdrjgyhwOyciCmBk","user_info_UID_AgHySDtRKqqo3wYuiOqwfpTQjKfk","user_info_UID_JAKoivK8LhMRNZ4hWIk6YFGXKa9u","user_info_UID_NNikwAIyX4nVsg5ShvytR5T73XAZ"]
24-07-12.20:31:08.150 [scheduling-1    ] INFO  GetNewData             - 网站数据:2.59,已经达到用户设置的阈值上限:1,向 UID_jLKtbrB1V1dRD1QHAhwevYxVnHta 发送一次邮件
24-07-12.20:31:10.943 [scheduling-1    ] INFO  GetNewData             - 定时任务扫描的keys:["user_info_UID_YRaZptE7mQpwqkV5XIr1hucsQ2Tx","user_info_UID_i2KXTMg5g6nhAOgWQwo1itlwHnQz","user_info_UID_jLKtbrB1V1dRD1QHAhwevYxVnHta","user_info_UID_7BEJWP7AxUUljdrjgyhwOyciCmBk","user_info_UID_AgHySDtRKqqo3wYuiOqwfpTQjKfk","user_info_UID_JAKoivK8LhMRNZ4hWIk6YFGXKa9u","user_info_UID_NNikwAIyX4nVsg5ShvytR5T73XAZ"]
24-07-12.20:31:13.931 [scheduling-1    ] INFO  GetNewData             - 定时任务扫描的keys:["user_info_UID_YRaZptE7mQpwqkV5XIr1hucsQ2Tx","user_info_UID_i2KXTMg5g6nhAOgWQwo1itlwHnQz","user_info_UID_jLKtbrB1V1dRD1QHAhwevYxVnHta","user_info_UID_7BEJWP7AxUUljdrjgyhwOyciCmBk","user_info_UID_AgHySDtRKqqo3wYuiOqwfpTQjKfk","user_info_UID_JAKoivK8LhMRNZ4hWIk6YFGXKa9u","user_info_UID_NNikwAIyX4nVsg5ShvytR5T73XAZ"]
24-07-12.20:31:16.921 [scheduling-1    ] INFO  GetNewData             - 定时任务扫描的keys:["user_info_UID_YRaZptE7mQpwqkV5XIr1hucsQ2Tx","user_info_UID_i2KXTMg5g6nhAOgWQwo1itlwHnQz","user_info_UID_jLKtbrB1V1dRD1QHAhwevYxVnHta","user_info_UID_7BEJWP7AxUUljdrjgyhwOyciCmBk","user_info_UID_AgHySDtRKqqo3wYuiOqwfpTQjKfk","user_info_UID_JAKoivK8LhMRNZ4hWIk6YFGXKa9u","user_info_UID_NNikwAIyX4nVsg5ShvytR5T73XAZ"]
24-07-12.20:31:19.888 [scheduling-1    ] INFO  GetNewData             - 定时任务扫描的keys:["user_info_UID_YRaZptE7mQpwqkV5XIr1hucsQ2Tx","user_info_UID_i2KXTMg5g6nhAOgWQwo1itlwHnQz","user_info_UID_jLKtbrB1V1dRD1QHAhwevYxVnHta","user_info_UID_7BEJWP7AxUUljdrjgyhwOyciCmBk","user_info_UID_AgHySDtRKqqo3wYuiOqwfpTQjKfk","user_info_UID_JAKoivK8LhMRNZ4hWIk6YFGXKa9u","user_info_UID_NNikwAIyX4nVsg5ShvytR5T73XAZ"]
24-07-12.20:31:22.867 [scheduling-1    ] INFO  GetNewData             - 定时任务扫描的keys:["user_info_UID_YRaZptE7mQpwqkV5XIr1hucsQ2Tx","user_info_UID_i2KXTMg5g6nhAOgWQwo1itlwHnQz","user_info_UID_jLKtbrB1V1dRD1QHAhwevYxVnHta","user_info_UID_7BEJWP7AxUUljdrjgyhwOyciCmBk","user_info_UID_AgHySDtRKqqo3wYuiOqwfpTQjKfk","user_info_UID_JAKoivK8LhMRNZ4hWIk6YFGXKa9u","user_info_UID_NNikwAIyX4nVsg5ShvytR5T73XAZ"]
24-07-12.20:31:26.146 [scheduling-1    ] INFO  GetNewData             - 定时任务扫描的keys:["user_info_UID_YRaZptE7mQpwqkV5XIr1hucsQ2Tx","user_info_UID_i2KXTMg5g6nhAOgWQwo1itlwHnQz","user_info_UID_jLKtbrB1V1dRD1QHAhwevYxVnHta","user_info_UID_7BEJWP7AxUUljdrjgyhwOyciCmBk","user_info_UID_AgHySDtRKqqo3wYuiOqwfpTQjKfk","user_info_UID_JAKoivK8LhMRNZ4hWIk6YFGXKa9u","user_info_UID_NNikwAIyX4nVsg5ShvytR5T73XAZ"]
24-07-12.20:31:28.859 [scheduling-1    ] INFO  GetNewData             - 定时任务扫描的keys:["user_info_UID_YRaZptE7mQpwqkV5XIr1hucsQ2Tx","user_info_UID_i2KXTMg5g6nhAOgWQwo1itlwHnQz","user_info_UID_jLKtbrB1V1dRD1QHAhwevYxVnHta","user_info_UID_7BEJWP7AxUUljdrjgyhwOyciCmBk","user_info_UID_AgHySDtRKqqo3wYuiOqwfpTQjKfk","user_info_UID_JAKoivK8LhMRNZ4hWIk6YFGXKa9u","user_info_UID_NNikwAIyX4nVsg5ShvytR5T73XAZ"]
24-07-12.20:31:32.145 [scheduling-1    ] INFO  GetNewData             - 定时任务扫描的keys:["user_info_UID_YRaZptE7mQpwqkV5XIr1hucsQ2Tx","user_info_UID_i2KXTMg5g6nhAOgWQwo1itlwHnQz","user_info_UID_jLKtbrB1V1dRD1QHAhwevYxVnHta","user_info_UID_7BEJWP7AxUUljdrjgyhwOyciCmBk","user_info_UID_AgHySDtRKqqo3wYuiOqwfpTQjKfk","user_info_UID_JAKoivK8LhMRNZ4hWIk6YFGXKa9u","user_info_UID_NNikwAIyX4nVsg5ShvytR5T73XAZ"]
24-07-12.20:31:34.860 [scheduling-1    ] INFO  GetNewData             - 定时任务扫描的keys:["user_info_UID_YRaZptE7mQpwqkV5XIr1hucsQ2Tx","user_info_UID_i2KXTMg5g6nhAOgWQwo1itlwHnQz","user_info_UID_jLKtbrB1V1dRD1QHAhwevYxVnHta","user_info_UID_7BEJWP7AxUUljdrjgyhwOyciCmBk","user_info_UID_AgHySDtRKqqo3wYuiOqwfpTQjKfk","user_info_UID_JAKoivK8LhMRNZ4hWIk6YFGXKa9u","user_info_UID_NNikwAIyX4nVsg5ShvytR5T73XAZ"]
24-07-12.20:31:37.917 [scheduling-1    ] INFO  GetNewData             - 定时任务扫描的keys:["user_info_UID_YRaZptE7mQpwqkV5XIr1hucsQ2Tx","user_info_UID_i2KXTMg5g6nhAOgWQwo1itlwHnQz","user_info_UID_jLKtbrB1V1dRD1QHAhwevYxVnHta","user_info_UID_7BEJWP7AxUUljdrjgyhwOyciCmBk","user_info_UID_AgHySDtRKqqo3wYuiOqwfpTQjKfk","user_info_UID_JAKoivK8LhMRNZ4hWIk6YFGXKa9u","user_info_UID_NNikwAIyX4nVsg5ShvytR5T73XAZ"]
24-07-12.20:31:40.842 [scheduling-1    ] INFO  GetNewData             - 定时任务扫描的keys:["user_info_UID_YRaZptE7mQpwqkV5XIr1hucsQ2Tx","user_info_UID_i2KXTMg5g6nhAOgWQwo1itlwHnQz","user_info_UID_jLKtbrB1V1dRD1QHAhwevYxVnHta","user_info_UID_7BEJWP7AxUUljdrjgyhwOyciCmBk","user_info_UID_AgHySDtRKqqo3wYuiOqwfpTQjKfk","user_info_UID_JAKoivK8LhMRNZ4hWIk6YFGXKa9u","user_info_UID_NNikwAIyX4nVsg5ShvytR5T73XAZ"]
24-07-12.20:31:44.025 [scheduling-1    ] INFO  GetNewData             - 定时任务扫描的keys:["user_info_UID_YRaZptE7mQpwqkV5XIr1hucsQ2Tx","user_info_UID_i2KXTMg5g6nhAOgWQwo1itlwHnQz","user_info_UID_jLKtbrB1V1dRD1QHAhwevYxVnHta","user_info_UID_7BEJWP7AxUUljdrjgyhwOyciCmBk","user_info_UID_AgHySDtRKqqo3wYuiOqwfpTQjKfk","user_info_UID_JAKoivK8LhMRNZ4hWIk6YFGXKa9u","user_info_UID_NNikwAIyX4nVsg5ShvytR5T73XAZ"]
24-07-12.20:31:46.884 [scheduling-1    ] INFO  GetNewData             - 定时任务扫描的keys:["user_info_UID_YRaZptE7mQpwqkV5XIr1hucsQ2Tx","user_info_UID_i2KXTMg5g6nhAOgWQwo1itlwHnQz","user_info_UID_jLKtbrB1V1dRD1QHAhwevYxVnHta","user_info_UID_7BEJWP7AxUUljdrjgyhwOyciCmBk","user_info_UID_AgHySDtRKqqo3wYuiOqwfpTQjKfk","user_info_UID_JAKoivK8LhMRNZ4hWIk6YFGXKa9u","user_info_UID_NNikwAIyX4nVsg5ShvytR5T73XAZ"]
24-07-12.20:31:47.445 [scheduling-1    ] INFO  GetNewData             - 网站数据:0.8,已经达到用户设置的阈值下限:3,向 UID_7BEJWP7AxUUljdrjgyhwOyciCmBk 发送一次邮件
24-07-12.20:31:49.994 [scheduling-1    ] INFO  GetNewData             - 定时任务扫描的keys:["user_info_UID_YRaZptE7mQpwqkV5XIr1hucsQ2Tx","user_info_UID_i2KXTMg5g6nhAOgWQwo1itlwHnQz","user_info_UID_jLKtbrB1V1dRD1QHAhwevYxVnHta","user_info_UID_7BEJWP7AxUUljdrjgyhwOyciCmBk","user_info_UID_AgHySDtRKqqo3wYuiOqwfpTQjKfk","user_info_UID_JAKoivK8LhMRNZ4hWIk6YFGXKa9u","user_info_UID_NNikwAIyX4nVsg5ShvytR5T73XAZ"]
24-07-12.20:31:50.821 [scheduling-1    ] INFO  GetNewData             - 网站数据:2.59,已经达到用户设置的阈值上限:1,向 UID_7BEJWP7AxUUljdrjgyhwOyciCmBk 发送一次邮件
24-07-12.20:31:52.874 [scheduling-1    ] INFO  GetNewData             - 定时任务扫描的keys:["user_info_UID_YRaZptE7mQpwqkV5XIr1hucsQ2Tx","user_info_UID_i2KXTMg5g6nhAOgWQwo1itlwHnQz","user_info_UID_jLKtbrB1V1dRD1QHAhwevYxVnHta","user_info_UID_7BEJWP7AxUUljdrjgyhwOyciCmBk","user_info_UID_AgHySDtRKqqo3wYuiOqwfpTQjKfk","user_info_UID_JAKoivK8LhMRNZ4hWIk6YFGXKa9u","user_info_UID_NNikwAIyX4nVsg5ShvytR5T73XAZ"]
24-07-12.20:31:55.869 [scheduling-1    ] INFO  GetNewData             - 定时任务扫描的keys:["user_info_UID_YRaZptE7mQpwqkV5XIr1hucsQ2Tx","user_info_UID_i2KXTMg5g6nhAOgWQwo1itlwHnQz","user_info_UID_jLKtbrB1V1dRD1QHAhwevYxVnHta","user_info_UID_7BEJWP7AxUUljdrjgyhwOyciCmBk","user_info_UID_AgHySDtRKqqo3wYuiOqwfpTQjKfk","user_info_UID_JAKoivK8LhMRNZ4hWIk6YFGXKa9u","user_info_UID_NNikwAIyX4nVsg5ShvytR5T73XAZ"]
24-07-12.20:31:56.174 [scheduling-1    ] INFO  GetNewData             - 网站数据:0.8,已经达到用户设置的阈值下限:3,向 UID_jLKtbrB1V1dRD1QHAhwevYxVnHta 发送一次邮件
24-07-12.20:31:58.835 [scheduling-1    ] INFO  GetNewData             - 定时任务扫描的keys:["user_info_UID_YRaZptE7mQpwqkV5XIr1hucsQ2Tx","user_info_UID_i2KXTMg5g6nhAOgWQwo1itlwHnQz","user_info_UID_jLKtbrB1V1dRD1QHAhwevYxVnHta","user_info_UID_7BEJWP7AxUUljdrjgyhwOyciCmBk","user_info_UID_AgHySDtRKqqo3wYuiOqwfpTQjKfk","user_info_UID_JAKoivK8LhMRNZ4hWIk6YFGXKa9u","user_info_UID_NNikwAIyX4nVsg5ShvytR5T73XAZ"]
24-07-12.20:32:01.840 [scheduling-1    ] INFO  GetNewData             - 定时任务扫描的keys:["user_info_UID_YRaZptE7mQpwqkV5XIr1hucsQ2Tx","user_info_UID_i2KXTMg5g6nhAOgWQwo1itlwHnQz","user_info_UID_jLKtbrB1V1dRD1QHAhwevYxVnHta","user_info_UID_7BEJWP7AxUUljdrjgyhwOyciCmBk","user_info_UID_AgHySDtRKqqo3wYuiOqwfpTQjKfk","user_info_UID_JAKoivK8LhMRNZ4hWIk6YFGXKa9u","user_info_UID_NNikwAIyX4nVsg5ShvytR5T73XAZ"]
24-07-12.20:32:04.911 [scheduling-1    ] INFO  GetNewData             - 定时任务扫描的keys:["user_info_UID_YRaZptE7mQpwqkV5XIr1hucsQ2Tx","user_info_UID_i2KXTMg5g6nhAOgWQwo1itlwHnQz","user_info_UID_jLKtbrB1V1dRD1QHAhwevYxVnHta","user_info_UID_7BEJWP7AxUUljdrjgyhwOyciCmBk","user_info_UID_AgHySDtRKqqo3wYuiOqwfpTQjKfk","user_info_UID_JAKoivK8LhMRNZ4hWIk6YFGXKa9u","user_info_UID_NNikwAIyX4nVsg5ShvytR5T73XAZ"]
24-07-12.20:32:07.958 [scheduling-1    ] INFO  GetNewData             - 定时任务扫描的keys:["user_info_UID_YRaZptE7mQpwqkV5XIr1hucsQ2Tx","user_info_UID_i2KXTMg5g6nhAOgWQwo1itlwHnQz","user_info_UID_jLKtbrB1V1dRD1QHAhwevYxVnHta","user_info_UID_7BEJWP7AxUUljdrjgyhwOyciCmBk","user_info_UID_AgHySDtRKqqo3wYuiOqwfpTQjKfk","user_info_UID_JAKoivK8LhMRNZ4hWIk6YFGXKa9u","user_info_UID_NNikwAIyX4nVsg5ShvytR5T73XAZ"]
24-07-12.20:32:10.884 [scheduling-1    ] INFO  GetNewData             - 定时任务扫描的keys:["user_info_UID_YRaZptE7mQpwqkV5XIr1hucsQ2Tx","user_info_UID_i2KXTMg5g6nhAOgWQwo1itlwHnQz","user_info_UID_jLKtbrB1V1dRD1QHAhwevYxVnHta","user_info_UID_7BEJWP7AxUUljdrjgyhwOyciCmBk","user_info_UID_AgHySDtRKqqo3wYuiOqwfpTQjKfk","user_info_UID_JAKoivK8LhMRNZ4hWIk6YFGXKa9u","user_info_UID_NNikwAIyX4nVsg5ShvytR5T73XAZ"]
24-07-12.20:32:13.954 [scheduling-1    ] INFO  GetNewData             - 定时任务扫描的keys:["user_info_UID_YRaZptE7mQpwqkV5XIr1hucsQ2Tx","user_info_UID_i2KXTMg5g6nhAOgWQwo1itlwHnQz","user_info_UID_jLKtbrB1V1dRD1QHAhwevYxVnHta","user_info_UID_7BEJWP7AxUUljdrjgyhwOyciCmBk","user_info_UID_AgHySDtRKqqo3wYuiOqwfpTQjKfk","user_info_UID_JAKoivK8LhMRNZ4hWIk6YFGXKa9u","user_info_UID_NNikwAIyX4nVsg5ShvytR5T73XAZ"]
24-07-12.20:32:16.805 [scheduling-1    ] INFO  GetNewData             - 定时任务扫描的keys:["user_info_UID_YRaZptE7mQpwqkV5XIr1hucsQ2Tx","user_info_UID_i2KXTMg5g6nhAOgWQwo1itlwHnQz","user_info_UID_jLKtbrB1V1dRD1QHAhwevYxVnHta","user_info_UID_7BEJWP7AxUUljdrjgyhwOyciCmBk","user_info_UID_AgHySDtRKqqo3wYuiOqwfpTQjKfk","user_info_UID_JAKoivK8LhMRNZ4hWIk6YFGXKa9u","user_info_UID_NNikwAIyX4nVsg5ShvytR5T73XAZ"]
24-07-12.20:32:17.280 [scheduling-1    ] INFO  GetNewData             - 网站数据:2.5,已经达到用户设置的阈值上限:1,向 UID_jLKtbrB1V1dRD1QHAhwevYxVnHta 发送一次邮件
24-07-12.20:32:19.775 [scheduling-1    ] INFO  GetNewData             - 定时任务扫描的keys:["user_info_UID_YRaZptE7mQpwqkV5XIr1hucsQ2Tx","user_info_UID_i2KXTMg5g6nhAOgWQwo1itlwHnQz","user_info_UID_jLKtbrB1V1dRD1QHAhwevYxVnHta","user_info_UID_7BEJWP7AxUUljdrjgyhwOyciCmBk","user_info_UID_AgHySDtRKqqo3wYuiOqwfpTQjKfk","user_info_UID_JAKoivK8LhMRNZ4hWIk6YFGXKa9u","user_info_UID_NNikwAIyX4nVsg5ShvytR5T73XAZ"]
24-07-12.20:32:22.892 [scheduling-1    ] INFO  GetNewData             - 定时任务扫描的keys:["user_info_UID_YRaZptE7mQpwqkV5XIr1hucsQ2Tx","user_info_UID_i2KXTMg5g6nhAOgWQwo1itlwHnQz","user_info_UID_jLKtbrB1V1dRD1QHAhwevYxVnHta","user_info_UID_7BEJWP7AxUUljdrjgyhwOyciCmBk","user_info_UID_AgHySDtRKqqo3wYuiOqwfpTQjKfk","user_info_UID_JAKoivK8LhMRNZ4hWIk6YFGXKa9u","user_info_UID_NNikwAIyX4nVsg5ShvytR5T73XAZ"]
24-07-12.20:32:25.940 [scheduling-1    ] INFO  GetNewData             - 定时任务扫描的keys:["user_info_UID_YRaZptE7mQpwqkV5XIr1hucsQ2Tx","user_info_UID_i2KXTMg5g6nhAOgWQwo1itlwHnQz","user_info_UID_jLKtbrB1V1dRD1QHAhwevYxVnHta","user_info_UID_7BEJWP7AxUUljdrjgyhwOyciCmBk","user_info_UID_AgHySDtRKqqo3wYuiOqwfpTQjKfk","user_info_UID_JAKoivK8LhMRNZ4hWIk6YFGXKa9u","user_info_UID_NNikwAIyX4nVsg5ShvytR5T73XAZ"]
24-07-12.20:32:28.911 [scheduling-1    ] INFO  GetNewData             - 定时任务扫描的keys:["user_info_UID_YRaZptE7mQpwqkV5XIr1hucsQ2Tx","user_info_UID_i2KXTMg5g6nhAOgWQwo1itlwHnQz","user_info_UID_jLKtbrB1V1dRD1QHAhwevYxVnHta","user_info_UID_7BEJWP7AxUUljdrjgyhwOyciCmBk","user_info_UID_AgHySDtRKqqo3wYuiOqwfpTQjKfk","user_info_UID_JAKoivK8LhMRNZ4hWIk6YFGXKa9u","user_info_UID_NNikwAIyX4nVsg5ShvytR5T73XAZ"]
24-07-12.20:32:31.808 [scheduling-1    ] INFO  GetNewData             - 定时任务扫描的keys:["user_info_UID_YRaZptE7mQpwqkV5XIr1hucsQ2Tx","user_info_UID_i2KXTMg5g6nhAOgWQwo1itlwHnQz","user_info_UID_jLKtbrB1V1dRD1QHAhwevYxVnHta","user_info_UID_7BEJWP7AxUUljdrjgyhwOyciCmBk","user_info_UID_AgHySDtRKqqo3wYuiOqwfpTQjKfk","user_info_UID_JAKoivK8LhMRNZ4hWIk6YFGXKa9u","user_info_UID_NNikwAIyX4nVsg5ShvytR5T73XAZ"]
24-07-12.20:32:34.821 [scheduling-1    ] INFO  GetNewData             - 定时任务扫描的keys:["user_info_UID_YRaZptE7mQpwqkV5XIr1hucsQ2Tx","user_info_UID_i2KXTMg5g6nhAOgWQwo1itlwHnQz","user_info_UID_jLKtbrB1V1dRD1QHAhwevYxVnHta","user_info_UID_7BEJWP7AxUUljdrjgyhwOyciCmBk","user_info_UID_AgHySDtRKqqo3wYuiOqwfpTQjKfk","user_info_UID_JAKoivK8LhMRNZ4hWIk6YFGXKa9u","user_info_UID_NNikwAIyX4nVsg5ShvytR5T73XAZ"]
24-07-12.20:32:37.946 [scheduling-1    ] INFO  GetNewData             - 定时任务扫描的keys:["user_info_UID_YRaZptE7mQpwqkV5XIr1hucsQ2Tx","user_info_UID_i2KXTMg5g6nhAOgWQwo1itlwHnQz","user_info_UID_jLKtbrB1V1dRD1QHAhwevYxVnHta","user_info_UID_7BEJWP7AxUUljdrjgyhwOyciCmBk","user_info_UID_AgHySDtRKqqo3wYuiOqwfpTQjKfk","user_info_UID_JAKoivK8LhMRNZ4hWIk6YFGXKa9u","user_info_UID_NNikwAIyX4nVsg5ShvytR5T73XAZ"]
24-07-12.20:32:40.910 [scheduling-1    ] INFO  GetNewData             - 定时任务扫描的keys:["user_info_UID_YRaZptE7mQpwqkV5XIr1hucsQ2Tx","user_info_UID_i2KXTMg5g6nhAOgWQwo1itlwHnQz","user_info_UID_jLKtbrB1V1dRD1QHAhwevYxVnHta","user_info_UID_7BEJWP7AxUUljdrjgyhwOyciCmBk","user_info_UID_AgHySDtRKqqo3wYuiOqwfpTQjKfk","user_info_UID_JAKoivK8LhMRNZ4hWIk6YFGXKa9u","user_info_UID_NNikwAIyX4nVsg5ShvytR5T73XAZ"]
24-07-12.20:32:43.874 [scheduling-1    ] INFO  GetNewData             - 定时任务扫描的keys:["user_info_UID_YRaZptE7mQpwqkV5XIr1hucsQ2Tx","user_info_UID_i2KXTMg5g6nhAOgWQwo1itlwHnQz","user_info_UID_jLKtbrB1V1dRD1QHAhwevYxVnHta","user_info_UID_7BEJWP7AxUUljdrjgyhwOyciCmBk","user_info_UID_AgHySDtRKqqo3wYuiOqwfpTQjKfk","user_info_UID_JAKoivK8LhMRNZ4hWIk6YFGXKa9u","user_info_UID_NNikwAIyX4nVsg5ShvytR5T73XAZ"]
24-07-12.20:32:46.937 [scheduling-1    ] INFO  GetNewData             - 定时任务扫描的keys:["user_info_UID_YRaZptE7mQpwqkV5XIr1hucsQ2Tx","user_info_UID_i2KXTMg5g6nhAOgWQwo1itlwHnQz","user_info_UID_jLKtbrB1V1dRD1QHAhwevYxVnHta","user_info_UID_7BEJWP7AxUUljdrjgyhwOyciCmBk","user_info_UID_AgHySDtRKqqo3wYuiOqwfpTQjKfk","user_info_UID_JAKoivK8LhMRNZ4hWIk6YFGXKa9u","user_info_UID_NNikwAIyX4nVsg5ShvytR5T73XAZ"]
24-07-12.20:32:49.827 [scheduling-1    ] INFO  GetNewData             - 定时任务扫描的keys:["user_info_UID_YRaZptE7mQpwqkV5XIr1hucsQ2Tx","user_info_UID_i2KXTMg5g6nhAOgWQwo1itlwHnQz","user_info_UID_jLKtbrB1V1dRD1QHAhwevYxVnHta","user_info_UID_7BEJWP7AxUUljdrjgyhwOyciCmBk","user_info_UID_AgHySDtRKqqo3wYuiOqwfpTQjKfk","user_info_UID_JAKoivK8LhMRNZ4hWIk6YFGXKa9u","user_info_UID_NNikwAIyX4nVsg5ShvytR5T73XAZ"]
24-07-12.20:32:50.242 [scheduling-1    ] INFO  GetNewData             - 网站数据:0.8,已经达到用户设置的阈值下限:3,向 UID_7BEJWP7AxUUljdrjgyhwOyciCmBk 发送一次邮件
24-07-12.20:32:52.978 [scheduling-1    ] INFO  GetNewData             - 定时任务扫描的keys:["user_info_UID_YRaZptE7mQpwqkV5XIr1hucsQ2Tx","user_info_UID_i2KXTMg5g6nhAOgWQwo1itlwHnQz","user_info_UID_jLKtbrB1V1dRD1QHAhwevYxVnHta","user_info_UID_7BEJWP7AxUUljdrjgyhwOyciCmBk","user_info_UID_AgHySDtRKqqo3wYuiOqwfpTQjKfk","user_info_UID_JAKoivK8LhMRNZ4hWIk6YFGXKa9u","user_info_UID_NNikwAIyX4nVsg5ShvytR5T73XAZ"]
24-07-12.20:32:55.898 [scheduling-1    ] INFO  GetNewData             - 定时任务扫描的keys:["user_info_UID_YRaZptE7mQpwqkV5XIr1hucsQ2Tx","user_info_UID_i2KXTMg5g6nhAOgWQwo1itlwHnQz","user_info_UID_jLKtbrB1V1dRD1QHAhwevYxVnHta","user_info_UID_7BEJWP7AxUUljdrjgyhwOyciCmBk","user_info_UID_AgHySDtRKqqo3wYuiOqwfpTQjKfk","user_info_UID_JAKoivK8LhMRNZ4hWIk6YFGXKa9u","user_info_UID_NNikwAIyX4nVsg5ShvytR5T73XAZ"]
24-07-12.20:32:58.791 [scheduling-1    ] INFO  GetNewData             - 定时任务扫描的keys:["user_info_UID_YRaZptE7mQpwqkV5XIr1hucsQ2Tx","user_info_UID_i2KXTMg5g6nhAOgWQwo1itlwHnQz","user_info_UID_jLKtbrB1V1dRD1QHAhwevYxVnHta","user_info_UID_7BEJWP7AxUUljdrjgyhwOyciCmBk","user_info_UID_AgHySDtRKqqo3wYuiOqwfpTQjKfk","user_info_UID_JAKoivK8LhMRNZ4hWIk6YFGXKa9u","user_info_UID_NNikwAIyX4nVsg5ShvytR5T73XAZ"]
24-07-12.20:32:59.199 [scheduling-1    ] INFO  GetNewData             - 网站数据:2.5,已经达到用户设置的阈值下限:3,向 UID_jLKtbrB1V1dRD1QHAhwevYxVnHta 发送一次邮件
24-07-12.20:32:59.835 [scheduling-1    ] INFO  GetNewData             - 网站数据:2.5,已经达到用户设置的阈值上限:1,向 UID_7BEJWP7AxUUljdrjgyhwOyciCmBk 发送一次邮件
24-07-12.20:33:01.808 [scheduling-1    ] INFO  GetNewData             - 定时任务扫描的keys:["user_info_UID_YRaZptE7mQpwqkV5XIr1hucsQ2Tx","user_info_UID_i2KXTMg5g6nhAOgWQwo1itlwHnQz","user_info_UID_jLKtbrB1V1dRD1QHAhwevYxVnHta","user_info_UID_7BEJWP7AxUUljdrjgyhwOyciCmBk","user_info_UID_AgHySDtRKqqo3wYuiOqwfpTQjKfk","user_info_UID_JAKoivK8LhMRNZ4hWIk6YFGXKa9u","user_info_UID_NNikwAIyX4nVsg5ShvytR5T73XAZ"]
24-07-12.20:33:04.877 [scheduling-1    ] INFO  GetNewData             - 定时任务扫描的keys:["user_info_UID_YRaZptE7mQpwqkV5XIr1hucsQ2Tx","user_info_UID_i2KXTMg5g6nhAOgWQwo1itlwHnQz","user_info_UID_jLKtbrB1V1dRD1QHAhwevYxVnHta","user_info_UID_7BEJWP7AxUUljdrjgyhwOyciCmBk","user_info_UID_AgHySDtRKqqo3wYuiOqwfpTQjKfk","user_info_UID_JAKoivK8LhMRNZ4hWIk6YFGXKa9u","user_info_UID_NNikwAIyX4nVsg5ShvytR5T73XAZ"]
24-07-12.20:33:07.893 [scheduling-1    ] INFO  GetNewData             - 定时任务扫描的keys:["user_info_UID_YRaZptE7mQpwqkV5XIr1hucsQ2Tx","user_info_UID_i2KXTMg5g6nhAOgWQwo1itlwHnQz","user_info_UID_jLKtbrB1V1dRD1QHAhwevYxVnHta","user_info_UID_7BEJWP7AxUUljdrjgyhwOyciCmBk","user_info_UID_AgHySDtRKqqo3wYuiOqwfpTQjKfk","user_info_UID_JAKoivK8LhMRNZ4hWIk6YFGXKa9u","user_info_UID_NNikwAIyX4nVsg5ShvytR5T73XAZ"]
24-07-12.20:33:10.848 [scheduling-1    ] INFO  GetNewData             - 定时任务扫描的keys:["user_info_UID_YRaZptE7mQpwqkV5XIr1hucsQ2Tx","user_info_UID_i2KXTMg5g6nhAOgWQwo1itlwHnQz","user_info_UID_jLKtbrB1V1dRD1QHAhwevYxVnHta","user_info_UID_7BEJWP7AxUUljdrjgyhwOyciCmBk","user_info_UID_AgHySDtRKqqo3wYuiOqwfpTQjKfk","user_info_UID_JAKoivK8LhMRNZ4hWIk6YFGXKa9u","user_info_UID_NNikwAIyX4nVsg5ShvytR5T73XAZ"]
24-07-12.20:33:13.896 [scheduling-1    ] INFO  GetNewData             - 定时任务扫描的keys:["user_info_UID_YRaZptE7mQpwqkV5XIr1hucsQ2Tx","user_info_UID_i2KXTMg5g6nhAOgWQwo1itlwHnQz","user_info_UID_jLKtbrB1V1dRD1QHAhwevYxVnHta","user_info_UID_7BEJWP7AxUUljdrjgyhwOyciCmBk","user_info_UID_AgHySDtRKqqo3wYuiOqwfpTQjKfk","user_info_UID_JAKoivK8LhMRNZ4hWIk6YFGXKa9u","user_info_UID_NNikwAIyX4nVsg5ShvytR5T73XAZ"]
24-07-12.20:33:16.986 [scheduling-1    ] INFO  GetNewData             - 定时任务扫描的keys:["user_info_UID_YRaZptE7mQpwqkV5XIr1hucsQ2Tx","user_info_UID_i2KXTMg5g6nhAOgWQwo1itlwHnQz","user_info_UID_jLKtbrB1V1dRD1QHAhwevYxVnHta","user_info_UID_7BEJWP7AxUUljdrjgyhwOyciCmBk","user_info_UID_AgHySDtRKqqo3wYuiOqwfpTQjKfk","user_info_UID_JAKoivK8LhMRNZ4hWIk6YFGXKa9u","user_info_UID_NNikwAIyX4nVsg5ShvytR5T73XAZ"]
24-07-12.20:33:19.899 [scheduling-1    ] INFO  GetNewData             - 定时任务扫描的keys:["user_info_UID_YRaZptE7mQpwqkV5XIr1hucsQ2Tx","user_info_UID_i2KXTMg5g6nhAOgWQwo1itlwHnQz","user_info_UID_jLKtbrB1V1dRD1QHAhwevYxVnHta","user_info_UID_7BEJWP7AxUUljdrjgyhwOyciCmBk","user_info_UID_AgHySDtRKqqo3wYuiOqwfpTQjKfk","user_info_UID_JAKoivK8LhMRNZ4hWIk6YFGXKa9u","user_info_UID_NNikwAIyX4nVsg5ShvytR5T73XAZ"]
24-07-12.20:33:20.313 [scheduling-1    ] INFO  GetNewData             - 网站数据:2.57,已经达到用户设置的阈值上限:1,向 UID_jLKtbrB1V1dRD1QHAhwevYxVnHta 发送一次邮件
24-07-12.20:33:22.873 [scheduling-1    ] INFO  GetNewData             - 定时任务扫描的keys:["user_info_UID_YRaZptE7mQpwqkV5XIr1hucsQ2Tx","user_info_UID_i2KXTMg5g6nhAOgWQwo1itlwHnQz","user_info_UID_jLKtbrB1V1dRD1QHAhwevYxVnHta","user_info_UID_7BEJWP7AxUUljdrjgyhwOyciCmBk","user_info_UID_AgHySDtRKqqo3wYuiOqwfpTQjKfk","user_info_UID_JAKoivK8LhMRNZ4hWIk6YFGXKa9u","user_info_UID_NNikwAIyX4nVsg5ShvytR5T73XAZ"]
24-07-12.20:33:25.907 [scheduling-1    ] INFO  GetNewData             - 定时任务扫描的keys:["user_info_UID_YRaZptE7mQpwqkV5XIr1hucsQ2Tx","user_info_UID_i2KXTMg5g6nhAOgWQwo1itlwHnQz","user_info_UID_jLKtbrB1V1dRD1QHAhwevYxVnHta","user_info_UID_7BEJWP7AxUUljdrjgyhwOyciCmBk","user_info_UID_AgHySDtRKqqo3wYuiOqwfpTQjKfk","user_info_UID_JAKoivK8LhMRNZ4hWIk6YFGXKa9u","user_info_UID_NNikwAIyX4nVsg5ShvytR5T73XAZ"]
24-07-12.20:33:28.781 [scheduling-1    ] INFO  GetNewData             - 定时任务扫描的keys:["user_info_UID_YRaZptE7mQpwqkV5XIr1hucsQ2Tx","user_info_UID_i2KXTMg5g6nhAOgWQwo1itlwHnQz","user_info_UID_jLKtbrB1V1dRD1QHAhwevYxVnHta","user_info_UID_7BEJWP7AxUUljdrjgyhwOyciCmBk","user_info_UID_AgHySDtRKqqo3wYuiOqwfpTQjKfk","user_info_UID_JAKoivK8LhMRNZ4hWIk6YFGXKa9u","user_info_UID_NNikwAIyX4nVsg5ShvytR5T73XAZ"]
24-07-12.20:33:29.599 [SpringApplicationShutdownHook] INFO  HikariDataSource       - HikariPool-1 - Shutdown initiated...
24-07-12.20:33:29.609 [SpringApplicationShutdownHook] INFO  HikariDataSource       - HikariPool-1 - Shutdown completed.
24-07-12.20:33:39.278 [restartedMain   ] INFO  App                    - Starting App using Java 1.8.0_292 on LAPTOP-E3F5BO7F with PID 27160 (G:\project\springboot2\rs\target\classes started by ASUS in G:\project\springboot2\rs)
24-07-12.20:33:39.279 [restartedMain   ] INFO  App                    - The following 1 profile is active: "pro"
24-07-12.20:33:39.395 [restartedMain   ] INFO  DevToolsPropertyDefaultsPostProcessor - Devtools property defaults active! Set 'spring.devtools.add-properties' to 'false' to disable
24-07-12.20:33:39.396 [restartedMain   ] INFO  DevToolsPropertyDefaultsPostProcessor - For additional web related logging consider setting the 'logging.level.web' property to 'DEBUG'
24-07-12.20:33:40.245 [restartedMain   ] INFO  RepositoryConfigurationDelegate - Multiple Spring Data modules found, entering strict repository configuration mode
24-07-12.20:33:40.248 [restartedMain   ] INFO  RepositoryConfigurationDelegate - Bootstrapping Spring Data Redis repositories in DEFAULT mode.
24-07-12.20:33:40.275 [restartedMain   ] INFO  RepositoryConfigurationDelegate - Finished Spring Data repository scanning in 10 ms. Found 0 Redis repository interfaces.
24-07-12.20:33:41.034 [restartedMain   ] INFO  TomcatWebServer        - Tomcat initialized with port(s): 8082 (http)
24-07-12.20:33:41.046 [restartedMain   ] INFO  Http11NioProtocol      - Initializing ProtocolHandler ["http-nio-8082"]
24-07-12.20:33:41.047 [restartedMain   ] INFO  StandardService        - Starting service [Tomcat]
24-07-12.20:33:41.047 [restartedMain   ] INFO  StandardEngine         - Starting Servlet engine: [Apache Tomcat/9.0.65]
24-07-12.20:33:41.149 [restartedMain   ] INFO  [/]                    - Initializing Spring embedded WebApplicationContext
24-07-12.20:33:41.149 [restartedMain   ] INFO  ServletWebServerApplicationContext - Root WebApplicationContext: initialization completed in 1753 ms
24-07-12.20:33:43.247 [restartedMain   ] INFO  OptionalLiveReloadServer - LiveReload server is running on port 35729
24-07-12.20:33:43.268 [restartedMain   ] INFO  Http11NioProtocol      - Starting ProtocolHandler ["http-nio-8082"]
24-07-12.20:33:43.291 [restartedMain   ] INFO  TomcatWebServer        - Tomcat started on port(s): 8082 (http) with context path ''
24-07-12.20:33:43.308 [restartedMain   ] INFO  App                    - Started App in 4.958 seconds (JVM running for 6.533)
24-07-12.20:33:53.048 [scheduling-1    ] INFO  GetNewData             - 网站数据:0.81,已经达到用户设置的阈值下限:3,向 UID_7BEJWP7AxUUljdrjgyhwOyciCmBk 发送一次邮件
24-07-12.20:34:01.905 [scheduling-1    ] INFO  GetNewData             - 网站数据:0.81,已经达到用户设置的阈值下限:3,向 UID_jLKtbrB1V1dRD1QHAhwevYxVnHta 发送一次邮件
24-07-12.20:34:14.380 [scheduling-1    ] INFO  GetNewData             - 网站数据:2.55,已经达到用户设置的阈值上限:1,向 UID_7BEJWP7AxUUljdrjgyhwOyciCmBk 发送一次邮件
24-07-12.20:34:32.256 [scheduling-1    ] INFO  GetNewData             - 网站数据:2.54,已经达到用户设置的阈值上限:1,向 UID_jLKtbrB1V1dRD1QHAhwevYxVnHta 发送一次邮件
24-07-12.20:34:56.091 [scheduling-1    ] INFO  GetNewData             - 网站数据:0.82,已经达到用户设置的阈值下限:3,向 UID_7BEJWP7AxUUljdrjgyhwOyciCmBk 发送一次邮件
24-07-12.20:35:04.820 [scheduling-1    ] INFO  GetNewData             - 网站数据:0.9,已经达到用户设置的阈值下限:3,向 UID_jLKtbrB1V1dRD1QHAhwevYxVnHta 发送一次邮件
24-07-12.20:35:06.681 [http-nio-8082-exec-2] INFO  [/]                    - Initializing Spring DispatcherServlet 'dispatcherServlet'
24-07-12.20:35:06.683 [http-nio-8082-exec-2] INFO  DispatcherServlet      - Initializing Servlet 'dispatcherServlet'
24-07-12.20:35:06.686 [http-nio-8082-exec-2] INFO  DispatcherServlet      - Completed initialization in 2 ms
24-07-12.20:35:06.853 [http-nio-8082-exec-2] INFO  HikariDataSource       - HikariPool-1 - Starting...
24-07-12.20:35:07.823 [http-nio-8082-exec-2] INFO  HikariDataSource       - HikariPool-1 - Start completed.
24-07-12.20:35:08.261 [http-nio-8082-exec-2] INFO  UserServiceImpl        - 登录入参:UID_jLKtbrB1V1dRD1QHAhwevYxVnHta
24-07-12.20:35:08.845 [http-nio-8082-exec-2] INFO  UserServiceImpl        - 登录返参:{"enddate":"2024-08-15","max":"6","min":"0.09","startdate":"2024-07-11","uuid":"UID_jLKtbrB1V1dRD1QHAhwevYxVnHta"}
24-07-12.20:35:08.846 [http-nio-8082-exec-2] INFO  AdminController        - 后台管理端编辑客户:{"max":"6","min":"0.09","uuid":"UID_jLKtbrB1V1dRD1QHAhwevYxVnHta"}
24-07-12.20:35:11.313 [http-nio-8082-exec-1] INFO  UserServiceImpl        - 登录入参:UID_jLKtbrB1V1dRD1QHAhwevYxVnHta
24-07-12.20:35:11.522 [http-nio-8082-exec-1] INFO  UserServiceImpl        - 登录返参:{"enddate":"2024-08-15","max":"6","min":"0.09","startdate":"2024-07-11","uuid":"UID_jLKtbrB1V1dRD1QHAhwevYxVnHta"}
24-07-12.20:35:11.522 [http-nio-8082-exec-1] INFO  AdminController        - 后台管理端编辑客户:{"max":"6","min":"0.09","uuid":"UID_jLKtbrB1V1dRD1QHAhwevYxVnHta"}
24-07-12.20:35:11.733 [http-nio-8082-exec-4] INFO  AdminController        - 后台管理端查询客户:{"page":0,"size":8}
24-07-12.20:35:14.619 [http-nio-8082-exec-5] INFO  AdminController        - 后台管理端查询客户:{"page":0,"size":8}
24-07-12.20:35:26.117 [scheduling-1    ] INFO  GetNewData             - 网站数据:2.54,已经达到用户设置的阈值上限:1,向 UID_7BEJWP7AxUUljdrjgyhwOyciCmBk 发送一次邮件
24-07-12.20:35:59.298 [scheduling-1    ] INFO  GetNewData             - 网站数据:2.54,已经达到用户设置的阈值下限:3,向 UID_7BEJWP7AxUUljdrjgyhwOyciCmBk 发送一次邮件
24-07-12.20:36:34.245 [scheduling-1    ] INFO  GetNewData             - 网站数据:2.54,已经达到用户设置的阈值上限:1,向 UID_7BEJWP7AxUUljdrjgyhwOyciCmBk 发送一次邮件
24-07-12.20:37:04.219 [scheduling-1    ] INFO  GetNewData             - 网站数据:0.83,已经达到用户设置的阈值下限:3,向 UID_7BEJWP7AxUUljdrjgyhwOyciCmBk 发送一次邮件
24-07-12.20:37:43.364 [scheduling-1    ] INFO  GetNewData             - 网站数据:2.5,已经达到用户设置的阈值上限:1,向 UID_7BEJWP7AxUUljdrjgyhwOyciCmBk 发送一次邮件
24-07-12.20:38:07.369 [scheduling-1    ] INFO  GetNewData             - 网站数据:0.85,已经达到用户设置的阈值下限:3,向 UID_7BEJWP7AxUUljdrjgyhwOyciCmBk 发送一次邮件
24-07-12.20:38:49.258 [scheduling-1    ] INFO  GetNewData             - 网站数据:2.52,已经达到用户设置的阈值上限:1,向 UID_7BEJWP7AxUUljdrjgyhwOyciCmBk 发送一次邮件
24-07-12.20:39:10.171 [scheduling-1    ] INFO  GetNewData             - 网站数据:0.86,已经达到用户设置的阈值下限:3,向 UID_7BEJWP7AxUUljdrjgyhwOyciCmBk 发送一次邮件
24-07-12.20:40:13.171 [scheduling-1    ] INFO  GetNewData             - 网站数据:0.85,已经达到用户设置的阈值下限:3,向 UID_7BEJWP7AxUUljdrjgyhwOyciCmBk 发送一次邮件
24-07-12.20:40:19.182 [scheduling-1    ] INFO  GetNewData             - 网站数据:2.0,已经达到用户设置的阈值上限:1,向 UID_7BEJWP7AxUUljdrjgyhwOyciCmBk 发送一次邮件
24-07-12.20:41:16.323 [scheduling-1    ] INFO  GetNewData             - 网站数据:2.5,已经达到用户设置的阈值下限:3,向 UID_7BEJWP7AxUUljdrjgyhwOyciCmBk 发送一次邮件
24-07-12.20:41:37.047 [scheduling-1    ] INFO  GetNewData             - 网站数据:2.49,已经达到用户设置的阈值上限:1,向 UID_7BEJWP7AxUUljdrjgyhwOyciCmBk 发送一次邮件
24-07-12.20:42:19.180 [scheduling-1    ] INFO  GetNewData             - 网站数据:2.48,已经达到用户设置的阈值下限:3,向 UID_7BEJWP7AxUUljdrjgyhwOyciCmBk 发送一次邮件
24-07-12.20:42:40.269 [scheduling-1    ] INFO  GetNewData             - 网站数据:2.47,已经达到用户设置的阈值上限:1,向 UID_7BEJWP7AxUUljdrjgyhwOyciCmBk 发送一次邮件
24-07-12.20:43:22.148 [scheduling-1    ] INFO  GetNewData             - 网站数据:0.87,已经达到用户设置的阈值下限:3,向 UID_7BEJWP7AxUUljdrjgyhwOyciCmBk 发送一次邮件
24-07-12.20:44:07.315 [scheduling-1    ] INFO  GetNewData             - 网站数据:2.5,已经达到用户设置的阈值上限:1,向 UID_7BEJWP7AxUUljdrjgyhwOyciCmBk 发送一次邮件
24-07-12.20:44:25.429 [scheduling-1    ] INFO  GetNewData             - 网站数据:2.5,已经达到用户设置的阈值下限:3,向 UID_7BEJWP7AxUUljdrjgyhwOyciCmBk 发送一次邮件
24-07-12.20:45:25.340 [scheduling-1    ] INFO  GetNewData             - 网站数据:2.5,已经达到用户设置的阈值上限:1,向 UID_7BEJWP7AxUUljdrjgyhwOyciCmBk 发送一次邮件
24-07-12.20:45:25.978 [scheduling-1    ] INFO  GetNewData             - 网站数据:2.5,已经达到用户设置的阈值下限:3,向 UID_7BEJWP7AxUUljdrjgyhwOyciCmBk 发送一次邮件
24-07-12.20:46:28.746 [scheduling-1    ] INFO  GetNewData             - 网站数据:0.91,已经达到用户设置的阈值下限:3,向 UID_7BEJWP7AxUUljdrjgyhwOyciCmBk 发送一次邮件
24-07-12.20:46:37.298 [scheduling-1    ] INFO  GetNewData             - 网站数据:2.49,已经达到用户设置的阈值上限:1,向 UID_7BEJWP7AxUUljdrjgyhwOyciCmBk 发送一次邮件
24-07-12.20:47:31.447 [scheduling-1    ] INFO  GetNewData             - 网站数据:2.5,已经达到用户设置的阈值下限:3,向 UID_7BEJWP7AxUUljdrjgyhwOyciCmBk 发送一次邮件
24-07-12.20:47:40.406 [scheduling-1    ] INFO  GetNewData             - 网站数据:2.5,已经达到用户设置的阈值上限:1,向 UID_7BEJWP7AxUUljdrjgyhwOyciCmBk 发送一次邮件
24-07-12.20:48:34.185 [scheduling-1    ] INFO  GetNewData             - 网站数据:1.0,已经达到用户设置的阈值下限:3,向 UID_7BEJWP7AxUUljdrjgyhwOyciCmBk 发送一次邮件
24-07-12.20:48:43.395 [scheduling-1    ] INFO  GetNewData             - 网站数据:1.0,已经达到用户设置的阈值上限:1,向 UID_7BEJWP7AxUUljdrjgyhwOyciCmBk 发送一次邮件
24-07-12.20:49:37.206 [scheduling-1    ] INFO  GetNewData             - 网站数据:1.15,已经达到用户设置的阈值下限:3,向 UID_7BEJWP7AxUUljdrjgyhwOyciCmBk 发送一次邮件
24-07-12.20:49:46.162 [scheduling-1    ] INFO  GetNewData             - 网站数据:1.32,已经达到用户设置的阈值上限:1,向 UID_7BEJWP7AxUUljdrjgyhwOyciCmBk 发送一次邮件
24-07-12.20:50:40.136 [scheduling-1    ] INFO  GetNewData             - 网站数据:0.9,已经达到用户设置的阈值下限:3,向 UID_7BEJWP7AxUUljdrjgyhwOyciCmBk 发送一次邮件
24-07-12.20:50:52.553 [scheduling-1    ] INFO  GetNewData             - 网站数据:3.0,已经达到用户设置的阈值上限:1,向 UID_7BEJWP7AxUUljdrjgyhwOyciCmBk 发送一次邮件
24-07-12.20:51:43.143 [scheduling-1    ] INFO  GetNewData             - 网站数据:0.9,已经达到用户设置的阈值下限:3,向 UID_7BEJWP7AxUUljdrjgyhwOyciCmBk 发送一次邮件
24-07-12.20:51:55.482 [scheduling-1    ] INFO  GetNewData             - 网站数据:2.69,已经达到用户设置的阈值上限:1,向 UID_7BEJWP7AxUUljdrjgyhwOyciCmBk 发送一次邮件
24-07-12.20:52:46.162 [scheduling-1    ] INFO  GetNewData             - 网站数据:0.91,已经达到用户设置的阈值下限:3,向 UID_7BEJWP7AxUUljdrjgyhwOyciCmBk 发送一次邮件
24-07-12.20:52:58.251 [scheduling-1    ] INFO  GetNewData             - 网站数据:2.45,已经达到用户设置的阈值上限:1,向 UID_7BEJWP7AxUUljdrjgyhwOyciCmBk 发送一次邮件
24-07-12.20:53:49.091 [scheduling-1    ] INFO  GetNewData             - 网站数据:0.9,已经达到用户设置的阈值下限:3,向 UID_7BEJWP7AxUUljdrjgyhwOyciCmBk 发送一次邮件
24-07-12.20:54:01.176 [scheduling-1    ] INFO  GetNewData             - 网站数据:1.56,已经达到用户设置的阈值上限:1,向 UID_7BEJWP7AxUUljdrjgyhwOyciCmBk 发送一次邮件
24-07-12.20:54:52.096 [scheduling-1    ] INFO  GetNewData             - 网站数据:0.98,已经达到用户设置的阈值下限:3,向 UID_7BEJWP7AxUUljdrjgyhwOyciCmBk 发送一次邮件
24-07-12.20:55:04.302 [scheduling-1    ] INFO  GetNewData             - 网站数据:1.58,已经达到用户设置的阈值上限:1,向 UID_7BEJWP7AxUUljdrjgyhwOyciCmBk 发送一次邮件
24-07-12.20:55:55.532 [scheduling-1    ] INFO  GetNewData             - 网站数据:1.58,已经达到用户设置的阈值下限:3,向 UID_7BEJWP7AxUUljdrjgyhwOyciCmBk 发送一次邮件
24-07-12.20:56:22.357 [scheduling-1    ] INFO  GetNewData             - 网站数据:1.58,已经达到用户设置的阈值上限:1,向 UID_7BEJWP7AxUUljdrjgyhwOyciCmBk 发送一次邮件
24-07-12.20:56:58.654 [scheduling-1    ] INFO  GetNewData             - 网站数据:0.99,已经达到用户设置的阈值下限:3,向 UID_7BEJWP7AxUUljdrjgyhwOyciCmBk 发送一次邮件
24-07-12.20:57:40.164 [scheduling-1    ] INFO  GetNewData             - 网站数据:1.58,已经达到用户设置的阈值上限:1,向 UID_7BEJWP7AxUUljdrjgyhwOyciCmBk 发送一次邮件
24-07-12.20:58:01.145 [scheduling-1    ] INFO  GetNewData             - 网站数据:0.91,已经达到用户设置的阈值下限:3,向 UID_7BEJWP7AxUUljdrjgyhwOyciCmBk 发送一次邮件
24-07-12.20:58:43.181 [scheduling-1    ] INFO  GetNewData             - 网站数据:1.5,已经达到用户设置的阈值上限:1,向 UID_7BEJWP7AxUUljdrjgyhwOyciCmBk 发送一次邮件
24-07-12.20:59:04.236 [scheduling-1    ] INFO  GetNewData             - 网站数据:1.5,已经达到用户设置的阈值下限:3,向 UID_7BEJWP7AxUUljdrjgyhwOyciCmBk 发送一次邮件
24-07-12.20:59:46.136 [scheduling-1    ] INFO  GetNewData             - 网站数据:1.01,已经达到用户设置的阈值上限:1,向 UID_7BEJWP7AxUUljdrjgyhwOyciCmBk 发送一次邮件
24-07-12.21:00:07.257 [scheduling-1    ] INFO  GetNewData             - 网站数据:1.01,已经达到用户设置的阈值下限:3,向 UID_7BEJWP7AxUUljdrjgyhwOyciCmBk 发送一次邮件
24-07-12.21:00:49.097 [scheduling-1    ] INFO  GetNewData             - 网站数据:1.02,已经达到用户设置的阈值上限:1,向 UID_7BEJWP7AxUUljdrjgyhwOyciCmBk 发送一次邮件
24-07-12.21:01:10.279 [scheduling-1    ] INFO  GetNewData             - 网站数据:1.49,已经达到用户设置的阈值下限:3,向 UID_7BEJWP7AxUUljdrjgyhwOyciCmBk 发送一次邮件
24-07-12.21:01:52.084 [scheduling-1    ] INFO  GetNewData             - 网站数据:1.49,已经达到用户设置的阈值上限:1,向 UID_7BEJWP7AxUUljdrjgyhwOyciCmBk 发送一次邮件
24-07-12.21:02:13.209 [scheduling-1    ] INFO  GetNewData             - 网站数据:1.03,已经达到用户设置的阈值下限:3,向 UID_7BEJWP7AxUUljdrjgyhwOyciCmBk 发送一次邮件
24-07-12.21:02:55.168 [scheduling-1    ] INFO  GetNewData             - 网站数据:1.03,已经达到用户设置的阈值上限:1,向 UID_7BEJWP7AxUUljdrjgyhwOyciCmBk 发送一次邮件
24-07-12.21:03:16.290 [scheduling-1    ] INFO  GetNewData             - 网站数据:1.03,已经达到用户设置的阈值下限:3,向 UID_7BEJWP7AxUUljdrjgyhwOyciCmBk 发送一次邮件
24-07-12.21:03:58.179 [scheduling-1    ] INFO  GetNewData             - 网站数据:1.03,已经达到用户设置的阈值上限:1,向 UID_7BEJWP7AxUUljdrjgyhwOyciCmBk 发送一次邮件
24-07-12.21:04:19.235 [scheduling-1    ] INFO  GetNewData             - 网站数据:1.04,已经达到用户设置的阈值下限:3,向 UID_7BEJWP7AxUUljdrjgyhwOyciCmBk 发送一次邮件
24-07-12.21:05:01.207 [scheduling-1    ] INFO  GetNewData             - 网站数据:1.04,已经达到用户设置的阈值上限:1,向 UID_7BEJWP7AxUUljdrjgyhwOyciCmBk 发送一次邮件
24-07-12.21:05:22.244 [scheduling-1    ] INFO  GetNewData             - 网站数据:1.47,已经达到用户设置的阈值下限:3,向 UID_7BEJWP7AxUUljdrjgyhwOyciCmBk 发送一次邮件
24-07-12.21:06:04.093 [scheduling-1    ] INFO  GetNewData             - 网站数据:1.0,已经达到用户设置的阈值上限:1,向 UID_7BEJWP7AxUUljdrjgyhwOyciCmBk 发送一次邮件
24-07-12.21:06:25.119 [scheduling-1    ] INFO  GetNewData             - 网站数据:1.46,已经达到用户设置的阈值下限:3,向 UID_7BEJWP7AxUUljdrjgyhwOyciCmBk 发送一次邮件
24-07-12.21:07:07.242 [scheduling-1    ] INFO  GetNewData             - 网站数据:1.01,已经达到用户设置的阈值上限:1,向 UID_7BEJWP7AxUUljdrjgyhwOyciCmBk 发送一次邮件
24-07-12.21:07:28.541 [scheduling-1    ] INFO  GetNewData             - 网站数据:1.01,已经达到用户设置的阈值下限:3,向 UID_7BEJWP7AxUUljdrjgyhwOyciCmBk 发送一次邮件
24-07-12.21:08:10.175 [scheduling-1    ] INFO  GetNewData             - 网站数据:1.01,已经达到用户设置的阈值上限:1,向 UID_7BEJWP7AxUUljdrjgyhwOyciCmBk 发送一次邮件
24-07-12.21:08:31.472 [scheduling-1    ] INFO  GetNewData             - 网站数据:1.0,已经达到用户设置的阈值下限:3,向 UID_7BEJWP7AxUUljdrjgyhwOyciCmBk 发送一次邮件
24-07-12.21:09:13.265 [scheduling-1    ] INFO  GetNewData             - 网站数据:1.0,已经达到用户设置的阈值上限:1,向 UID_7BEJWP7AxUUljdrjgyhwOyciCmBk 发送一次邮件
24-07-12.21:09:34.250 [scheduling-1    ] INFO  GetNewData             - 网站数据:1.45,已经达到用户设置的阈值下限:3,向 UID_7BEJWP7AxUUljdrjgyhwOyciCmBk 发送一次邮件
24-07-12.21:10:16.521 [scheduling-1    ] INFO  GetNewData             - 网站数据:1.4,已经达到用户设置的阈值上限:1,向 UID_7BEJWP7AxUUljdrjgyhwOyciCmBk 发送一次邮件
24-07-12.21:10:24.262 [http-nio-8082-exec-8] INFO  AdminController        - 后台管理端查询客户:{"page":0,"size":8}
24-07-12.21:10:37.238 [scheduling-1    ] INFO  GetNewData             - 网站数据:1.01,已经达到用户设置的阈值下限:3,向 UID_7BEJWP7AxUUljdrjgyhwOyciCmBk 发送一次邮件
24-07-12.21:10:41.801 [http-nio-8082-exec-10] INFO  UserServiceImpl        - 登录入参:UID_7BEJWP7AxUUljdrjgyhwOyciCmBk
24-07-12.21:10:42.006 [http-nio-8082-exec-10] INFO  UserServiceImpl        - 登录返参:{"enddate":"2024-10-25","max":"2.5","min":"0.6","startdate":"2024-07-11","uuid":"UID_7BEJWP7AxUUljdrjgyhwOyciCmBk"}
24-07-12.21:10:42.006 [http-nio-8082-exec-10] INFO  AdminController        - 后台管理端编辑客户:{"max":"2.5","min":"0.6","uuid":"UID_7BEJWP7AxUUljdrjgyhwOyciCmBk"}
24-07-12.21:10:42.180 [http-nio-8082-exec-2] INFO  AdminController        - 后台管理端查询客户:{"page":0,"size":8}
24-07-12.21:10:45.050 [http-nio-8082-exec-3] INFO  AdminController        - 后台管理端查询客户:{"page":0,"size":8}
